[2025-04-16 10:11:33] local.ERROR: Attempt to read property "id" on null {"view":{"view":"C:\\Users\\stefanopoulos\\Desktop\\e-forms\\resources\\views\\microapps\\actions\\index.blade.php","data":{"errors":"<pre class=sf-dump id=sf-dump-1013260304 data-indent-pad=\"  \"><span class=sf-dump-note>Illuminate\\Support\\ViewErrorBag</span> {<a class=sf-dump-ref>#1728</a><samp data-depth=1 class=sf-dump-expanded>
  #<span class=sf-dump-protected title=\"Protected property\">bags</span>: []
</samp>}
</pre><script>Sfdump(\"sf-dump-1013260304\", {\"maxDepth\":3,\"maxStringLength\":160})</script>
"}},"userId":3,"exception":"[object] (Spatie\\LaravelIgnition\\Exceptions\\ViewException(code: 0): Attempt to read property \"id\" on null at C:\\Users\\stefanopoulos\\Desktop\\e-forms\\resources\\views\\microapps\\actions\\index.blade.php:23)
[stacktrace]
#0 C:\\Users\\stefanopoulos\\Desktop\\e-forms\\vendor\\laravel\\framework\\src\\Illuminate\\Foundation\\Bootstrap\\HandleExceptions.php(254): Illuminate\\Foundation\\Bootstrap\\HandleExceptions->handleError(2, 'Attempt to read...', 'C:\\\\Users\\\\stefan...', 33)
#1 C:\\Users\\stefanopoulos\\Desktop\\e-forms\\resources\\views\\microapps\\actions\\index.blade.php(23): Illuminate\\Foundation\\Bootstrap\\HandleExceptions->Illuminate\\Foundation\\Bootstrap\\{closure}(2, 'Attempt to read...', 'C:\\\\Users\\\\stefan...', 33)
#2 C:\\Users\\stefanopoulos\\Desktop\\e-forms\\vendor\\laravel\\framework\\src\\Illuminate\\Filesystem\\Filesystem.php(124): require('C:\\\\Users\\\\stefan...')
#3 C:\\Users\\stefanopoulos\\Desktop\\e-forms\\vendor\\laravel\\framework\\src\\Illuminate\\Filesystem\\Filesystem.php(125): Illuminate\\Filesystem\\Filesystem::Illuminate\\Filesystem\\{closure}()
#4 C:\\Users\\stefanopoulos\\Desktop\\e-forms\\vendor\\laravel\\framework\\src\\Illuminate\\View\\Engines\\PhpEngine.php(58): Illuminate\\Filesystem\\Filesystem->getRequire('C:\\\\Users\\\\stefan...', Array)
#5 C:\\Users\\stefanopoulos\\Desktop\\e-forms\\vendor\\laravel\\framework\\src\\Illuminate\\View\\Engines\\CompilerEngine.php(70): Illuminate\\View\\Engines\\PhpEngine->evaluatePath('C:\\\\Users\\\\stefan...', Array)
#6 C:\\Users\\stefanopoulos\\Desktop\\e-forms\\vendor\\laravel\\framework\\src\\Illuminate\\View\\View.php(195): Illuminate\\View\\Engines\\CompilerEngine->get('C:\\\\Users\\\\stefan...', Array)
#7 C:\\Users\\stefanopoulos\\Desktop\\e-forms\\vendor\\laravel\\framework\\src\\Illuminate\\View\\View.php(178): Illuminate\\View\\View->getContents()
#8 C:\\Users\\stefanopoulos\\Desktop\\e-forms\\vendor\\laravel\\framework\\src\\Illuminate\\View\\View.php(147): Illuminate\\View\\View->renderContents()
#9 C:\\Users\\stefanopoulos\\Desktop\\e-forms\\vendor\\laravel\\framework\\src\\Illuminate\\Http\\Response.php(69): Illuminate\\View\\View->render()
#10 C:\\Users\\stefanopoulos\\Desktop\\e-forms\\vendor\\laravel\\framework\\src\\Illuminate\\Http\\Response.php(35): Illuminate\\Http\\Response->setContent(Object(Illuminate\\View\\View))
#11 C:\\Users\\stefanopoulos\\Desktop\\e-forms\\vendor\\laravel\\framework\\src\\Illuminate\\Routing\\Router.php(906): Illuminate\\Http\\Response->__construct(Object(Illuminate\\View\\View), 200, Array)
#12 C:\\Users\\stefanopoulos\\Desktop\\e-forms\\vendor\\laravel\\framework\\src\\Illuminate\\Routing\\Router.php(875): Illuminate\\Routing\\Router::toResponse(Object(Illuminate\\Http\\Request), Object(Illuminate\\View\\View))
#13 C:\\Users\\stefanopoulos\\Desktop\\e-forms\\vendor\\laravel\\framework\\src\\Illuminate\\Routing\\Router.php(797): Illuminate\\Routing\\Router->prepareResponse(Object(Illuminate\\Http\\Request), Object(Illuminate\\View\\View))
#14 C:\\Users\\stefanopoulos\\Desktop\\e-forms\\vendor\\laravel\\framework\\src\\Illuminate\\Pipeline\\Pipeline.php(141): Illuminate\\Routing\\Router->Illuminate\\Routing\\{closure}(Object(Illuminate\\Http\\Request))
#15 C:\\Users\\stefanopoulos\\Desktop\\e-forms\\vendor\\laravel\\framework\\src\\Illuminate\\Routing\\Middleware\\SubstituteBindings.php(50): Illuminate\\Pipeline\\Pipeline->Illuminate\\Pipeline\\{closure}(Object(Illuminate\\Http\\Request))
#16 C:\\Users\\stefanopoulos\\Desktop\\e-forms\\vendor\\laravel\\framework\\src\\Illuminate\\Pipeline\\Pipeline.php(180): Illuminate\\Routing\\Middleware\\SubstituteBindings->handle(Object(Illuminate\\Http\\Request), Object(Closure))
#17 C:\\Users\\stefanopoulos\\Desktop\\e-forms\\vendor\\laravel\\framework\\src\\Illuminate\\Foundation\\Http\\Middleware\\VerifyCsrfToken.php(78): Illuminate\\Pipeline\\Pipeline->Illuminate\\Pipeline\\{closure}(Object(Illuminate\\Http\\Request))
#18 C:\\Users\\stefanopoulos\\Desktop\\e-forms\\vendor\\laravel\\framework\\src\\Illuminate\\Pipeline\\Pipeline.php(180): Illuminate\\Foundation\\Http\\Middleware\\VerifyCsrfToken->handle(Object(Illuminate\\Http\\Request), Object(Closure))
#19 C:\\Users\\stefanopoulos\\Desktop\\e-forms\\vendor\\laravel\\framework\\src\\Illuminate\\View\\Middleware\\ShareErrorsFromSession.php(49): Illuminate\\Pipeline\\Pipeline->Illuminate\\Pipeline\\{closure}(Object(Illuminate\\Http\\Request))
#20 C:\\Users\\stefanopoulos\\Desktop\\e-forms\\vendor\\laravel\\framework\\src\\Illuminate\\Pipeline\\Pipeline.php(180): Illuminate\\View\\Middleware\\ShareErrorsFromSession->handle(Object(Illuminate\\Http\\Request), Object(Closure))
#21 C:\\Users\\stefanopoulos\\Desktop\\e-forms\\vendor\\laravel\\framework\\src\\Illuminate\\Session\\Middleware\\StartSession.php(121): Illuminate\\Pipeline\\Pipeline->Illuminate\\Pipeline\\{closure}(Object(Illuminate\\Http\\Request))
#22 C:\\Users\\stefanopoulos\\Desktop\\e-forms\\vendor\\laravel\\framework\\src\\Illuminate\\Session\\Middleware\\StartSession.php(64): Illuminate\\Session\\Middleware\\StartSession->handleStatefulRequest(Object(Illuminate\\Http\\Request), Object(Illuminate\\Session\\Store), Object(Closure))
#23 C:\\Users\\stefanopoulos\\Desktop\\e-forms\\vendor\\laravel\\framework\\src\\Illuminate\\Pipeline\\Pipeline.php(180): Illuminate\\Session\\Middleware\\StartSession->handle(Object(Illuminate\\Http\\Request), Object(Closure))
#24 C:\\Users\\stefanopoulos\\Desktop\\e-forms\\vendor\\laravel\\framework\\src\\Illuminate\\Cookie\\Middleware\\AddQueuedCookiesToResponse.php(37): Illuminate\\Pipeline\\Pipeline->Illuminate\\Pipeline\\{closure}(Object(Illuminate\\Http\\Request))
#25 C:\\Users\\stefanopoulos\\Desktop\\e-forms\\vendor\\laravel\\framework\\src\\Illuminate\\Pipeline\\Pipeline.php(180): Illuminate\\Cookie\\Middleware\\AddQueuedCookiesToResponse->handle(Object(Illuminate\\Http\\Request), Object(Closure))
#26 C:\\Users\\stefanopoulos\\Desktop\\e-forms\\vendor\\laravel\\framework\\src\\Illuminate\\Cookie\\Middleware\\EncryptCookies.php(67): Illuminate\\Pipeline\\Pipeline->Illuminate\\Pipeline\\{closure}(Object(Illuminate\\Http\\Request))
#27 C:\\Users\\stefanopoulos\\Desktop\\e-forms\\vendor\\laravel\\framework\\src\\Illuminate\\Pipeline\\Pipeline.php(180): Illuminate\\Cookie\\Middleware\\EncryptCookies->handle(Object(Illuminate\\Http\\Request), Object(Closure))
#28 C:\\Users\\stefanopoulos\\Desktop\\e-forms\\vendor\\laravel\\framework\\src\\Illuminate\\Pipeline\\Pipeline.php(116): Illuminate\\Pipeline\\Pipeline->Illuminate\\Pipeline\\{closure}(Object(Illuminate\\Http\\Request))
#29 C:\\Users\\stefanopoulos\\Desktop\\e-forms\\vendor\\laravel\\framework\\src\\Illuminate\\Routing\\Router.php(797): Illuminate\\Pipeline\\Pipeline->then(Object(Closure))
#30 C:\\Users\\stefanopoulos\\Desktop\\e-forms\\vendor\\laravel\\framework\\src\\Illuminate\\Routing\\Router.php(776): Illuminate\\Routing\\Router->runRouteWithinStack(Object(Illuminate\\Routing\\Route), Object(Illuminate\\Http\\Request))
#31 C:\\Users\\stefanopoulos\\Desktop\\e-forms\\vendor\\laravel\\framework\\src\\Illuminate\\Routing\\Router.php(740): Illuminate\\Routing\\Router->runRoute(Object(Illuminate\\Http\\Request), Object(Illuminate\\Routing\\Route))
#32 C:\\Users\\stefanopoulos\\Desktop\\e-forms\\vendor\\laravel\\framework\\src\\Illuminate\\Routing\\Router.php(729): Illuminate\\Routing\\Router->dispatchToRoute(Object(Illuminate\\Http\\Request))
#33 C:\\Users\\stefanopoulos\\Desktop\\e-forms\\vendor\\laravel\\framework\\src\\Illuminate\\Foundation\\Http\\Kernel.php(200): Illuminate\\Routing\\Router->dispatch(Object(Illuminate\\Http\\Request))
#34 C:\\Users\\stefanopoulos\\Desktop\\e-forms\\vendor\\laravel\\framework\\src\\Illuminate\\Pipeline\\Pipeline.php(141): Illuminate\\Foundation\\Http\\Kernel->Illuminate\\Foundation\\Http\\{closure}(Object(Illuminate\\Http\\Request))
#35 C:\\Users\\stefanopoulos\\Desktop\\e-forms\\vendor\\laravel\\framework\\src\\Illuminate\\Foundation\\Http\\Middleware\\TransformsRequest.php(21): Illuminate\\Pipeline\\Pipeline->Illuminate\\Pipeline\\{closure}(Object(Illuminate\\Http\\Request))
#36 C:\\Users\\stefanopoulos\\Desktop\\e-forms\\vendor\\laravel\\framework\\src\\Illuminate\\Foundation\\Http\\Middleware\\ConvertEmptyStringsToNull.php(31): Illuminate\\Foundation\\Http\\Middleware\\TransformsRequest->handle(Object(Illuminate\\Http\\Request), Object(Closure))
#37 C:\\Users\\stefanopoulos\\Desktop\\e-forms\\vendor\\laravel\\framework\\src\\Illuminate\\Pipeline\\Pipeline.php(180): Illuminate\\Foundation\\Http\\Middleware\\ConvertEmptyStringsToNull->handle(Object(Illuminate\\Http\\Request), Object(Closure))
#38 C:\\Users\\stefanopoulos\\Desktop\\e-forms\\vendor\\laravel\\framework\\src\\Illuminate\\Foundation\\Http\\Middleware\\TransformsRequest.php(21): Illuminate\\Pipeline\\Pipeline->Illuminate\\Pipeline\\{closure}(Object(Illuminate\\Http\\Request))
#39 C:\\Users\\stefanopoulos\\Desktop\\e-forms\\vendor\\laravel\\framework\\src\\Illuminate\\Foundation\\Http\\Middleware\\TrimStrings.php(40): Illuminate\\Foundation\\Http\\Middleware\\TransformsRequest->handle(Object(Illuminate\\Http\\Request), Object(Closure))
#40 C:\\Users\\stefanopoulos\\Desktop\\e-forms\\vendor\\laravel\\framework\\src\\Illuminate\\Pipeline\\Pipeline.php(180): Illuminate\\Foundation\\Http\\Middleware\\TrimStrings->handle(Object(Illuminate\\Http\\Request), Object(Closure))
#41 C:\\Users\\stefanopoulos\\Desktop\\e-forms\\vendor\\laravel\\framework\\src\\Illuminate\\Foundation\\Http\\Middleware\\ValidatePostSize.php(27): Illuminate\\Pipeline\\Pipeline->Illuminate\\Pipeline\\{closure}(Object(Illuminate\\Http\\Request))
#42 C:\\Users\\stefanopoulos\\Desktop\\e-forms\\vendor\\laravel\\framework\\src\\Illuminate\\Pipeline\\Pipeline.php(180): Illuminate\\Foundation\\Http\\Middleware\\ValidatePostSize->handle(Object(Illuminate\\Http\\Request), Object(Closure))
#43 C:\\Users\\stefanopoulos\\Desktop\\e-forms\\vendor\\laravel\\framework\\src\\Illuminate\\Foundation\\Http\\Middleware\\PreventRequestsDuringMaintenance.php(86): Illuminate\\Pipeline\\Pipeline->Illuminate\\Pipeline\\{closure}(Object(Illuminate\\Http\\Request))
#44 C:\\Users\\stefanopoulos\\Desktop\\e-forms\\vendor\\laravel\\framework\\src\\Illuminate\\Pipeline\\Pipeline.php(180): Illuminate\\Foundation\\Http\\Middleware\\PreventRequestsDuringMaintenance->handle(Object(Illuminate\\Http\\Request), Object(Closure))
#45 C:\\Users\\stefanopoulos\\Desktop\\e-forms\\vendor\\laravel\\framework\\src\\Illuminate\\Http\\Middleware\\HandleCors.php(49): Illuminate\\Pipeline\\Pipeline->Illuminate\\Pipeline\\{closure}(Object(Illuminate\\Http\\Request))
#46 C:\\Users\\stefanopoulos\\Desktop\\e-forms\\vendor\\laravel\\framework\\src\\Illuminate\\Pipeline\\Pipeline.php(180): Illuminate\\Http\\Middleware\\HandleCors->handle(Object(Illuminate\\Http\\Request), Object(Closure))
#47 C:\\Users\\stefanopoulos\\Desktop\\e-forms\\vendor\\laravel\\framework\\src\\Illuminate\\Http\\Middleware\\TrustProxies.php(39): Illuminate\\Pipeline\\Pipeline->Illuminate\\Pipeline\\{closure}(Object(Illuminate\\Http\\Request))
#48 C:\\Users\\stefanopoulos\\Desktop\\e-forms\\vendor\\laravel\\framework\\src\\Illuminate\\Pipeline\\Pipeline.php(180): Illuminate\\Http\\Middleware\\TrustProxies->handle(Object(Illuminate\\Http\\Request), Object(Closure))
#49 C:\\Users\\stefanopoulos\\Desktop\\e-forms\\vendor\\laravel\\framework\\src\\Illuminate\\Pipeline\\Pipeline.php(116): Illuminate\\Pipeline\\Pipeline->Illuminate\\Pipeline\\{closure}(Object(Illuminate\\Http\\Request))
#50 C:\\Users\\stefanopoulos\\Desktop\\e-forms\\vendor\\laravel\\framework\\src\\Illuminate\\Foundation\\Http\\Kernel.php(175): Illuminate\\Pipeline\\Pipeline->then(Object(Closure))
#51 C:\\Users\\stefanopoulos\\Desktop\\e-forms\\vendor\\laravel\\framework\\src\\Illuminate\\Foundation\\Http\\Kernel.php(144): Illuminate\\Foundation\\Http\\Kernel->sendRequestThroughRouter(Object(Illuminate\\Http\\Request))
#52 C:\\Users\\stefanopoulos\\Desktop\\e-forms\\public\\index.php(51): Illuminate\\Foundation\\Http\\Kernel->handle(Object(Illuminate\\Http\\Request))
#53 C:\\Users\\stefanopoulos\\Desktop\\e-forms\\vendor\\laravel\\framework\\src\\Illuminate\\Foundation\\resources\\server.php(16): require_once('C:\\\\Users\\\\stefan...')
#54 {main}

[previous exception] [object] (ErrorException(code: 0): Attempt to read property \"id\" on null at C:\\Users\\stefanopoulos\\Desktop\\e-forms\\storage\\framework\\views\\ffdc0d37aeca36b4a6052b8932fca95e.php:33)
[stacktrace]
#0 C:\\Users\\stefanopoulos\\Desktop\\e-forms\\vendor\\laravel\\framework\\src\\Illuminate\\Foundation\\Bootstrap\\HandleExceptions.php(254): Illuminate\\Foundation\\Bootstrap\\HandleExceptions->handleError(2, 'Attempt to read...', 'C:\\\\Users\\\\stefan...', 33)
#1 C:\\Users\\stefanopoulos\\Desktop\\e-forms\\storage\\framework\\views\\ffdc0d37aeca36b4a6052b8932fca95e.php(33): Illuminate\\Foundation\\Bootstrap\\HandleExceptions->Illuminate\\Foundation\\Bootstrap\\{closure}(2, 'Attempt to read...', 'C:\\\\Users\\\\stefan...', 33)
#2 C:\\Users\\stefanopoulos\\Desktop\\e-forms\\vendor\\laravel\\framework\\src\\Illuminate\\Filesystem\\Filesystem.php(124): require('C:\\\\Users\\\\stefan...')
#3 C:\\Users\\stefanopoulos\\Desktop\\e-forms\\vendor\\laravel\\framework\\src\\Illuminate\\Filesystem\\Filesystem.php(125): Illuminate\\Filesystem\\Filesystem::Illuminate\\Filesystem\\{closure}()
#4 C:\\Users\\stefanopoulos\\Desktop\\e-forms\\vendor\\laravel\\framework\\src\\Illuminate\\View\\Engines\\PhpEngine.php(58): Illuminate\\Filesystem\\Filesystem->getRequire('C:\\\\Users\\\\stefan...', Array)
#5 C:\\Users\\stefanopoulos\\Desktop\\e-forms\\vendor\\laravel\\framework\\src\\Illuminate\\View\\Engines\\CompilerEngine.php(70): Illuminate\\View\\Engines\\PhpEngine->evaluatePath('C:\\\\Users\\\\stefan...', Array)
#6 C:\\Users\\stefanopoulos\\Desktop\\e-forms\\vendor\\laravel\\framework\\src\\Illuminate\\View\\View.php(195): Illuminate\\View\\Engines\\CompilerEngine->get('C:\\\\Users\\\\stefan...', Array)
#7 C:\\Users\\stefanopoulos\\Desktop\\e-forms\\vendor\\laravel\\framework\\src\\Illuminate\\View\\View.php(178): Illuminate\\View\\View->getContents()
#8 C:\\Users\\stefanopoulos\\Desktop\\e-forms\\vendor\\laravel\\framework\\src\\Illuminate\\View\\View.php(147): Illuminate\\View\\View->renderContents()
#9 C:\\Users\\stefanopoulos\\Desktop\\e-forms\\vendor\\laravel\\framework\\src\\Illuminate\\Http\\Response.php(69): Illuminate\\View\\View->render()
#10 C:\\Users\\stefanopoulos\\Desktop\\e-forms\\vendor\\laravel\\framework\\src\\Illuminate\\Http\\Response.php(35): Illuminate\\Http\\Response->setContent(Object(Illuminate\\View\\View))
#11 C:\\Users\\stefanopoulos\\Desktop\\e-forms\\vendor\\laravel\\framework\\src\\Illuminate\\Routing\\Router.php(906): Illuminate\\Http\\Response->__construct(Object(Illuminate\\View\\View), 200, Array)
#12 C:\\Users\\stefanopoulos\\Desktop\\e-forms\\vendor\\laravel\\framework\\src\\Illuminate\\Routing\\Router.php(875): Illuminate\\Routing\\Router::toResponse(Object(Illuminate\\Http\\Request), Object(Illuminate\\View\\View))
#13 C:\\Users\\stefanopoulos\\Desktop\\e-forms\\vendor\\laravel\\framework\\src\\Illuminate\\Routing\\Router.php(797): Illuminate\\Routing\\Router->prepareResponse(Object(Illuminate\\Http\\Request), Object(Illuminate\\View\\View))
#14 C:\\Users\\stefanopoulos\\Desktop\\e-forms\\vendor\\laravel\\framework\\src\\Illuminate\\Pipeline\\Pipeline.php(141): Illuminate\\Routing\\Router->Illuminate\\Routing\\{closure}(Object(Illuminate\\Http\\Request))
#15 C:\\Users\\stefanopoulos\\Desktop\\e-forms\\vendor\\laravel\\framework\\src\\Illuminate\\Routing\\Middleware\\SubstituteBindings.php(50): Illuminate\\Pipeline\\Pipeline->Illuminate\\Pipeline\\{closure}(Object(Illuminate\\Http\\Request))
#16 C:\\Users\\stefanopoulos\\Desktop\\e-forms\\vendor\\laravel\\framework\\src\\Illuminate\\Pipeline\\Pipeline.php(180): Illuminate\\Routing\\Middleware\\SubstituteBindings->handle(Object(Illuminate\\Http\\Request), Object(Closure))
#17 C:\\Users\\stefanopoulos\\Desktop\\e-forms\\vendor\\laravel\\framework\\src\\Illuminate\\Foundation\\Http\\Middleware\\VerifyCsrfToken.php(78): Illuminate\\Pipeline\\Pipeline->Illuminate\\Pipeline\\{closure}(Object(Illuminate\\Http\\Request))
#18 C:\\Users\\stefanopoulos\\Desktop\\e-forms\\vendor\\laravel\\framework\\src\\Illuminate\\Pipeline\\Pipeline.php(180): Illuminate\\Foundation\\Http\\Middleware\\VerifyCsrfToken->handle(Object(Illuminate\\Http\\Request), Object(Closure))
#19 C:\\Users\\stefanopoulos\\Desktop\\e-forms\\vendor\\laravel\\framework\\src\\Illuminate\\View\\Middleware\\ShareErrorsFromSession.php(49): Illuminate\\Pipeline\\Pipeline->Illuminate\\Pipeline\\{closure}(Object(Illuminate\\Http\\Request))
#20 C:\\Users\\stefanopoulos\\Desktop\\e-forms\\vendor\\laravel\\framework\\src\\Illuminate\\Pipeline\\Pipeline.php(180): Illuminate\\View\\Middleware\\ShareErrorsFromSession->handle(Object(Illuminate\\Http\\Request), Object(Closure))
#21 C:\\Users\\stefanopoulos\\Desktop\\e-forms\\vendor\\laravel\\framework\\src\\Illuminate\\Session\\Middleware\\StartSession.php(121): Illuminate\\Pipeline\\Pipeline->Illuminate\\Pipeline\\{closure}(Object(Illuminate\\Http\\Request))
#22 C:\\Users\\stefanopoulos\\Desktop\\e-forms\\vendor\\laravel\\framework\\src\\Illuminate\\Session\\Middleware\\StartSession.php(64): Illuminate\\Session\\Middleware\\StartSession->handleStatefulRequest(Object(Illuminate\\Http\\Request), Object(Illuminate\\Session\\Store), Object(Closure))
#23 C:\\Users\\stefanopoulos\\Desktop\\e-forms\\vendor\\laravel\\framework\\src\\Illuminate\\Pipeline\\Pipeline.php(180): Illuminate\\Session\\Middleware\\StartSession->handle(Object(Illuminate\\Http\\Request), Object(Closure))
#24 C:\\Users\\stefanopoulos\\Desktop\\e-forms\\vendor\\laravel\\framework\\src\\Illuminate\\Cookie\\Middleware\\AddQueuedCookiesToResponse.php(37): Illuminate\\Pipeline\\Pipeline->Illuminate\\Pipeline\\{closure}(Object(Illuminate\\Http\\Request))
#25 C:\\Users\\stefanopoulos\\Desktop\\e-forms\\vendor\\laravel\\framework\\src\\Illuminate\\Pipeline\\Pipeline.php(180): Illuminate\\Cookie\\Middleware\\AddQueuedCookiesToResponse->handle(Object(Illuminate\\Http\\Request), Object(Closure))
#26 C:\\Users\\stefanopoulos\\Desktop\\e-forms\\vendor\\laravel\\framework\\src\\Illuminate\\Cookie\\Middleware\\EncryptCookies.php(67): Illuminate\\Pipeline\\Pipeline->Illuminate\\Pipeline\\{closure}(Object(Illuminate\\Http\\Request))
#27 C:\\Users\\stefanopoulos\\Desktop\\e-forms\\vendor\\laravel\\framework\\src\\Illuminate\\Pipeline\\Pipeline.php(180): Illuminate\\Cookie\\Middleware\\EncryptCookies->handle(Object(Illuminate\\Http\\Request), Object(Closure))
#28 C:\\Users\\stefanopoulos\\Desktop\\e-forms\\vendor\\laravel\\framework\\src\\Illuminate\\Pipeline\\Pipeline.php(116): Illuminate\\Pipeline\\Pipeline->Illuminate\\Pipeline\\{closure}(Object(Illuminate\\Http\\Request))
#29 C:\\Users\\stefanopoulos\\Desktop\\e-forms\\vendor\\laravel\\framework\\src\\Illuminate\\Routing\\Router.php(797): Illuminate\\Pipeline\\Pipeline->then(Object(Closure))
#30 C:\\Users\\stefanopoulos\\Desktop\\e-forms\\vendor\\laravel\\framework\\src\\Illuminate\\Routing\\Router.php(776): Illuminate\\Routing\\Router->runRouteWithinStack(Object(Illuminate\\Routing\\Route), Object(Illuminate\\Http\\Request))
#31 C:\\Users\\stefanopoulos\\Desktop\\e-forms\\vendor\\laravel\\framework\\src\\Illuminate\\Routing\\Router.php(740): Illuminate\\Routing\\Router->runRoute(Object(Illuminate\\Http\\Request), Object(Illuminate\\Routing\\Route))
#32 C:\\Users\\stefanopoulos\\Desktop\\e-forms\\vendor\\laravel\\framework\\src\\Illuminate\\Routing\\Router.php(729): Illuminate\\Routing\\Router->dispatchToRoute(Object(Illuminate\\Http\\Request))
#33 C:\\Users\\stefanopoulos\\Desktop\\e-forms\\vendor\\laravel\\framework\\src\\Illuminate\\Foundation\\Http\\Kernel.php(200): Illuminate\\Routing\\Router->dispatch(Object(Illuminate\\Http\\Request))
#34 C:\\Users\\stefanopoulos\\Desktop\\e-forms\\vendor\\laravel\\framework\\src\\Illuminate\\Pipeline\\Pipeline.php(141): Illuminate\\Foundation\\Http\\Kernel->Illuminate\\Foundation\\Http\\{closure}(Object(Illuminate\\Http\\Request))
#35 C:\\Users\\stefanopoulos\\Desktop\\e-forms\\vendor\\laravel\\framework\\src\\Illuminate\\Foundation\\Http\\Middleware\\TransformsRequest.php(21): Illuminate\\Pipeline\\Pipeline->Illuminate\\Pipeline\\{closure}(Object(Illuminate\\Http\\Request))
#36 C:\\Users\\stefanopoulos\\Desktop\\e-forms\\vendor\\laravel\\framework\\src\\Illuminate\\Foundation\\Http\\Middleware\\ConvertEmptyStringsToNull.php(31): Illuminate\\Foundation\\Http\\Middleware\\TransformsRequest->handle(Object(Illuminate\\Http\\Request), Object(Closure))
#37 C:\\Users\\stefanopoulos\\Desktop\\e-forms\\vendor\\laravel\\framework\\src\\Illuminate\\Pipeline\\Pipeline.php(180): Illuminate\\Foundation\\Http\\Middleware\\ConvertEmptyStringsToNull->handle(Object(Illuminate\\Http\\Request), Object(Closure))
#38 C:\\Users\\stefanopoulos\\Desktop\\e-forms\\vendor\\laravel\\framework\\src\\Illuminate\\Foundation\\Http\\Middleware\\TransformsRequest.php(21): Illuminate\\Pipeline\\Pipeline->Illuminate\\Pipeline\\{closure}(Object(Illuminate\\Http\\Request))
#39 C:\\Users\\stefanopoulos\\Desktop\\e-forms\\vendor\\laravel\\framework\\src\\Illuminate\\Foundation\\Http\\Middleware\\TrimStrings.php(40): Illuminate\\Foundation\\Http\\Middleware\\TransformsRequest->handle(Object(Illuminate\\Http\\Request), Object(Closure))
#40 C:\\Users\\stefanopoulos\\Desktop\\e-forms\\vendor\\laravel\\framework\\src\\Illuminate\\Pipeline\\Pipeline.php(180): Illuminate\\Foundation\\Http\\Middleware\\TrimStrings->handle(Object(Illuminate\\Http\\Request), Object(Closure))
#41 C:\\Users\\stefanopoulos\\Desktop\\e-forms\\vendor\\laravel\\framework\\src\\Illuminate\\Foundation\\Http\\Middleware\\ValidatePostSize.php(27): Illuminate\\Pipeline\\Pipeline->Illuminate\\Pipeline\\{closure}(Object(Illuminate\\Http\\Request))
#42 C:\\Users\\stefanopoulos\\Desktop\\e-forms\\vendor\\laravel\\framework\\src\\Illuminate\\Pipeline\\Pipeline.php(180): Illuminate\\Foundation\\Http\\Middleware\\ValidatePostSize->handle(Object(Illuminate\\Http\\Request), Object(Closure))
#43 C:\\Users\\stefanopoulos\\Desktop\\e-forms\\vendor\\laravel\\framework\\src\\Illuminate\\Foundation\\Http\\Middleware\\PreventRequestsDuringMaintenance.php(86): Illuminate\\Pipeline\\Pipeline->Illuminate\\Pipeline\\{closure}(Object(Illuminate\\Http\\Request))
#44 C:\\Users\\stefanopoulos\\Desktop\\e-forms\\vendor\\laravel\\framework\\src\\Illuminate\\Pipeline\\Pipeline.php(180): Illuminate\\Foundation\\Http\\Middleware\\PreventRequestsDuringMaintenance->handle(Object(Illuminate\\Http\\Request), Object(Closure))
#45 C:\\Users\\stefanopoulos\\Desktop\\e-forms\\vendor\\laravel\\framework\\src\\Illuminate\\Http\\Middleware\\HandleCors.php(49): Illuminate\\Pipeline\\Pipeline->Illuminate\\Pipeline\\{closure}(Object(Illuminate\\Http\\Request))
#46 C:\\Users\\stefanopoulos\\Desktop\\e-forms\\vendor\\laravel\\framework\\src\\Illuminate\\Pipeline\\Pipeline.php(180): Illuminate\\Http\\Middleware\\HandleCors->handle(Object(Illuminate\\Http\\Request), Object(Closure))
#47 C:\\Users\\stefanopoulos\\Desktop\\e-forms\\vendor\\laravel\\framework\\src\\Illuminate\\Http\\Middleware\\TrustProxies.php(39): Illuminate\\Pipeline\\Pipeline->Illuminate\\Pipeline\\{closure}(Object(Illuminate\\Http\\Request))
#48 C:\\Users\\stefanopoulos\\Desktop\\e-forms\\vendor\\laravel\\framework\\src\\Illuminate\\Pipeline\\Pipeline.php(180): Illuminate\\Http\\Middleware\\TrustProxies->handle(Object(Illuminate\\Http\\Request), Object(Closure))
#49 C:\\Users\\stefanopoulos\\Desktop\\e-forms\\vendor\\laravel\\framework\\src\\Illuminate\\Pipeline\\Pipeline.php(116): Illuminate\\Pipeline\\Pipeline->Illuminate\\Pipeline\\{closure}(Object(Illuminate\\Http\\Request))
#50 C:\\Users\\stefanopoulos\\Desktop\\e-forms\\vendor\\laravel\\framework\\src\\Illuminate\\Foundation\\Http\\Kernel.php(175): Illuminate\\Pipeline\\Pipeline->then(Object(Closure))
#51 C:\\Users\\stefanopoulos\\Desktop\\e-forms\\vendor\\laravel\\framework\\src\\Illuminate\\Foundation\\Http\\Kernel.php(144): Illuminate\\Foundation\\Http\\Kernel->sendRequestThroughRouter(Object(Illuminate\\Http\\Request))
#52 C:\\Users\\stefanopoulos\\Desktop\\e-forms\\public\\index.php(51): Illuminate\\Foundation\\Http\\Kernel->handle(Object(Illuminate\\Http\\Request))
#53 C:\\Users\\stefanopoulos\\Desktop\\e-forms\\vendor\\laravel\\framework\\src\\Illuminate\\Foundation\\resources\\server.php(16): require_once('C:\\\\Users\\\\stefan...')
#54 {main}
"} 
[2025-04-16 10:15:31] local.ERROR: Attempt to read property "id" on null {"view":{"view":"C:\\Users\\stefanopoulos\\Desktop\\e-forms\\resources\\views\\microapps\\actions\\index.blade.php","data":{"errors":"<pre class=sf-dump id=sf-dump-1876695096 data-indent-pad=\"  \"><span class=sf-dump-note>Illuminate\\Support\\ViewErrorBag</span> {<a class=sf-dump-ref>#1728</a><samp data-depth=1 class=sf-dump-expanded>
  #<span class=sf-dump-protected title=\"Protected property\">bags</span>: []
</samp>}
</pre><script>Sfdump(\"sf-dump-1876695096\", {\"maxDepth\":3,\"maxStringLength\":160})</script>
"}},"userId":3,"exception":"[object] (Spatie\\LaravelIgnition\\Exceptions\\ViewException(code: 0): Attempt to read property \"id\" on null at C:\\Users\\stefanopoulos\\Desktop\\e-forms\\resources\\views\\microapps\\actions\\index.blade.php:23)
[stacktrace]
#0 C:\\Users\\stefanopoulos\\Desktop\\e-forms\\vendor\\laravel\\framework\\src\\Illuminate\\Foundation\\Bootstrap\\HandleExceptions.php(254): Illuminate\\Foundation\\Bootstrap\\HandleExceptions->handleError(2, 'Attempt to read...', 'C:\\\\Users\\\\stefan...', 33)
#1 C:\\Users\\stefanopoulos\\Desktop\\e-forms\\resources\\views\\microapps\\actions\\index.blade.php(23): Illuminate\\Foundation\\Bootstrap\\HandleExceptions->Illuminate\\Foundation\\Bootstrap\\{closure}(2, 'Attempt to read...', 'C:\\\\Users\\\\stefan...', 33)
#2 C:\\Users\\stefanopoulos\\Desktop\\e-forms\\vendor\\laravel\\framework\\src\\Illuminate\\Filesystem\\Filesystem.php(124): require('C:\\\\Users\\\\stefan...')
#3 C:\\Users\\stefanopoulos\\Desktop\\e-forms\\vendor\\laravel\\framework\\src\\Illuminate\\Filesystem\\Filesystem.php(125): Illuminate\\Filesystem\\Filesystem::Illuminate\\Filesystem\\{closure}()
#4 C:\\Users\\stefanopoulos\\Desktop\\e-forms\\vendor\\laravel\\framework\\src\\Illuminate\\View\\Engines\\PhpEngine.php(58): Illuminate\\Filesystem\\Filesystem->getRequire('C:\\\\Users\\\\stefan...', Array)
#5 C:\\Users\\stefanopoulos\\Desktop\\e-forms\\vendor\\laravel\\framework\\src\\Illuminate\\View\\Engines\\CompilerEngine.php(70): Illuminate\\View\\Engines\\PhpEngine->evaluatePath('C:\\\\Users\\\\stefan...', Array)
#6 C:\\Users\\stefanopoulos\\Desktop\\e-forms\\vendor\\laravel\\framework\\src\\Illuminate\\View\\View.php(195): Illuminate\\View\\Engines\\CompilerEngine->get('C:\\\\Users\\\\stefan...', Array)
#7 C:\\Users\\stefanopoulos\\Desktop\\e-forms\\vendor\\laravel\\framework\\src\\Illuminate\\View\\View.php(178): Illuminate\\View\\View->getContents()
#8 C:\\Users\\stefanopoulos\\Desktop\\e-forms\\vendor\\laravel\\framework\\src\\Illuminate\\View\\View.php(147): Illuminate\\View\\View->renderContents()
#9 C:\\Users\\stefanopoulos\\Desktop\\e-forms\\vendor\\laravel\\framework\\src\\Illuminate\\Http\\Response.php(69): Illuminate\\View\\View->render()
#10 C:\\Users\\stefanopoulos\\Desktop\\e-forms\\vendor\\laravel\\framework\\src\\Illuminate\\Http\\Response.php(35): Illuminate\\Http\\Response->setContent(Object(Illuminate\\View\\View))
#11 C:\\Users\\stefanopoulos\\Desktop\\e-forms\\vendor\\laravel\\framework\\src\\Illuminate\\Routing\\Router.php(906): Illuminate\\Http\\Response->__construct(Object(Illuminate\\View\\View), 200, Array)
#12 C:\\Users\\stefanopoulos\\Desktop\\e-forms\\vendor\\laravel\\framework\\src\\Illuminate\\Routing\\Router.php(875): Illuminate\\Routing\\Router::toResponse(Object(Illuminate\\Http\\Request), Object(Illuminate\\View\\View))
#13 C:\\Users\\stefanopoulos\\Desktop\\e-forms\\vendor\\laravel\\framework\\src\\Illuminate\\Routing\\Router.php(797): Illuminate\\Routing\\Router->prepareResponse(Object(Illuminate\\Http\\Request), Object(Illuminate\\View\\View))
#14 C:\\Users\\stefanopoulos\\Desktop\\e-forms\\vendor\\laravel\\framework\\src\\Illuminate\\Pipeline\\Pipeline.php(141): Illuminate\\Routing\\Router->Illuminate\\Routing\\{closure}(Object(Illuminate\\Http\\Request))
#15 C:\\Users\\stefanopoulos\\Desktop\\e-forms\\vendor\\laravel\\framework\\src\\Illuminate\\Routing\\Middleware\\SubstituteBindings.php(50): Illuminate\\Pipeline\\Pipeline->Illuminate\\Pipeline\\{closure}(Object(Illuminate\\Http\\Request))
#16 C:\\Users\\stefanopoulos\\Desktop\\e-forms\\vendor\\laravel\\framework\\src\\Illuminate\\Pipeline\\Pipeline.php(180): Illuminate\\Routing\\Middleware\\SubstituteBindings->handle(Object(Illuminate\\Http\\Request), Object(Closure))
#17 C:\\Users\\stefanopoulos\\Desktop\\e-forms\\vendor\\laravel\\framework\\src\\Illuminate\\Foundation\\Http\\Middleware\\VerifyCsrfToken.php(78): Illuminate\\Pipeline\\Pipeline->Illuminate\\Pipeline\\{closure}(Object(Illuminate\\Http\\Request))
#18 C:\\Users\\stefanopoulos\\Desktop\\e-forms\\vendor\\laravel\\framework\\src\\Illuminate\\Pipeline\\Pipeline.php(180): Illuminate\\Foundation\\Http\\Middleware\\VerifyCsrfToken->handle(Object(Illuminate\\Http\\Request), Object(Closure))
#19 C:\\Users\\stefanopoulos\\Desktop\\e-forms\\vendor\\laravel\\framework\\src\\Illuminate\\View\\Middleware\\ShareErrorsFromSession.php(49): Illuminate\\Pipeline\\Pipeline->Illuminate\\Pipeline\\{closure}(Object(Illuminate\\Http\\Request))
#20 C:\\Users\\stefanopoulos\\Desktop\\e-forms\\vendor\\laravel\\framework\\src\\Illuminate\\Pipeline\\Pipeline.php(180): Illuminate\\View\\Middleware\\ShareErrorsFromSession->handle(Object(Illuminate\\Http\\Request), Object(Closure))
#21 C:\\Users\\stefanopoulos\\Desktop\\e-forms\\vendor\\laravel\\framework\\src\\Illuminate\\Session\\Middleware\\StartSession.php(121): Illuminate\\Pipeline\\Pipeline->Illuminate\\Pipeline\\{closure}(Object(Illuminate\\Http\\Request))
#22 C:\\Users\\stefanopoulos\\Desktop\\e-forms\\vendor\\laravel\\framework\\src\\Illuminate\\Session\\Middleware\\StartSession.php(64): Illuminate\\Session\\Middleware\\StartSession->handleStatefulRequest(Object(Illuminate\\Http\\Request), Object(Illuminate\\Session\\Store), Object(Closure))
#23 C:\\Users\\stefanopoulos\\Desktop\\e-forms\\vendor\\laravel\\framework\\src\\Illuminate\\Pipeline\\Pipeline.php(180): Illuminate\\Session\\Middleware\\StartSession->handle(Object(Illuminate\\Http\\Request), Object(Closure))
#24 C:\\Users\\stefanopoulos\\Desktop\\e-forms\\vendor\\laravel\\framework\\src\\Illuminate\\Cookie\\Middleware\\AddQueuedCookiesToResponse.php(37): Illuminate\\Pipeline\\Pipeline->Illuminate\\Pipeline\\{closure}(Object(Illuminate\\Http\\Request))
#25 C:\\Users\\stefanopoulos\\Desktop\\e-forms\\vendor\\laravel\\framework\\src\\Illuminate\\Pipeline\\Pipeline.php(180): Illuminate\\Cookie\\Middleware\\AddQueuedCookiesToResponse->handle(Object(Illuminate\\Http\\Request), Object(Closure))
#26 C:\\Users\\stefanopoulos\\Desktop\\e-forms\\vendor\\laravel\\framework\\src\\Illuminate\\Cookie\\Middleware\\EncryptCookies.php(67): Illuminate\\Pipeline\\Pipeline->Illuminate\\Pipeline\\{closure}(Object(Illuminate\\Http\\Request))
#27 C:\\Users\\stefanopoulos\\Desktop\\e-forms\\vendor\\laravel\\framework\\src\\Illuminate\\Pipeline\\Pipeline.php(180): Illuminate\\Cookie\\Middleware\\EncryptCookies->handle(Object(Illuminate\\Http\\Request), Object(Closure))
#28 C:\\Users\\stefanopoulos\\Desktop\\e-forms\\vendor\\laravel\\framework\\src\\Illuminate\\Pipeline\\Pipeline.php(116): Illuminate\\Pipeline\\Pipeline->Illuminate\\Pipeline\\{closure}(Object(Illuminate\\Http\\Request))
#29 C:\\Users\\stefanopoulos\\Desktop\\e-forms\\vendor\\laravel\\framework\\src\\Illuminate\\Routing\\Router.php(797): Illuminate\\Pipeline\\Pipeline->then(Object(Closure))
#30 C:\\Users\\stefanopoulos\\Desktop\\e-forms\\vendor\\laravel\\framework\\src\\Illuminate\\Routing\\Router.php(776): Illuminate\\Routing\\Router->runRouteWithinStack(Object(Illuminate\\Routing\\Route), Object(Illuminate\\Http\\Request))
#31 C:\\Users\\stefanopoulos\\Desktop\\e-forms\\vendor\\laravel\\framework\\src\\Illuminate\\Routing\\Router.php(740): Illuminate\\Routing\\Router->runRoute(Object(Illuminate\\Http\\Request), Object(Illuminate\\Routing\\Route))
#32 C:\\Users\\stefanopoulos\\Desktop\\e-forms\\vendor\\laravel\\framework\\src\\Illuminate\\Routing\\Router.php(729): Illuminate\\Routing\\Router->dispatchToRoute(Object(Illuminate\\Http\\Request))
#33 C:\\Users\\stefanopoulos\\Desktop\\e-forms\\vendor\\laravel\\framework\\src\\Illuminate\\Foundation\\Http\\Kernel.php(200): Illuminate\\Routing\\Router->dispatch(Object(Illuminate\\Http\\Request))
#34 C:\\Users\\stefanopoulos\\Desktop\\e-forms\\vendor\\laravel\\framework\\src\\Illuminate\\Pipeline\\Pipeline.php(141): Illuminate\\Foundation\\Http\\Kernel->Illuminate\\Foundation\\Http\\{closure}(Object(Illuminate\\Http\\Request))
#35 C:\\Users\\stefanopoulos\\Desktop\\e-forms\\vendor\\laravel\\framework\\src\\Illuminate\\Foundation\\Http\\Middleware\\TransformsRequest.php(21): Illuminate\\Pipeline\\Pipeline->Illuminate\\Pipeline\\{closure}(Object(Illuminate\\Http\\Request))
#36 C:\\Users\\stefanopoulos\\Desktop\\e-forms\\vendor\\laravel\\framework\\src\\Illuminate\\Foundation\\Http\\Middleware\\ConvertEmptyStringsToNull.php(31): Illuminate\\Foundation\\Http\\Middleware\\TransformsRequest->handle(Object(Illuminate\\Http\\Request), Object(Closure))
#37 C:\\Users\\stefanopoulos\\Desktop\\e-forms\\vendor\\laravel\\framework\\src\\Illuminate\\Pipeline\\Pipeline.php(180): Illuminate\\Foundation\\Http\\Middleware\\ConvertEmptyStringsToNull->handle(Object(Illuminate\\Http\\Request), Object(Closure))
#38 C:\\Users\\stefanopoulos\\Desktop\\e-forms\\vendor\\laravel\\framework\\src\\Illuminate\\Foundation\\Http\\Middleware\\TransformsRequest.php(21): Illuminate\\Pipeline\\Pipeline->Illuminate\\Pipeline\\{closure}(Object(Illuminate\\Http\\Request))
#39 C:\\Users\\stefanopoulos\\Desktop\\e-forms\\vendor\\laravel\\framework\\src\\Illuminate\\Foundation\\Http\\Middleware\\TrimStrings.php(40): Illuminate\\Foundation\\Http\\Middleware\\TransformsRequest->handle(Object(Illuminate\\Http\\Request), Object(Closure))
#40 C:\\Users\\stefanopoulos\\Desktop\\e-forms\\vendor\\laravel\\framework\\src\\Illuminate\\Pipeline\\Pipeline.php(180): Illuminate\\Foundation\\Http\\Middleware\\TrimStrings->handle(Object(Illuminate\\Http\\Request), Object(Closure))
#41 C:\\Users\\stefanopoulos\\Desktop\\e-forms\\vendor\\laravel\\framework\\src\\Illuminate\\Foundation\\Http\\Middleware\\ValidatePostSize.php(27): Illuminate\\Pipeline\\Pipeline->Illuminate\\Pipeline\\{closure}(Object(Illuminate\\Http\\Request))
#42 C:\\Users\\stefanopoulos\\Desktop\\e-forms\\vendor\\laravel\\framework\\src\\Illuminate\\Pipeline\\Pipeline.php(180): Illuminate\\Foundation\\Http\\Middleware\\ValidatePostSize->handle(Object(Illuminate\\Http\\Request), Object(Closure))
#43 C:\\Users\\stefanopoulos\\Desktop\\e-forms\\vendor\\laravel\\framework\\src\\Illuminate\\Foundation\\Http\\Middleware\\PreventRequestsDuringMaintenance.php(86): Illuminate\\Pipeline\\Pipeline->Illuminate\\Pipeline\\{closure}(Object(Illuminate\\Http\\Request))
#44 C:\\Users\\stefanopoulos\\Desktop\\e-forms\\vendor\\laravel\\framework\\src\\Illuminate\\Pipeline\\Pipeline.php(180): Illuminate\\Foundation\\Http\\Middleware\\PreventRequestsDuringMaintenance->handle(Object(Illuminate\\Http\\Request), Object(Closure))
#45 C:\\Users\\stefanopoulos\\Desktop\\e-forms\\vendor\\laravel\\framework\\src\\Illuminate\\Http\\Middleware\\HandleCors.php(49): Illuminate\\Pipeline\\Pipeline->Illuminate\\Pipeline\\{closure}(Object(Illuminate\\Http\\Request))
#46 C:\\Users\\stefanopoulos\\Desktop\\e-forms\\vendor\\laravel\\framework\\src\\Illuminate\\Pipeline\\Pipeline.php(180): Illuminate\\Http\\Middleware\\HandleCors->handle(Object(Illuminate\\Http\\Request), Object(Closure))
#47 C:\\Users\\stefanopoulos\\Desktop\\e-forms\\vendor\\laravel\\framework\\src\\Illuminate\\Http\\Middleware\\TrustProxies.php(39): Illuminate\\Pipeline\\Pipeline->Illuminate\\Pipeline\\{closure}(Object(Illuminate\\Http\\Request))
#48 C:\\Users\\stefanopoulos\\Desktop\\e-forms\\vendor\\laravel\\framework\\src\\Illuminate\\Pipeline\\Pipeline.php(180): Illuminate\\Http\\Middleware\\TrustProxies->handle(Object(Illuminate\\Http\\Request), Object(Closure))
#49 C:\\Users\\stefanopoulos\\Desktop\\e-forms\\vendor\\laravel\\framework\\src\\Illuminate\\Pipeline\\Pipeline.php(116): Illuminate\\Pipeline\\Pipeline->Illuminate\\Pipeline\\{closure}(Object(Illuminate\\Http\\Request))
#50 C:\\Users\\stefanopoulos\\Desktop\\e-forms\\vendor\\laravel\\framework\\src\\Illuminate\\Foundation\\Http\\Kernel.php(175): Illuminate\\Pipeline\\Pipeline->then(Object(Closure))
#51 C:\\Users\\stefanopoulos\\Desktop\\e-forms\\vendor\\laravel\\framework\\src\\Illuminate\\Foundation\\Http\\Kernel.php(144): Illuminate\\Foundation\\Http\\Kernel->sendRequestThroughRouter(Object(Illuminate\\Http\\Request))
#52 C:\\Users\\stefanopoulos\\Desktop\\e-forms\\public\\index.php(51): Illuminate\\Foundation\\Http\\Kernel->handle(Object(Illuminate\\Http\\Request))
#53 C:\\Users\\stefanopoulos\\Desktop\\e-forms\\vendor\\laravel\\framework\\src\\Illuminate\\Foundation\\resources\\server.php(16): require_once('C:\\\\Users\\\\stefan...')
#54 {main}

[previous exception] [object] (ErrorException(code: 0): Attempt to read property \"id\" on null at C:\\Users\\stefanopoulos\\Desktop\\e-forms\\storage\\framework\\views\\ffdc0d37aeca36b4a6052b8932fca95e.php:33)
[stacktrace]
#0 C:\\Users\\stefanopoulos\\Desktop\\e-forms\\vendor\\laravel\\framework\\src\\Illuminate\\Foundation\\Bootstrap\\HandleExceptions.php(254): Illuminate\\Foundation\\Bootstrap\\HandleExceptions->handleError(2, 'Attempt to read...', 'C:\\\\Users\\\\stefan...', 33)
#1 C:\\Users\\stefanopoulos\\Desktop\\e-forms\\storage\\framework\\views\\ffdc0d37aeca36b4a6052b8932fca95e.php(33): Illuminate\\Foundation\\Bootstrap\\HandleExceptions->Illuminate\\Foundation\\Bootstrap\\{closure}(2, 'Attempt to read...', 'C:\\\\Users\\\\stefan...', 33)
#2 C:\\Users\\stefanopoulos\\Desktop\\e-forms\\vendor\\laravel\\framework\\src\\Illuminate\\Filesystem\\Filesystem.php(124): require('C:\\\\Users\\\\stefan...')
#3 C:\\Users\\stefanopoulos\\Desktop\\e-forms\\vendor\\laravel\\framework\\src\\Illuminate\\Filesystem\\Filesystem.php(125): Illuminate\\Filesystem\\Filesystem::Illuminate\\Filesystem\\{closure}()
#4 C:\\Users\\stefanopoulos\\Desktop\\e-forms\\vendor\\laravel\\framework\\src\\Illuminate\\View\\Engines\\PhpEngine.php(58): Illuminate\\Filesystem\\Filesystem->getRequire('C:\\\\Users\\\\stefan...', Array)
#5 C:\\Users\\stefanopoulos\\Desktop\\e-forms\\vendor\\laravel\\framework\\src\\Illuminate\\View\\Engines\\CompilerEngine.php(70): Illuminate\\View\\Engines\\PhpEngine->evaluatePath('C:\\\\Users\\\\stefan...', Array)
#6 C:\\Users\\stefanopoulos\\Desktop\\e-forms\\vendor\\laravel\\framework\\src\\Illuminate\\View\\View.php(195): Illuminate\\View\\Engines\\CompilerEngine->get('C:\\\\Users\\\\stefan...', Array)
#7 C:\\Users\\stefanopoulos\\Desktop\\e-forms\\vendor\\laravel\\framework\\src\\Illuminate\\View\\View.php(178): Illuminate\\View\\View->getContents()
#8 C:\\Users\\stefanopoulos\\Desktop\\e-forms\\vendor\\laravel\\framework\\src\\Illuminate\\View\\View.php(147): Illuminate\\View\\View->renderContents()
#9 C:\\Users\\stefanopoulos\\Desktop\\e-forms\\vendor\\laravel\\framework\\src\\Illuminate\\Http\\Response.php(69): Illuminate\\View\\View->render()
#10 C:\\Users\\stefanopoulos\\Desktop\\e-forms\\vendor\\laravel\\framework\\src\\Illuminate\\Http\\Response.php(35): Illuminate\\Http\\Response->setContent(Object(Illuminate\\View\\View))
#11 C:\\Users\\stefanopoulos\\Desktop\\e-forms\\vendor\\laravel\\framework\\src\\Illuminate\\Routing\\Router.php(906): Illuminate\\Http\\Response->__construct(Object(Illuminate\\View\\View), 200, Array)
#12 C:\\Users\\stefanopoulos\\Desktop\\e-forms\\vendor\\laravel\\framework\\src\\Illuminate\\Routing\\Router.php(875): Illuminate\\Routing\\Router::toResponse(Object(Illuminate\\Http\\Request), Object(Illuminate\\View\\View))
#13 C:\\Users\\stefanopoulos\\Desktop\\e-forms\\vendor\\laravel\\framework\\src\\Illuminate\\Routing\\Router.php(797): Illuminate\\Routing\\Router->prepareResponse(Object(Illuminate\\Http\\Request), Object(Illuminate\\View\\View))
#14 C:\\Users\\stefanopoulos\\Desktop\\e-forms\\vendor\\laravel\\framework\\src\\Illuminate\\Pipeline\\Pipeline.php(141): Illuminate\\Routing\\Router->Illuminate\\Routing\\{closure}(Object(Illuminate\\Http\\Request))
#15 C:\\Users\\stefanopoulos\\Desktop\\e-forms\\vendor\\laravel\\framework\\src\\Illuminate\\Routing\\Middleware\\SubstituteBindings.php(50): Illuminate\\Pipeline\\Pipeline->Illuminate\\Pipeline\\{closure}(Object(Illuminate\\Http\\Request))
#16 C:\\Users\\stefanopoulos\\Desktop\\e-forms\\vendor\\laravel\\framework\\src\\Illuminate\\Pipeline\\Pipeline.php(180): Illuminate\\Routing\\Middleware\\SubstituteBindings->handle(Object(Illuminate\\Http\\Request), Object(Closure))
#17 C:\\Users\\stefanopoulos\\Desktop\\e-forms\\vendor\\laravel\\framework\\src\\Illuminate\\Foundation\\Http\\Middleware\\VerifyCsrfToken.php(78): Illuminate\\Pipeline\\Pipeline->Illuminate\\Pipeline\\{closure}(Object(Illuminate\\Http\\Request))
#18 C:\\Users\\stefanopoulos\\Desktop\\e-forms\\vendor\\laravel\\framework\\src\\Illuminate\\Pipeline\\Pipeline.php(180): Illuminate\\Foundation\\Http\\Middleware\\VerifyCsrfToken->handle(Object(Illuminate\\Http\\Request), Object(Closure))
#19 C:\\Users\\stefanopoulos\\Desktop\\e-forms\\vendor\\laravel\\framework\\src\\Illuminate\\View\\Middleware\\ShareErrorsFromSession.php(49): Illuminate\\Pipeline\\Pipeline->Illuminate\\Pipeline\\{closure}(Object(Illuminate\\Http\\Request))
#20 C:\\Users\\stefanopoulos\\Desktop\\e-forms\\vendor\\laravel\\framework\\src\\Illuminate\\Pipeline\\Pipeline.php(180): Illuminate\\View\\Middleware\\ShareErrorsFromSession->handle(Object(Illuminate\\Http\\Request), Object(Closure))
#21 C:\\Users\\stefanopoulos\\Desktop\\e-forms\\vendor\\laravel\\framework\\src\\Illuminate\\Session\\Middleware\\StartSession.php(121): Illuminate\\Pipeline\\Pipeline->Illuminate\\Pipeline\\{closure}(Object(Illuminate\\Http\\Request))
#22 C:\\Users\\stefanopoulos\\Desktop\\e-forms\\vendor\\laravel\\framework\\src\\Illuminate\\Session\\Middleware\\StartSession.php(64): Illuminate\\Session\\Middleware\\StartSession->handleStatefulRequest(Object(Illuminate\\Http\\Request), Object(Illuminate\\Session\\Store), Object(Closure))
#23 C:\\Users\\stefanopoulos\\Desktop\\e-forms\\vendor\\laravel\\framework\\src\\Illuminate\\Pipeline\\Pipeline.php(180): Illuminate\\Session\\Middleware\\StartSession->handle(Object(Illuminate\\Http\\Request), Object(Closure))
#24 C:\\Users\\stefanopoulos\\Desktop\\e-forms\\vendor\\laravel\\framework\\src\\Illuminate\\Cookie\\Middleware\\AddQueuedCookiesToResponse.php(37): Illuminate\\Pipeline\\Pipeline->Illuminate\\Pipeline\\{closure}(Object(Illuminate\\Http\\Request))
#25 C:\\Users\\stefanopoulos\\Desktop\\e-forms\\vendor\\laravel\\framework\\src\\Illuminate\\Pipeline\\Pipeline.php(180): Illuminate\\Cookie\\Middleware\\AddQueuedCookiesToResponse->handle(Object(Illuminate\\Http\\Request), Object(Closure))
#26 C:\\Users\\stefanopoulos\\Desktop\\e-forms\\vendor\\laravel\\framework\\src\\Illuminate\\Cookie\\Middleware\\EncryptCookies.php(67): Illuminate\\Pipeline\\Pipeline->Illuminate\\Pipeline\\{closure}(Object(Illuminate\\Http\\Request))
#27 C:\\Users\\stefanopoulos\\Desktop\\e-forms\\vendor\\laravel\\framework\\src\\Illuminate\\Pipeline\\Pipeline.php(180): Illuminate\\Cookie\\Middleware\\EncryptCookies->handle(Object(Illuminate\\Http\\Request), Object(Closure))
#28 C:\\Users\\stefanopoulos\\Desktop\\e-forms\\vendor\\laravel\\framework\\src\\Illuminate\\Pipeline\\Pipeline.php(116): Illuminate\\Pipeline\\Pipeline->Illuminate\\Pipeline\\{closure}(Object(Illuminate\\Http\\Request))
#29 C:\\Users\\stefanopoulos\\Desktop\\e-forms\\vendor\\laravel\\framework\\src\\Illuminate\\Routing\\Router.php(797): Illuminate\\Pipeline\\Pipeline->then(Object(Closure))
#30 C:\\Users\\stefanopoulos\\Desktop\\e-forms\\vendor\\laravel\\framework\\src\\Illuminate\\Routing\\Router.php(776): Illuminate\\Routing\\Router->runRouteWithinStack(Object(Illuminate\\Routing\\Route), Object(Illuminate\\Http\\Request))
#31 C:\\Users\\stefanopoulos\\Desktop\\e-forms\\vendor\\laravel\\framework\\src\\Illuminate\\Routing\\Router.php(740): Illuminate\\Routing\\Router->runRoute(Object(Illuminate\\Http\\Request), Object(Illuminate\\Routing\\Route))
#32 C:\\Users\\stefanopoulos\\Desktop\\e-forms\\vendor\\laravel\\framework\\src\\Illuminate\\Routing\\Router.php(729): Illuminate\\Routing\\Router->dispatchToRoute(Object(Illuminate\\Http\\Request))
#33 C:\\Users\\stefanopoulos\\Desktop\\e-forms\\vendor\\laravel\\framework\\src\\Illuminate\\Foundation\\Http\\Kernel.php(200): Illuminate\\Routing\\Router->dispatch(Object(Illuminate\\Http\\Request))
#34 C:\\Users\\stefanopoulos\\Desktop\\e-forms\\vendor\\laravel\\framework\\src\\Illuminate\\Pipeline\\Pipeline.php(141): Illuminate\\Foundation\\Http\\Kernel->Illuminate\\Foundation\\Http\\{closure}(Object(Illuminate\\Http\\Request))
#35 C:\\Users\\stefanopoulos\\Desktop\\e-forms\\vendor\\laravel\\framework\\src\\Illuminate\\Foundation\\Http\\Middleware\\TransformsRequest.php(21): Illuminate\\Pipeline\\Pipeline->Illuminate\\Pipeline\\{closure}(Object(Illuminate\\Http\\Request))
#36 C:\\Users\\stefanopoulos\\Desktop\\e-forms\\vendor\\laravel\\framework\\src\\Illuminate\\Foundation\\Http\\Middleware\\ConvertEmptyStringsToNull.php(31): Illuminate\\Foundation\\Http\\Middleware\\TransformsRequest->handle(Object(Illuminate\\Http\\Request), Object(Closure))
#37 C:\\Users\\stefanopoulos\\Desktop\\e-forms\\vendor\\laravel\\framework\\src\\Illuminate\\Pipeline\\Pipeline.php(180): Illuminate\\Foundation\\Http\\Middleware\\ConvertEmptyStringsToNull->handle(Object(Illuminate\\Http\\Request), Object(Closure))
#38 C:\\Users\\stefanopoulos\\Desktop\\e-forms\\vendor\\laravel\\framework\\src\\Illuminate\\Foundation\\Http\\Middleware\\TransformsRequest.php(21): Illuminate\\Pipeline\\Pipeline->Illuminate\\Pipeline\\{closure}(Object(Illuminate\\Http\\Request))
#39 C:\\Users\\stefanopoulos\\Desktop\\e-forms\\vendor\\laravel\\framework\\src\\Illuminate\\Foundation\\Http\\Middleware\\TrimStrings.php(40): Illuminate\\Foundation\\Http\\Middleware\\TransformsRequest->handle(Object(Illuminate\\Http\\Request), Object(Closure))
#40 C:\\Users\\stefanopoulos\\Desktop\\e-forms\\vendor\\laravel\\framework\\src\\Illuminate\\Pipeline\\Pipeline.php(180): Illuminate\\Foundation\\Http\\Middleware\\TrimStrings->handle(Object(Illuminate\\Http\\Request), Object(Closure))
#41 C:\\Users\\stefanopoulos\\Desktop\\e-forms\\vendor\\laravel\\framework\\src\\Illuminate\\Foundation\\Http\\Middleware\\ValidatePostSize.php(27): Illuminate\\Pipeline\\Pipeline->Illuminate\\Pipeline\\{closure}(Object(Illuminate\\Http\\Request))
#42 C:\\Users\\stefanopoulos\\Desktop\\e-forms\\vendor\\laravel\\framework\\src\\Illuminate\\Pipeline\\Pipeline.php(180): Illuminate\\Foundation\\Http\\Middleware\\ValidatePostSize->handle(Object(Illuminate\\Http\\Request), Object(Closure))
#43 C:\\Users\\stefanopoulos\\Desktop\\e-forms\\vendor\\laravel\\framework\\src\\Illuminate\\Foundation\\Http\\Middleware\\PreventRequestsDuringMaintenance.php(86): Illuminate\\Pipeline\\Pipeline->Illuminate\\Pipeline\\{closure}(Object(Illuminate\\Http\\Request))
#44 C:\\Users\\stefanopoulos\\Desktop\\e-forms\\vendor\\laravel\\framework\\src\\Illuminate\\Pipeline\\Pipeline.php(180): Illuminate\\Foundation\\Http\\Middleware\\PreventRequestsDuringMaintenance->handle(Object(Illuminate\\Http\\Request), Object(Closure))
#45 C:\\Users\\stefanopoulos\\Desktop\\e-forms\\vendor\\laravel\\framework\\src\\Illuminate\\Http\\Middleware\\HandleCors.php(49): Illuminate\\Pipeline\\Pipeline->Illuminate\\Pipeline\\{closure}(Object(Illuminate\\Http\\Request))
#46 C:\\Users\\stefanopoulos\\Desktop\\e-forms\\vendor\\laravel\\framework\\src\\Illuminate\\Pipeline\\Pipeline.php(180): Illuminate\\Http\\Middleware\\HandleCors->handle(Object(Illuminate\\Http\\Request), Object(Closure))
#47 C:\\Users\\stefanopoulos\\Desktop\\e-forms\\vendor\\laravel\\framework\\src\\Illuminate\\Http\\Middleware\\TrustProxies.php(39): Illuminate\\Pipeline\\Pipeline->Illuminate\\Pipeline\\{closure}(Object(Illuminate\\Http\\Request))
#48 C:\\Users\\stefanopoulos\\Desktop\\e-forms\\vendor\\laravel\\framework\\src\\Illuminate\\Pipeline\\Pipeline.php(180): Illuminate\\Http\\Middleware\\TrustProxies->handle(Object(Illuminate\\Http\\Request), Object(Closure))
#49 C:\\Users\\stefanopoulos\\Desktop\\e-forms\\vendor\\laravel\\framework\\src\\Illuminate\\Pipeline\\Pipeline.php(116): Illuminate\\Pipeline\\Pipeline->Illuminate\\Pipeline\\{closure}(Object(Illuminate\\Http\\Request))
#50 C:\\Users\\stefanopoulos\\Desktop\\e-forms\\vendor\\laravel\\framework\\src\\Illuminate\\Foundation\\Http\\Kernel.php(175): Illuminate\\Pipeline\\Pipeline->then(Object(Closure))
#51 C:\\Users\\stefanopoulos\\Desktop\\e-forms\\vendor\\laravel\\framework\\src\\Illuminate\\Foundation\\Http\\Kernel.php(144): Illuminate\\Foundation\\Http\\Kernel->sendRequestThroughRouter(Object(Illuminate\\Http\\Request))
#52 C:\\Users\\stefanopoulos\\Desktop\\e-forms\\public\\index.php(51): Illuminate\\Foundation\\Http\\Kernel->handle(Object(Illuminate\\Http\\Request))
#53 C:\\Users\\stefanopoulos\\Desktop\\e-forms\\vendor\\laravel\\framework\\src\\Illuminate\\Foundation\\resources\\server.php(16): require_once('C:\\\\Users\\\\stefan...')
#54 {main}
"} 
[2025-04-16 10:30:18] local.ERROR: Route [actions.check] not defined. {"view":{"view":"C:\\Users\\stefanopoulos\\Desktop\\e-forms\\resources\\views\\microapps\\actions\\index_consultant.blade.php","data":{"errors":"<pre class=sf-dump id=sf-dump-104295546 data-indent-pad=\"  \"><span class=sf-dump-note>Illuminate\\Support\\ViewErrorBag</span> {<a class=sf-dump-ref>#1728</a><samp data-depth=1 class=sf-dump-expanded>
  #<span class=sf-dump-protected title=\"Protected property\">bags</span>: []
</samp>}
</pre><script>Sfdump(\"sf-dump-104295546\", {\"maxDepth\":3,\"maxStringLength\":160})</script>
"}},"exception":"[object] (Spatie\\LaravelIgnition\\Exceptions\\ViewException(code: 0): Route [actions.check] not defined. at C:\\Users\\stefanopoulos\\Desktop\\e-forms\\vendor\\laravel\\framework\\src\\Illuminate\\Routing\\UrlGenerator.php:467)
[stacktrace]
#0 C:\\Users\\stefanopoulos\\Desktop\\e-forms\\vendor\\laravel\\framework\\src\\Illuminate\\Foundation\\helpers.php(810): Illuminate\\Routing\\UrlGenerator->route('actions.check', Array, true)
#1 C:\\Users\\stefanopoulos\\Desktop\\e-forms\\resources\\views\\microapps\\actions\\index_consultant.blade.php(15): route('actions.check', Array)
#2 C:\\Users\\stefanopoulos\\Desktop\\e-forms\\vendor\\laravel\\framework\\src\\Illuminate\\Filesystem\\Filesystem.php(124): require('C:\\\\Users\\\\stefan...')
#3 C:\\Users\\stefanopoulos\\Desktop\\e-forms\\vendor\\laravel\\framework\\src\\Illuminate\\Filesystem\\Filesystem.php(125): Illuminate\\Filesystem\\Filesystem::Illuminate\\Filesystem\\{closure}()
#4 C:\\Users\\stefanopoulos\\Desktop\\e-forms\\vendor\\laravel\\framework\\src\\Illuminate\\View\\Engines\\PhpEngine.php(58): Illuminate\\Filesystem\\Filesystem->getRequire('C:\\\\Users\\\\stefan...', Array)
#5 C:\\Users\\stefanopoulos\\Desktop\\e-forms\\vendor\\laravel\\framework\\src\\Illuminate\\View\\Engines\\CompilerEngine.php(70): Illuminate\\View\\Engines\\PhpEngine->evaluatePath('C:\\\\Users\\\\stefan...', Array)
#6 C:\\Users\\stefanopoulos\\Desktop\\e-forms\\vendor\\laravel\\framework\\src\\Illuminate\\View\\View.php(195): Illuminate\\View\\Engines\\CompilerEngine->get('C:\\\\Users\\\\stefan...', Array)
#7 C:\\Users\\stefanopoulos\\Desktop\\e-forms\\vendor\\laravel\\framework\\src\\Illuminate\\View\\View.php(178): Illuminate\\View\\View->getContents()
#8 C:\\Users\\stefanopoulos\\Desktop\\e-forms\\vendor\\laravel\\framework\\src\\Illuminate\\View\\View.php(147): Illuminate\\View\\View->renderContents()
#9 C:\\Users\\stefanopoulos\\Desktop\\e-forms\\vendor\\laravel\\framework\\src\\Illuminate\\Http\\Response.php(69): Illuminate\\View\\View->render()
#10 C:\\Users\\stefanopoulos\\Desktop\\e-forms\\vendor\\laravel\\framework\\src\\Illuminate\\Http\\Response.php(35): Illuminate\\Http\\Response->setContent(Object(Illuminate\\View\\View))
#11 C:\\Users\\stefanopoulos\\Desktop\\e-forms\\vendor\\laravel\\framework\\src\\Illuminate\\Routing\\Router.php(906): Illuminate\\Http\\Response->__construct(Object(Illuminate\\View\\View), 200, Array)
#12 C:\\Users\\stefanopoulos\\Desktop\\e-forms\\vendor\\laravel\\framework\\src\\Illuminate\\Routing\\Router.php(875): Illuminate\\Routing\\Router::toResponse(Object(Illuminate\\Http\\Request), Object(Illuminate\\View\\View))
#13 C:\\Users\\stefanopoulos\\Desktop\\e-forms\\vendor\\laravel\\framework\\src\\Illuminate\\Routing\\Router.php(797): Illuminate\\Routing\\Router->prepareResponse(Object(Illuminate\\Http\\Request), Object(Illuminate\\View\\View))
#14 C:\\Users\\stefanopoulos\\Desktop\\e-forms\\vendor\\laravel\\framework\\src\\Illuminate\\Pipeline\\Pipeline.php(141): Illuminate\\Routing\\Router->Illuminate\\Routing\\{closure}(Object(Illuminate\\Http\\Request))
#15 C:\\Users\\stefanopoulos\\Desktop\\e-forms\\vendor\\laravel\\framework\\src\\Illuminate\\Routing\\Middleware\\SubstituteBindings.php(50): Illuminate\\Pipeline\\Pipeline->Illuminate\\Pipeline\\{closure}(Object(Illuminate\\Http\\Request))
#16 C:\\Users\\stefanopoulos\\Desktop\\e-forms\\vendor\\laravel\\framework\\src\\Illuminate\\Pipeline\\Pipeline.php(180): Illuminate\\Routing\\Middleware\\SubstituteBindings->handle(Object(Illuminate\\Http\\Request), Object(Closure))
#17 C:\\Users\\stefanopoulos\\Desktop\\e-forms\\vendor\\laravel\\framework\\src\\Illuminate\\Foundation\\Http\\Middleware\\VerifyCsrfToken.php(78): Illuminate\\Pipeline\\Pipeline->Illuminate\\Pipeline\\{closure}(Object(Illuminate\\Http\\Request))
#18 C:\\Users\\stefanopoulos\\Desktop\\e-forms\\vendor\\laravel\\framework\\src\\Illuminate\\Pipeline\\Pipeline.php(180): Illuminate\\Foundation\\Http\\Middleware\\VerifyCsrfToken->handle(Object(Illuminate\\Http\\Request), Object(Closure))
#19 C:\\Users\\stefanopoulos\\Desktop\\e-forms\\vendor\\laravel\\framework\\src\\Illuminate\\View\\Middleware\\ShareErrorsFromSession.php(49): Illuminate\\Pipeline\\Pipeline->Illuminate\\Pipeline\\{closure}(Object(Illuminate\\Http\\Request))
#20 C:\\Users\\stefanopoulos\\Desktop\\e-forms\\vendor\\laravel\\framework\\src\\Illuminate\\Pipeline\\Pipeline.php(180): Illuminate\\View\\Middleware\\ShareErrorsFromSession->handle(Object(Illuminate\\Http\\Request), Object(Closure))
#21 C:\\Users\\stefanopoulos\\Desktop\\e-forms\\vendor\\laravel\\framework\\src\\Illuminate\\Session\\Middleware\\StartSession.php(121): Illuminate\\Pipeline\\Pipeline->Illuminate\\Pipeline\\{closure}(Object(Illuminate\\Http\\Request))
#22 C:\\Users\\stefanopoulos\\Desktop\\e-forms\\vendor\\laravel\\framework\\src\\Illuminate\\Session\\Middleware\\StartSession.php(64): Illuminate\\Session\\Middleware\\StartSession->handleStatefulRequest(Object(Illuminate\\Http\\Request), Object(Illuminate\\Session\\Store), Object(Closure))
#23 C:\\Users\\stefanopoulos\\Desktop\\e-forms\\vendor\\laravel\\framework\\src\\Illuminate\\Pipeline\\Pipeline.php(180): Illuminate\\Session\\Middleware\\StartSession->handle(Object(Illuminate\\Http\\Request), Object(Closure))
#24 C:\\Users\\stefanopoulos\\Desktop\\e-forms\\vendor\\laravel\\framework\\src\\Illuminate\\Cookie\\Middleware\\AddQueuedCookiesToResponse.php(37): Illuminate\\Pipeline\\Pipeline->Illuminate\\Pipeline\\{closure}(Object(Illuminate\\Http\\Request))
#25 C:\\Users\\stefanopoulos\\Desktop\\e-forms\\vendor\\laravel\\framework\\src\\Illuminate\\Pipeline\\Pipeline.php(180): Illuminate\\Cookie\\Middleware\\AddQueuedCookiesToResponse->handle(Object(Illuminate\\Http\\Request), Object(Closure))
#26 C:\\Users\\stefanopoulos\\Desktop\\e-forms\\vendor\\laravel\\framework\\src\\Illuminate\\Cookie\\Middleware\\EncryptCookies.php(67): Illuminate\\Pipeline\\Pipeline->Illuminate\\Pipeline\\{closure}(Object(Illuminate\\Http\\Request))
#27 C:\\Users\\stefanopoulos\\Desktop\\e-forms\\vendor\\laravel\\framework\\src\\Illuminate\\Pipeline\\Pipeline.php(180): Illuminate\\Cookie\\Middleware\\EncryptCookies->handle(Object(Illuminate\\Http\\Request), Object(Closure))
#28 C:\\Users\\stefanopoulos\\Desktop\\e-forms\\vendor\\laravel\\framework\\src\\Illuminate\\Pipeline\\Pipeline.php(116): Illuminate\\Pipeline\\Pipeline->Illuminate\\Pipeline\\{closure}(Object(Illuminate\\Http\\Request))
#29 C:\\Users\\stefanopoulos\\Desktop\\e-forms\\vendor\\laravel\\framework\\src\\Illuminate\\Routing\\Router.php(797): Illuminate\\Pipeline\\Pipeline->then(Object(Closure))
#30 C:\\Users\\stefanopoulos\\Desktop\\e-forms\\vendor\\laravel\\framework\\src\\Illuminate\\Routing\\Router.php(776): Illuminate\\Routing\\Router->runRouteWithinStack(Object(Illuminate\\Routing\\Route), Object(Illuminate\\Http\\Request))
#31 C:\\Users\\stefanopoulos\\Desktop\\e-forms\\vendor\\laravel\\framework\\src\\Illuminate\\Routing\\Router.php(740): Illuminate\\Routing\\Router->runRoute(Object(Illuminate\\Http\\Request), Object(Illuminate\\Routing\\Route))
#32 C:\\Users\\stefanopoulos\\Desktop\\e-forms\\vendor\\laravel\\framework\\src\\Illuminate\\Routing\\Router.php(729): Illuminate\\Routing\\Router->dispatchToRoute(Object(Illuminate\\Http\\Request))
#33 C:\\Users\\stefanopoulos\\Desktop\\e-forms\\vendor\\laravel\\framework\\src\\Illuminate\\Foundation\\Http\\Kernel.php(200): Illuminate\\Routing\\Router->dispatch(Object(Illuminate\\Http\\Request))
#34 C:\\Users\\stefanopoulos\\Desktop\\e-forms\\vendor\\laravel\\framework\\src\\Illuminate\\Pipeline\\Pipeline.php(141): Illuminate\\Foundation\\Http\\Kernel->Illuminate\\Foundation\\Http\\{closure}(Object(Illuminate\\Http\\Request))
#35 C:\\Users\\stefanopoulos\\Desktop\\e-forms\\vendor\\laravel\\framework\\src\\Illuminate\\Foundation\\Http\\Middleware\\TransformsRequest.php(21): Illuminate\\Pipeline\\Pipeline->Illuminate\\Pipeline\\{closure}(Object(Illuminate\\Http\\Request))
#36 C:\\Users\\stefanopoulos\\Desktop\\e-forms\\vendor\\laravel\\framework\\src\\Illuminate\\Foundation\\Http\\Middleware\\ConvertEmptyStringsToNull.php(31): Illuminate\\Foundation\\Http\\Middleware\\TransformsRequest->handle(Object(Illuminate\\Http\\Request), Object(Closure))
#37 C:\\Users\\stefanopoulos\\Desktop\\e-forms\\vendor\\laravel\\framework\\src\\Illuminate\\Pipeline\\Pipeline.php(180): Illuminate\\Foundation\\Http\\Middleware\\ConvertEmptyStringsToNull->handle(Object(Illuminate\\Http\\Request), Object(Closure))
#38 C:\\Users\\stefanopoulos\\Desktop\\e-forms\\vendor\\laravel\\framework\\src\\Illuminate\\Foundation\\Http\\Middleware\\TransformsRequest.php(21): Illuminate\\Pipeline\\Pipeline->Illuminate\\Pipeline\\{closure}(Object(Illuminate\\Http\\Request))
#39 C:\\Users\\stefanopoulos\\Desktop\\e-forms\\vendor\\laravel\\framework\\src\\Illuminate\\Foundation\\Http\\Middleware\\TrimStrings.php(40): Illuminate\\Foundation\\Http\\Middleware\\TransformsRequest->handle(Object(Illuminate\\Http\\Request), Object(Closure))
#40 C:\\Users\\stefanopoulos\\Desktop\\e-forms\\vendor\\laravel\\framework\\src\\Illuminate\\Pipeline\\Pipeline.php(180): Illuminate\\Foundation\\Http\\Middleware\\TrimStrings->handle(Object(Illuminate\\Http\\Request), Object(Closure))
#41 C:\\Users\\stefanopoulos\\Desktop\\e-forms\\vendor\\laravel\\framework\\src\\Illuminate\\Foundation\\Http\\Middleware\\ValidatePostSize.php(27): Illuminate\\Pipeline\\Pipeline->Illuminate\\Pipeline\\{closure}(Object(Illuminate\\Http\\Request))
#42 C:\\Users\\stefanopoulos\\Desktop\\e-forms\\vendor\\laravel\\framework\\src\\Illuminate\\Pipeline\\Pipeline.php(180): Illuminate\\Foundation\\Http\\Middleware\\ValidatePostSize->handle(Object(Illuminate\\Http\\Request), Object(Closure))
#43 C:\\Users\\stefanopoulos\\Desktop\\e-forms\\vendor\\laravel\\framework\\src\\Illuminate\\Foundation\\Http\\Middleware\\PreventRequestsDuringMaintenance.php(86): Illuminate\\Pipeline\\Pipeline->Illuminate\\Pipeline\\{closure}(Object(Illuminate\\Http\\Request))
#44 C:\\Users\\stefanopoulos\\Desktop\\e-forms\\vendor\\laravel\\framework\\src\\Illuminate\\Pipeline\\Pipeline.php(180): Illuminate\\Foundation\\Http\\Middleware\\PreventRequestsDuringMaintenance->handle(Object(Illuminate\\Http\\Request), Object(Closure))
#45 C:\\Users\\stefanopoulos\\Desktop\\e-forms\\vendor\\laravel\\framework\\src\\Illuminate\\Http\\Middleware\\HandleCors.php(49): Illuminate\\Pipeline\\Pipeline->Illuminate\\Pipeline\\{closure}(Object(Illuminate\\Http\\Request))
#46 C:\\Users\\stefanopoulos\\Desktop\\e-forms\\vendor\\laravel\\framework\\src\\Illuminate\\Pipeline\\Pipeline.php(180): Illuminate\\Http\\Middleware\\HandleCors->handle(Object(Illuminate\\Http\\Request), Object(Closure))
#47 C:\\Users\\stefanopoulos\\Desktop\\e-forms\\vendor\\laravel\\framework\\src\\Illuminate\\Http\\Middleware\\TrustProxies.php(39): Illuminate\\Pipeline\\Pipeline->Illuminate\\Pipeline\\{closure}(Object(Illuminate\\Http\\Request))
#48 C:\\Users\\stefanopoulos\\Desktop\\e-forms\\vendor\\laravel\\framework\\src\\Illuminate\\Pipeline\\Pipeline.php(180): Illuminate\\Http\\Middleware\\TrustProxies->handle(Object(Illuminate\\Http\\Request), Object(Closure))
#49 C:\\Users\\stefanopoulos\\Desktop\\e-forms\\vendor\\laravel\\framework\\src\\Illuminate\\Pipeline\\Pipeline.php(116): Illuminate\\Pipeline\\Pipeline->Illuminate\\Pipeline\\{closure}(Object(Illuminate\\Http\\Request))
#50 C:\\Users\\stefanopoulos\\Desktop\\e-forms\\vendor\\laravel\\framework\\src\\Illuminate\\Foundation\\Http\\Kernel.php(175): Illuminate\\Pipeline\\Pipeline->then(Object(Closure))
#51 C:\\Users\\stefanopoulos\\Desktop\\e-forms\\vendor\\laravel\\framework\\src\\Illuminate\\Foundation\\Http\\Kernel.php(144): Illuminate\\Foundation\\Http\\Kernel->sendRequestThroughRouter(Object(Illuminate\\Http\\Request))
#52 C:\\Users\\stefanopoulos\\Desktop\\e-forms\\public\\index.php(51): Illuminate\\Foundation\\Http\\Kernel->handle(Object(Illuminate\\Http\\Request))
#53 C:\\Users\\stefanopoulos\\Desktop\\e-forms\\vendor\\laravel\\framework\\src\\Illuminate\\Foundation\\resources\\server.php(16): require_once('C:\\\\Users\\\\stefan...')
#54 {main}

[previous exception] [object] (Symfony\\Component\\Routing\\Exception\\RouteNotFoundException(code: 0): Route [actions.check] not defined. at C:\\Users\\stefanopoulos\\Desktop\\e-forms\\vendor\\laravel\\framework\\src\\Illuminate\\Routing\\UrlGenerator.php:467)
[stacktrace]
#0 C:\\Users\\stefanopoulos\\Desktop\\e-forms\\vendor\\laravel\\framework\\src\\Illuminate\\Foundation\\helpers.php(810): Illuminate\\Routing\\UrlGenerator->route('actions.check', Array, true)
#1 C:\\Users\\stefanopoulos\\Desktop\\e-forms\\storage\\framework\\views\\4a879e0378956f770bdfc4b682befbd2.php(23): route('actions.check', Array)
#2 C:\\Users\\stefanopoulos\\Desktop\\e-forms\\vendor\\laravel\\framework\\src\\Illuminate\\Filesystem\\Filesystem.php(124): require('C:\\\\Users\\\\stefan...')
#3 C:\\Users\\stefanopoulos\\Desktop\\e-forms\\vendor\\laravel\\framework\\src\\Illuminate\\Filesystem\\Filesystem.php(125): Illuminate\\Filesystem\\Filesystem::Illuminate\\Filesystem\\{closure}()
#4 C:\\Users\\stefanopoulos\\Desktop\\e-forms\\vendor\\laravel\\framework\\src\\Illuminate\\View\\Engines\\PhpEngine.php(58): Illuminate\\Filesystem\\Filesystem->getRequire('C:\\\\Users\\\\stefan...', Array)
#5 C:\\Users\\stefanopoulos\\Desktop\\e-forms\\vendor\\laravel\\framework\\src\\Illuminate\\View\\Engines\\CompilerEngine.php(70): Illuminate\\View\\Engines\\PhpEngine->evaluatePath('C:\\\\Users\\\\stefan...', Array)
#6 C:\\Users\\stefanopoulos\\Desktop\\e-forms\\vendor\\laravel\\framework\\src\\Illuminate\\View\\View.php(195): Illuminate\\View\\Engines\\CompilerEngine->get('C:\\\\Users\\\\stefan...', Array)
#7 C:\\Users\\stefanopoulos\\Desktop\\e-forms\\vendor\\laravel\\framework\\src\\Illuminate\\View\\View.php(178): Illuminate\\View\\View->getContents()
#8 C:\\Users\\stefanopoulos\\Desktop\\e-forms\\vendor\\laravel\\framework\\src\\Illuminate\\View\\View.php(147): Illuminate\\View\\View->renderContents()
#9 C:\\Users\\stefanopoulos\\Desktop\\e-forms\\vendor\\laravel\\framework\\src\\Illuminate\\Http\\Response.php(69): Illuminate\\View\\View->render()
#10 C:\\Users\\stefanopoulos\\Desktop\\e-forms\\vendor\\laravel\\framework\\src\\Illuminate\\Http\\Response.php(35): Illuminate\\Http\\Response->setContent(Object(Illuminate\\View\\View))
#11 C:\\Users\\stefanopoulos\\Desktop\\e-forms\\vendor\\laravel\\framework\\src\\Illuminate\\Routing\\Router.php(906): Illuminate\\Http\\Response->__construct(Object(Illuminate\\View\\View), 200, Array)
#12 C:\\Users\\stefanopoulos\\Desktop\\e-forms\\vendor\\laravel\\framework\\src\\Illuminate\\Routing\\Router.php(875): Illuminate\\Routing\\Router::toResponse(Object(Illuminate\\Http\\Request), Object(Illuminate\\View\\View))
#13 C:\\Users\\stefanopoulos\\Desktop\\e-forms\\vendor\\laravel\\framework\\src\\Illuminate\\Routing\\Router.php(797): Illuminate\\Routing\\Router->prepareResponse(Object(Illuminate\\Http\\Request), Object(Illuminate\\View\\View))
#14 C:\\Users\\stefanopoulos\\Desktop\\e-forms\\vendor\\laravel\\framework\\src\\Illuminate\\Pipeline\\Pipeline.php(141): Illuminate\\Routing\\Router->Illuminate\\Routing\\{closure}(Object(Illuminate\\Http\\Request))
#15 C:\\Users\\stefanopoulos\\Desktop\\e-forms\\vendor\\laravel\\framework\\src\\Illuminate\\Routing\\Middleware\\SubstituteBindings.php(50): Illuminate\\Pipeline\\Pipeline->Illuminate\\Pipeline\\{closure}(Object(Illuminate\\Http\\Request))
#16 C:\\Users\\stefanopoulos\\Desktop\\e-forms\\vendor\\laravel\\framework\\src\\Illuminate\\Pipeline\\Pipeline.php(180): Illuminate\\Routing\\Middleware\\SubstituteBindings->handle(Object(Illuminate\\Http\\Request), Object(Closure))
#17 C:\\Users\\stefanopoulos\\Desktop\\e-forms\\vendor\\laravel\\framework\\src\\Illuminate\\Foundation\\Http\\Middleware\\VerifyCsrfToken.php(78): Illuminate\\Pipeline\\Pipeline->Illuminate\\Pipeline\\{closure}(Object(Illuminate\\Http\\Request))
#18 C:\\Users\\stefanopoulos\\Desktop\\e-forms\\vendor\\laravel\\framework\\src\\Illuminate\\Pipeline\\Pipeline.php(180): Illuminate\\Foundation\\Http\\Middleware\\VerifyCsrfToken->handle(Object(Illuminate\\Http\\Request), Object(Closure))
#19 C:\\Users\\stefanopoulos\\Desktop\\e-forms\\vendor\\laravel\\framework\\src\\Illuminate\\View\\Middleware\\ShareErrorsFromSession.php(49): Illuminate\\Pipeline\\Pipeline->Illuminate\\Pipeline\\{closure}(Object(Illuminate\\Http\\Request))
#20 C:\\Users\\stefanopoulos\\Desktop\\e-forms\\vendor\\laravel\\framework\\src\\Illuminate\\Pipeline\\Pipeline.php(180): Illuminate\\View\\Middleware\\ShareErrorsFromSession->handle(Object(Illuminate\\Http\\Request), Object(Closure))
#21 C:\\Users\\stefanopoulos\\Desktop\\e-forms\\vendor\\laravel\\framework\\src\\Illuminate\\Session\\Middleware\\StartSession.php(121): Illuminate\\Pipeline\\Pipeline->Illuminate\\Pipeline\\{closure}(Object(Illuminate\\Http\\Request))
#22 C:\\Users\\stefanopoulos\\Desktop\\e-forms\\vendor\\laravel\\framework\\src\\Illuminate\\Session\\Middleware\\StartSession.php(64): Illuminate\\Session\\Middleware\\StartSession->handleStatefulRequest(Object(Illuminate\\Http\\Request), Object(Illuminate\\Session\\Store), Object(Closure))
#23 C:\\Users\\stefanopoulos\\Desktop\\e-forms\\vendor\\laravel\\framework\\src\\Illuminate\\Pipeline\\Pipeline.php(180): Illuminate\\Session\\Middleware\\StartSession->handle(Object(Illuminate\\Http\\Request), Object(Closure))
#24 C:\\Users\\stefanopoulos\\Desktop\\e-forms\\vendor\\laravel\\framework\\src\\Illuminate\\Cookie\\Middleware\\AddQueuedCookiesToResponse.php(37): Illuminate\\Pipeline\\Pipeline->Illuminate\\Pipeline\\{closure}(Object(Illuminate\\Http\\Request))
#25 C:\\Users\\stefanopoulos\\Desktop\\e-forms\\vendor\\laravel\\framework\\src\\Illuminate\\Pipeline\\Pipeline.php(180): Illuminate\\Cookie\\Middleware\\AddQueuedCookiesToResponse->handle(Object(Illuminate\\Http\\Request), Object(Closure))
#26 C:\\Users\\stefanopoulos\\Desktop\\e-forms\\vendor\\laravel\\framework\\src\\Illuminate\\Cookie\\Middleware\\EncryptCookies.php(67): Illuminate\\Pipeline\\Pipeline->Illuminate\\Pipeline\\{closure}(Object(Illuminate\\Http\\Request))
#27 C:\\Users\\stefanopoulos\\Desktop\\e-forms\\vendor\\laravel\\framework\\src\\Illuminate\\Pipeline\\Pipeline.php(180): Illuminate\\Cookie\\Middleware\\EncryptCookies->handle(Object(Illuminate\\Http\\Request), Object(Closure))
#28 C:\\Users\\stefanopoulos\\Desktop\\e-forms\\vendor\\laravel\\framework\\src\\Illuminate\\Pipeline\\Pipeline.php(116): Illuminate\\Pipeline\\Pipeline->Illuminate\\Pipeline\\{closure}(Object(Illuminate\\Http\\Request))
#29 C:\\Users\\stefanopoulos\\Desktop\\e-forms\\vendor\\laravel\\framework\\src\\Illuminate\\Routing\\Router.php(797): Illuminate\\Pipeline\\Pipeline->then(Object(Closure))
#30 C:\\Users\\stefanopoulos\\Desktop\\e-forms\\vendor\\laravel\\framework\\src\\Illuminate\\Routing\\Router.php(776): Illuminate\\Routing\\Router->runRouteWithinStack(Object(Illuminate\\Routing\\Route), Object(Illuminate\\Http\\Request))
#31 C:\\Users\\stefanopoulos\\Desktop\\e-forms\\vendor\\laravel\\framework\\src\\Illuminate\\Routing\\Router.php(740): Illuminate\\Routing\\Router->runRoute(Object(Illuminate\\Http\\Request), Object(Illuminate\\Routing\\Route))
#32 C:\\Users\\stefanopoulos\\Desktop\\e-forms\\vendor\\laravel\\framework\\src\\Illuminate\\Routing\\Router.php(729): Illuminate\\Routing\\Router->dispatchToRoute(Object(Illuminate\\Http\\Request))
#33 C:\\Users\\stefanopoulos\\Desktop\\e-forms\\vendor\\laravel\\framework\\src\\Illuminate\\Foundation\\Http\\Kernel.php(200): Illuminate\\Routing\\Router->dispatch(Object(Illuminate\\Http\\Request))
#34 C:\\Users\\stefanopoulos\\Desktop\\e-forms\\vendor\\laravel\\framework\\src\\Illuminate\\Pipeline\\Pipeline.php(141): Illuminate\\Foundation\\Http\\Kernel->Illuminate\\Foundation\\Http\\{closure}(Object(Illuminate\\Http\\Request))
#35 C:\\Users\\stefanopoulos\\Desktop\\e-forms\\vendor\\laravel\\framework\\src\\Illuminate\\Foundation\\Http\\Middleware\\TransformsRequest.php(21): Illuminate\\Pipeline\\Pipeline->Illuminate\\Pipeline\\{closure}(Object(Illuminate\\Http\\Request))
#36 C:\\Users\\stefanopoulos\\Desktop\\e-forms\\vendor\\laravel\\framework\\src\\Illuminate\\Foundation\\Http\\Middleware\\ConvertEmptyStringsToNull.php(31): Illuminate\\Foundation\\Http\\Middleware\\TransformsRequest->handle(Object(Illuminate\\Http\\Request), Object(Closure))
#37 C:\\Users\\stefanopoulos\\Desktop\\e-forms\\vendor\\laravel\\framework\\src\\Illuminate\\Pipeline\\Pipeline.php(180): Illuminate\\Foundation\\Http\\Middleware\\ConvertEmptyStringsToNull->handle(Object(Illuminate\\Http\\Request), Object(Closure))
#38 C:\\Users\\stefanopoulos\\Desktop\\e-forms\\vendor\\laravel\\framework\\src\\Illuminate\\Foundation\\Http\\Middleware\\TransformsRequest.php(21): Illuminate\\Pipeline\\Pipeline->Illuminate\\Pipeline\\{closure}(Object(Illuminate\\Http\\Request))
#39 C:\\Users\\stefanopoulos\\Desktop\\e-forms\\vendor\\laravel\\framework\\src\\Illuminate\\Foundation\\Http\\Middleware\\TrimStrings.php(40): Illuminate\\Foundation\\Http\\Middleware\\TransformsRequest->handle(Object(Illuminate\\Http\\Request), Object(Closure))
#40 C:\\Users\\stefanopoulos\\Desktop\\e-forms\\vendor\\laravel\\framework\\src\\Illuminate\\Pipeline\\Pipeline.php(180): Illuminate\\Foundation\\Http\\Middleware\\TrimStrings->handle(Object(Illuminate\\Http\\Request), Object(Closure))
#41 C:\\Users\\stefanopoulos\\Desktop\\e-forms\\vendor\\laravel\\framework\\src\\Illuminate\\Foundation\\Http\\Middleware\\ValidatePostSize.php(27): Illuminate\\Pipeline\\Pipeline->Illuminate\\Pipeline\\{closure}(Object(Illuminate\\Http\\Request))
#42 C:\\Users\\stefanopoulos\\Desktop\\e-forms\\vendor\\laravel\\framework\\src\\Illuminate\\Pipeline\\Pipeline.php(180): Illuminate\\Foundation\\Http\\Middleware\\ValidatePostSize->handle(Object(Illuminate\\Http\\Request), Object(Closure))
#43 C:\\Users\\stefanopoulos\\Desktop\\e-forms\\vendor\\laravel\\framework\\src\\Illuminate\\Foundation\\Http\\Middleware\\PreventRequestsDuringMaintenance.php(86): Illuminate\\Pipeline\\Pipeline->Illuminate\\Pipeline\\{closure}(Object(Illuminate\\Http\\Request))
#44 C:\\Users\\stefanopoulos\\Desktop\\e-forms\\vendor\\laravel\\framework\\src\\Illuminate\\Pipeline\\Pipeline.php(180): Illuminate\\Foundation\\Http\\Middleware\\PreventRequestsDuringMaintenance->handle(Object(Illuminate\\Http\\Request), Object(Closure))
#45 C:\\Users\\stefanopoulos\\Desktop\\e-forms\\vendor\\laravel\\framework\\src\\Illuminate\\Http\\Middleware\\HandleCors.php(49): Illuminate\\Pipeline\\Pipeline->Illuminate\\Pipeline\\{closure}(Object(Illuminate\\Http\\Request))
#46 C:\\Users\\stefanopoulos\\Desktop\\e-forms\\vendor\\laravel\\framework\\src\\Illuminate\\Pipeline\\Pipeline.php(180): Illuminate\\Http\\Middleware\\HandleCors->handle(Object(Illuminate\\Http\\Request), Object(Closure))
#47 C:\\Users\\stefanopoulos\\Desktop\\e-forms\\vendor\\laravel\\framework\\src\\Illuminate\\Http\\Middleware\\TrustProxies.php(39): Illuminate\\Pipeline\\Pipeline->Illuminate\\Pipeline\\{closure}(Object(Illuminate\\Http\\Request))
#48 C:\\Users\\stefanopoulos\\Desktop\\e-forms\\vendor\\laravel\\framework\\src\\Illuminate\\Pipeline\\Pipeline.php(180): Illuminate\\Http\\Middleware\\TrustProxies->handle(Object(Illuminate\\Http\\Request), Object(Closure))
#49 C:\\Users\\stefanopoulos\\Desktop\\e-forms\\vendor\\laravel\\framework\\src\\Illuminate\\Pipeline\\Pipeline.php(116): Illuminate\\Pipeline\\Pipeline->Illuminate\\Pipeline\\{closure}(Object(Illuminate\\Http\\Request))
#50 C:\\Users\\stefanopoulos\\Desktop\\e-forms\\vendor\\laravel\\framework\\src\\Illuminate\\Foundation\\Http\\Kernel.php(175): Illuminate\\Pipeline\\Pipeline->then(Object(Closure))
#51 C:\\Users\\stefanopoulos\\Desktop\\e-forms\\vendor\\laravel\\framework\\src\\Illuminate\\Foundation\\Http\\Kernel.php(144): Illuminate\\Foundation\\Http\\Kernel->sendRequestThroughRouter(Object(Illuminate\\Http\\Request))
#52 C:\\Users\\stefanopoulos\\Desktop\\e-forms\\public\\index.php(51): Illuminate\\Foundation\\Http\\Kernel->handle(Object(Illuminate\\Http\\Request))
#53 C:\\Users\\stefanopoulos\\Desktop\\e-forms\\vendor\\laravel\\framework\\src\\Illuminate\\Foundation\\resources\\server.php(16): require_once('C:\\\\Users\\\\stefan...')
#54 {main}
"} 
[2025-04-16 10:32:01] local.ERROR: Class "App\Models\Action" not found {"view":{"view":"C:\\Users\\stefanopoulos\\Desktop\\e-forms\\resources\\views\\microapps\\actions\\index_consultant.blade.php","data":{"errors":"<pre class=sf-dump id=sf-dump-1881483636 data-indent-pad=\"  \"><span class=sf-dump-note>Illuminate\\Support\\ViewErrorBag</span> {<a class=sf-dump-ref>#1729</a><samp data-depth=1 class=sf-dump-expanded>
  #<span class=sf-dump-protected title=\"Protected property\">bags</span>: []
</samp>}
</pre><script>Sfdump(\"sf-dump-1881483636\", {\"maxDepth\":3,\"maxStringLength\":160})</script>
"}},"exception":"[object] (Spatie\\LaravelIgnition\\Exceptions\\ViewException(code: 0): Class \"App\\Models\\Action\" not found at C:\\Users\\stefanopoulos\\Desktop\\e-forms\\resources\\views\\microapps\\actions\\index_consultant.blade.php:22)
[stacktrace]
#0 C:\\Users\\stefanopoulos\\Desktop\\e-forms\\vendor\\laravel\\framework\\src\\Illuminate\\Filesystem\\Filesystem.php(124): require()
#1 C:\\Users\\stefanopoulos\\Desktop\\e-forms\\vendor\\laravel\\framework\\src\\Illuminate\\Filesystem\\Filesystem.php(125): Illuminate\\Filesystem\\Filesystem::Illuminate\\Filesystem\\{closure}()
#2 C:\\Users\\stefanopoulos\\Desktop\\e-forms\\vendor\\laravel\\framework\\src\\Illuminate\\View\\Engines\\PhpEngine.php(58): Illuminate\\Filesystem\\Filesystem->getRequire('C:\\\\Users\\\\stefan...', Array)
#3 C:\\Users\\stefanopoulos\\Desktop\\e-forms\\vendor\\laravel\\framework\\src\\Illuminate\\View\\Engines\\CompilerEngine.php(70): Illuminate\\View\\Engines\\PhpEngine->evaluatePath('C:\\\\Users\\\\stefan...', Array)
#4 C:\\Users\\stefanopoulos\\Desktop\\e-forms\\vendor\\laravel\\framework\\src\\Illuminate\\View\\View.php(195): Illuminate\\View\\Engines\\CompilerEngine->get('C:\\\\Users\\\\stefan...', Array)
#5 C:\\Users\\stefanopoulos\\Desktop\\e-forms\\vendor\\laravel\\framework\\src\\Illuminate\\View\\View.php(178): Illuminate\\View\\View->getContents()
#6 C:\\Users\\stefanopoulos\\Desktop\\e-forms\\vendor\\laravel\\framework\\src\\Illuminate\\View\\View.php(147): Illuminate\\View\\View->renderContents()
#7 C:\\Users\\stefanopoulos\\Desktop\\e-forms\\vendor\\laravel\\framework\\src\\Illuminate\\Http\\Response.php(69): Illuminate\\View\\View->render()
#8 C:\\Users\\stefanopoulos\\Desktop\\e-forms\\vendor\\laravel\\framework\\src\\Illuminate\\Http\\Response.php(35): Illuminate\\Http\\Response->setContent(Object(Illuminate\\View\\View))
#9 C:\\Users\\stefanopoulos\\Desktop\\e-forms\\vendor\\laravel\\framework\\src\\Illuminate\\Routing\\Router.php(906): Illuminate\\Http\\Response->__construct(Object(Illuminate\\View\\View), 200, Array)
#10 C:\\Users\\stefanopoulos\\Desktop\\e-forms\\vendor\\laravel\\framework\\src\\Illuminate\\Routing\\Router.php(875): Illuminate\\Routing\\Router::toResponse(Object(Illuminate\\Http\\Request), Object(Illuminate\\View\\View))
#11 C:\\Users\\stefanopoulos\\Desktop\\e-forms\\vendor\\laravel\\framework\\src\\Illuminate\\Routing\\Router.php(797): Illuminate\\Routing\\Router->prepareResponse(Object(Illuminate\\Http\\Request), Object(Illuminate\\View\\View))
#12 C:\\Users\\stefanopoulos\\Desktop\\e-forms\\vendor\\laravel\\framework\\src\\Illuminate\\Pipeline\\Pipeline.php(141): Illuminate\\Routing\\Router->Illuminate\\Routing\\{closure}(Object(Illuminate\\Http\\Request))
#13 C:\\Users\\stefanopoulos\\Desktop\\e-forms\\vendor\\laravel\\framework\\src\\Illuminate\\Routing\\Middleware\\SubstituteBindings.php(50): Illuminate\\Pipeline\\Pipeline->Illuminate\\Pipeline\\{closure}(Object(Illuminate\\Http\\Request))
#14 C:\\Users\\stefanopoulos\\Desktop\\e-forms\\vendor\\laravel\\framework\\src\\Illuminate\\Pipeline\\Pipeline.php(180): Illuminate\\Routing\\Middleware\\SubstituteBindings->handle(Object(Illuminate\\Http\\Request), Object(Closure))
#15 C:\\Users\\stefanopoulos\\Desktop\\e-forms\\vendor\\laravel\\framework\\src\\Illuminate\\Foundation\\Http\\Middleware\\VerifyCsrfToken.php(78): Illuminate\\Pipeline\\Pipeline->Illuminate\\Pipeline\\{closure}(Object(Illuminate\\Http\\Request))
#16 C:\\Users\\stefanopoulos\\Desktop\\e-forms\\vendor\\laravel\\framework\\src\\Illuminate\\Pipeline\\Pipeline.php(180): Illuminate\\Foundation\\Http\\Middleware\\VerifyCsrfToken->handle(Object(Illuminate\\Http\\Request), Object(Closure))
#17 C:\\Users\\stefanopoulos\\Desktop\\e-forms\\vendor\\laravel\\framework\\src\\Illuminate\\View\\Middleware\\ShareErrorsFromSession.php(49): Illuminate\\Pipeline\\Pipeline->Illuminate\\Pipeline\\{closure}(Object(Illuminate\\Http\\Request))
#18 C:\\Users\\stefanopoulos\\Desktop\\e-forms\\vendor\\laravel\\framework\\src\\Illuminate\\Pipeline\\Pipeline.php(180): Illuminate\\View\\Middleware\\ShareErrorsFromSession->handle(Object(Illuminate\\Http\\Request), Object(Closure))
#19 C:\\Users\\stefanopoulos\\Desktop\\e-forms\\vendor\\laravel\\framework\\src\\Illuminate\\Session\\Middleware\\StartSession.php(121): Illuminate\\Pipeline\\Pipeline->Illuminate\\Pipeline\\{closure}(Object(Illuminate\\Http\\Request))
#20 C:\\Users\\stefanopoulos\\Desktop\\e-forms\\vendor\\laravel\\framework\\src\\Illuminate\\Session\\Middleware\\StartSession.php(64): Illuminate\\Session\\Middleware\\StartSession->handleStatefulRequest(Object(Illuminate\\Http\\Request), Object(Illuminate\\Session\\Store), Object(Closure))
#21 C:\\Users\\stefanopoulos\\Desktop\\e-forms\\vendor\\laravel\\framework\\src\\Illuminate\\Pipeline\\Pipeline.php(180): Illuminate\\Session\\Middleware\\StartSession->handle(Object(Illuminate\\Http\\Request), Object(Closure))
#22 C:\\Users\\stefanopoulos\\Desktop\\e-forms\\vendor\\laravel\\framework\\src\\Illuminate\\Cookie\\Middleware\\AddQueuedCookiesToResponse.php(37): Illuminate\\Pipeline\\Pipeline->Illuminate\\Pipeline\\{closure}(Object(Illuminate\\Http\\Request))
#23 C:\\Users\\stefanopoulos\\Desktop\\e-forms\\vendor\\laravel\\framework\\src\\Illuminate\\Pipeline\\Pipeline.php(180): Illuminate\\Cookie\\Middleware\\AddQueuedCookiesToResponse->handle(Object(Illuminate\\Http\\Request), Object(Closure))
#24 C:\\Users\\stefanopoulos\\Desktop\\e-forms\\vendor\\laravel\\framework\\src\\Illuminate\\Cookie\\Middleware\\EncryptCookies.php(67): Illuminate\\Pipeline\\Pipeline->Illuminate\\Pipeline\\{closure}(Object(Illuminate\\Http\\Request))
#25 C:\\Users\\stefanopoulos\\Desktop\\e-forms\\vendor\\laravel\\framework\\src\\Illuminate\\Pipeline\\Pipeline.php(180): Illuminate\\Cookie\\Middleware\\EncryptCookies->handle(Object(Illuminate\\Http\\Request), Object(Closure))
#26 C:\\Users\\stefanopoulos\\Desktop\\e-forms\\vendor\\laravel\\framework\\src\\Illuminate\\Pipeline\\Pipeline.php(116): Illuminate\\Pipeline\\Pipeline->Illuminate\\Pipeline\\{closure}(Object(Illuminate\\Http\\Request))
#27 C:\\Users\\stefanopoulos\\Desktop\\e-forms\\vendor\\laravel\\framework\\src\\Illuminate\\Routing\\Router.php(797): Illuminate\\Pipeline\\Pipeline->then(Object(Closure))
#28 C:\\Users\\stefanopoulos\\Desktop\\e-forms\\vendor\\laravel\\framework\\src\\Illuminate\\Routing\\Router.php(776): Illuminate\\Routing\\Router->runRouteWithinStack(Object(Illuminate\\Routing\\Route), Object(Illuminate\\Http\\Request))
#29 C:\\Users\\stefanopoulos\\Desktop\\e-forms\\vendor\\laravel\\framework\\src\\Illuminate\\Routing\\Router.php(740): Illuminate\\Routing\\Router->runRoute(Object(Illuminate\\Http\\Request), Object(Illuminate\\Routing\\Route))
#30 C:\\Users\\stefanopoulos\\Desktop\\e-forms\\vendor\\laravel\\framework\\src\\Illuminate\\Routing\\Router.php(729): Illuminate\\Routing\\Router->dispatchToRoute(Object(Illuminate\\Http\\Request))
#31 C:\\Users\\stefanopoulos\\Desktop\\e-forms\\vendor\\laravel\\framework\\src\\Illuminate\\Foundation\\Http\\Kernel.php(200): Illuminate\\Routing\\Router->dispatch(Object(Illuminate\\Http\\Request))
#32 C:\\Users\\stefanopoulos\\Desktop\\e-forms\\vendor\\laravel\\framework\\src\\Illuminate\\Pipeline\\Pipeline.php(141): Illuminate\\Foundation\\Http\\Kernel->Illuminate\\Foundation\\Http\\{closure}(Object(Illuminate\\Http\\Request))
#33 C:\\Users\\stefanopoulos\\Desktop\\e-forms\\vendor\\laravel\\framework\\src\\Illuminate\\Foundation\\Http\\Middleware\\TransformsRequest.php(21): Illuminate\\Pipeline\\Pipeline->Illuminate\\Pipeline\\{closure}(Object(Illuminate\\Http\\Request))
#34 C:\\Users\\stefanopoulos\\Desktop\\e-forms\\vendor\\laravel\\framework\\src\\Illuminate\\Foundation\\Http\\Middleware\\ConvertEmptyStringsToNull.php(31): Illuminate\\Foundation\\Http\\Middleware\\TransformsRequest->handle(Object(Illuminate\\Http\\Request), Object(Closure))
#35 C:\\Users\\stefanopoulos\\Desktop\\e-forms\\vendor\\laravel\\framework\\src\\Illuminate\\Pipeline\\Pipeline.php(180): Illuminate\\Foundation\\Http\\Middleware\\ConvertEmptyStringsToNull->handle(Object(Illuminate\\Http\\Request), Object(Closure))
#36 C:\\Users\\stefanopoulos\\Desktop\\e-forms\\vendor\\laravel\\framework\\src\\Illuminate\\Foundation\\Http\\Middleware\\TransformsRequest.php(21): Illuminate\\Pipeline\\Pipeline->Illuminate\\Pipeline\\{closure}(Object(Illuminate\\Http\\Request))
#37 C:\\Users\\stefanopoulos\\Desktop\\e-forms\\vendor\\laravel\\framework\\src\\Illuminate\\Foundation\\Http\\Middleware\\TrimStrings.php(40): Illuminate\\Foundation\\Http\\Middleware\\TransformsRequest->handle(Object(Illuminate\\Http\\Request), Object(Closure))
#38 C:\\Users\\stefanopoulos\\Desktop\\e-forms\\vendor\\laravel\\framework\\src\\Illuminate\\Pipeline\\Pipeline.php(180): Illuminate\\Foundation\\Http\\Middleware\\TrimStrings->handle(Object(Illuminate\\Http\\Request), Object(Closure))
#39 C:\\Users\\stefanopoulos\\Desktop\\e-forms\\vendor\\laravel\\framework\\src\\Illuminate\\Foundation\\Http\\Middleware\\ValidatePostSize.php(27): Illuminate\\Pipeline\\Pipeline->Illuminate\\Pipeline\\{closure}(Object(Illuminate\\Http\\Request))
#40 C:\\Users\\stefanopoulos\\Desktop\\e-forms\\vendor\\laravel\\framework\\src\\Illuminate\\Pipeline\\Pipeline.php(180): Illuminate\\Foundation\\Http\\Middleware\\ValidatePostSize->handle(Object(Illuminate\\Http\\Request), Object(Closure))
#41 C:\\Users\\stefanopoulos\\Desktop\\e-forms\\vendor\\laravel\\framework\\src\\Illuminate\\Foundation\\Http\\Middleware\\PreventRequestsDuringMaintenance.php(86): Illuminate\\Pipeline\\Pipeline->Illuminate\\Pipeline\\{closure}(Object(Illuminate\\Http\\Request))
#42 C:\\Users\\stefanopoulos\\Desktop\\e-forms\\vendor\\laravel\\framework\\src\\Illuminate\\Pipeline\\Pipeline.php(180): Illuminate\\Foundation\\Http\\Middleware\\PreventRequestsDuringMaintenance->handle(Object(Illuminate\\Http\\Request), Object(Closure))
#43 C:\\Users\\stefanopoulos\\Desktop\\e-forms\\vendor\\laravel\\framework\\src\\Illuminate\\Http\\Middleware\\HandleCors.php(49): Illuminate\\Pipeline\\Pipeline->Illuminate\\Pipeline\\{closure}(Object(Illuminate\\Http\\Request))
#44 C:\\Users\\stefanopoulos\\Desktop\\e-forms\\vendor\\laravel\\framework\\src\\Illuminate\\Pipeline\\Pipeline.php(180): Illuminate\\Http\\Middleware\\HandleCors->handle(Object(Illuminate\\Http\\Request), Object(Closure))
#45 C:\\Users\\stefanopoulos\\Desktop\\e-forms\\vendor\\laravel\\framework\\src\\Illuminate\\Http\\Middleware\\TrustProxies.php(39): Illuminate\\Pipeline\\Pipeline->Illuminate\\Pipeline\\{closure}(Object(Illuminate\\Http\\Request))
#46 C:\\Users\\stefanopoulos\\Desktop\\e-forms\\vendor\\laravel\\framework\\src\\Illuminate\\Pipeline\\Pipeline.php(180): Illuminate\\Http\\Middleware\\TrustProxies->handle(Object(Illuminate\\Http\\Request), Object(Closure))
#47 C:\\Users\\stefanopoulos\\Desktop\\e-forms\\vendor\\laravel\\framework\\src\\Illuminate\\Pipeline\\Pipeline.php(116): Illuminate\\Pipeline\\Pipeline->Illuminate\\Pipeline\\{closure}(Object(Illuminate\\Http\\Request))
#48 C:\\Users\\stefanopoulos\\Desktop\\e-forms\\vendor\\laravel\\framework\\src\\Illuminate\\Foundation\\Http\\Kernel.php(175): Illuminate\\Pipeline\\Pipeline->then(Object(Closure))
#49 C:\\Users\\stefanopoulos\\Desktop\\e-forms\\vendor\\laravel\\framework\\src\\Illuminate\\Foundation\\Http\\Kernel.php(144): Illuminate\\Foundation\\Http\\Kernel->sendRequestThroughRouter(Object(Illuminate\\Http\\Request))
#50 C:\\Users\\stefanopoulos\\Desktop\\e-forms\\public\\index.php(51): Illuminate\\Foundation\\Http\\Kernel->handle(Object(Illuminate\\Http\\Request))
#51 C:\\Users\\stefanopoulos\\Desktop\\e-forms\\vendor\\laravel\\framework\\src\\Illuminate\\Foundation\\resources\\server.php(16): require_once('C:\\\\Users\\\\stefan...')
#52 {main}

[previous exception] [object] (Error(code: 0): Class \"App\\Models\\Action\" not found at C:\\Users\\stefanopoulos\\Desktop\\e-forms\\storage\\framework\\views\\4a879e0378956f770bdfc4b682befbd2.php:38)
[stacktrace]
#0 C:\\Users\\stefanopoulos\\Desktop\\e-forms\\vendor\\laravel\\framework\\src\\Illuminate\\Filesystem\\Filesystem.php(124): require()
#1 C:\\Users\\stefanopoulos\\Desktop\\e-forms\\vendor\\laravel\\framework\\src\\Illuminate\\Filesystem\\Filesystem.php(125): Illuminate\\Filesystem\\Filesystem::Illuminate\\Filesystem\\{closure}()
#2 C:\\Users\\stefanopoulos\\Desktop\\e-forms\\vendor\\laravel\\framework\\src\\Illuminate\\View\\Engines\\PhpEngine.php(58): Illuminate\\Filesystem\\Filesystem->getRequire('C:\\\\Users\\\\stefan...', Array)
#3 C:\\Users\\stefanopoulos\\Desktop\\e-forms\\vendor\\laravel\\framework\\src\\Illuminate\\View\\Engines\\CompilerEngine.php(70): Illuminate\\View\\Engines\\PhpEngine->evaluatePath('C:\\\\Users\\\\stefan...', Array)
#4 C:\\Users\\stefanopoulos\\Desktop\\e-forms\\vendor\\laravel\\framework\\src\\Illuminate\\View\\View.php(195): Illuminate\\View\\Engines\\CompilerEngine->get('C:\\\\Users\\\\stefan...', Array)
#5 C:\\Users\\stefanopoulos\\Desktop\\e-forms\\vendor\\laravel\\framework\\src\\Illuminate\\View\\View.php(178): Illuminate\\View\\View->getContents()
#6 C:\\Users\\stefanopoulos\\Desktop\\e-forms\\vendor\\laravel\\framework\\src\\Illuminate\\View\\View.php(147): Illuminate\\View\\View->renderContents()
#7 C:\\Users\\stefanopoulos\\Desktop\\e-forms\\vendor\\laravel\\framework\\src\\Illuminate\\Http\\Response.php(69): Illuminate\\View\\View->render()
#8 C:\\Users\\stefanopoulos\\Desktop\\e-forms\\vendor\\laravel\\framework\\src\\Illuminate\\Http\\Response.php(35): Illuminate\\Http\\Response->setContent(Object(Illuminate\\View\\View))
#9 C:\\Users\\stefanopoulos\\Desktop\\e-forms\\vendor\\laravel\\framework\\src\\Illuminate\\Routing\\Router.php(906): Illuminate\\Http\\Response->__construct(Object(Illuminate\\View\\View), 200, Array)
#10 C:\\Users\\stefanopoulos\\Desktop\\e-forms\\vendor\\laravel\\framework\\src\\Illuminate\\Routing\\Router.php(875): Illuminate\\Routing\\Router::toResponse(Object(Illuminate\\Http\\Request), Object(Illuminate\\View\\View))
#11 C:\\Users\\stefanopoulos\\Desktop\\e-forms\\vendor\\laravel\\framework\\src\\Illuminate\\Routing\\Router.php(797): Illuminate\\Routing\\Router->prepareResponse(Object(Illuminate\\Http\\Request), Object(Illuminate\\View\\View))
#12 C:\\Users\\stefanopoulos\\Desktop\\e-forms\\vendor\\laravel\\framework\\src\\Illuminate\\Pipeline\\Pipeline.php(141): Illuminate\\Routing\\Router->Illuminate\\Routing\\{closure}(Object(Illuminate\\Http\\Request))
#13 C:\\Users\\stefanopoulos\\Desktop\\e-forms\\vendor\\laravel\\framework\\src\\Illuminate\\Routing\\Middleware\\SubstituteBindings.php(50): Illuminate\\Pipeline\\Pipeline->Illuminate\\Pipeline\\{closure}(Object(Illuminate\\Http\\Request))
#14 C:\\Users\\stefanopoulos\\Desktop\\e-forms\\vendor\\laravel\\framework\\src\\Illuminate\\Pipeline\\Pipeline.php(180): Illuminate\\Routing\\Middleware\\SubstituteBindings->handle(Object(Illuminate\\Http\\Request), Object(Closure))
#15 C:\\Users\\stefanopoulos\\Desktop\\e-forms\\vendor\\laravel\\framework\\src\\Illuminate\\Foundation\\Http\\Middleware\\VerifyCsrfToken.php(78): Illuminate\\Pipeline\\Pipeline->Illuminate\\Pipeline\\{closure}(Object(Illuminate\\Http\\Request))
#16 C:\\Users\\stefanopoulos\\Desktop\\e-forms\\vendor\\laravel\\framework\\src\\Illuminate\\Pipeline\\Pipeline.php(180): Illuminate\\Foundation\\Http\\Middleware\\VerifyCsrfToken->handle(Object(Illuminate\\Http\\Request), Object(Closure))
#17 C:\\Users\\stefanopoulos\\Desktop\\e-forms\\vendor\\laravel\\framework\\src\\Illuminate\\View\\Middleware\\ShareErrorsFromSession.php(49): Illuminate\\Pipeline\\Pipeline->Illuminate\\Pipeline\\{closure}(Object(Illuminate\\Http\\Request))
#18 C:\\Users\\stefanopoulos\\Desktop\\e-forms\\vendor\\laravel\\framework\\src\\Illuminate\\Pipeline\\Pipeline.php(180): Illuminate\\View\\Middleware\\ShareErrorsFromSession->handle(Object(Illuminate\\Http\\Request), Object(Closure))
#19 C:\\Users\\stefanopoulos\\Desktop\\e-forms\\vendor\\laravel\\framework\\src\\Illuminate\\Session\\Middleware\\StartSession.php(121): Illuminate\\Pipeline\\Pipeline->Illuminate\\Pipeline\\{closure}(Object(Illuminate\\Http\\Request))
#20 C:\\Users\\stefanopoulos\\Desktop\\e-forms\\vendor\\laravel\\framework\\src\\Illuminate\\Session\\Middleware\\StartSession.php(64): Illuminate\\Session\\Middleware\\StartSession->handleStatefulRequest(Object(Illuminate\\Http\\Request), Object(Illuminate\\Session\\Store), Object(Closure))
#21 C:\\Users\\stefanopoulos\\Desktop\\e-forms\\vendor\\laravel\\framework\\src\\Illuminate\\Pipeline\\Pipeline.php(180): Illuminate\\Session\\Middleware\\StartSession->handle(Object(Illuminate\\Http\\Request), Object(Closure))
#22 C:\\Users\\stefanopoulos\\Desktop\\e-forms\\vendor\\laravel\\framework\\src\\Illuminate\\Cookie\\Middleware\\AddQueuedCookiesToResponse.php(37): Illuminate\\Pipeline\\Pipeline->Illuminate\\Pipeline\\{closure}(Object(Illuminate\\Http\\Request))
#23 C:\\Users\\stefanopoulos\\Desktop\\e-forms\\vendor\\laravel\\framework\\src\\Illuminate\\Pipeline\\Pipeline.php(180): Illuminate\\Cookie\\Middleware\\AddQueuedCookiesToResponse->handle(Object(Illuminate\\Http\\Request), Object(Closure))
#24 C:\\Users\\stefanopoulos\\Desktop\\e-forms\\vendor\\laravel\\framework\\src\\Illuminate\\Cookie\\Middleware\\EncryptCookies.php(67): Illuminate\\Pipeline\\Pipeline->Illuminate\\Pipeline\\{closure}(Object(Illuminate\\Http\\Request))
#25 C:\\Users\\stefanopoulos\\Desktop\\e-forms\\vendor\\laravel\\framework\\src\\Illuminate\\Pipeline\\Pipeline.php(180): Illuminate\\Cookie\\Middleware\\EncryptCookies->handle(Object(Illuminate\\Http\\Request), Object(Closure))
#26 C:\\Users\\stefanopoulos\\Desktop\\e-forms\\vendor\\laravel\\framework\\src\\Illuminate\\Pipeline\\Pipeline.php(116): Illuminate\\Pipeline\\Pipeline->Illuminate\\Pipeline\\{closure}(Object(Illuminate\\Http\\Request))
#27 C:\\Users\\stefanopoulos\\Desktop\\e-forms\\vendor\\laravel\\framework\\src\\Illuminate\\Routing\\Router.php(797): Illuminate\\Pipeline\\Pipeline->then(Object(Closure))
#28 C:\\Users\\stefanopoulos\\Desktop\\e-forms\\vendor\\laravel\\framework\\src\\Illuminate\\Routing\\Router.php(776): Illuminate\\Routing\\Router->runRouteWithinStack(Object(Illuminate\\Routing\\Route), Object(Illuminate\\Http\\Request))
#29 C:\\Users\\stefanopoulos\\Desktop\\e-forms\\vendor\\laravel\\framework\\src\\Illuminate\\Routing\\Router.php(740): Illuminate\\Routing\\Router->runRoute(Object(Illuminate\\Http\\Request), Object(Illuminate\\Routing\\Route))
#30 C:\\Users\\stefanopoulos\\Desktop\\e-forms\\vendor\\laravel\\framework\\src\\Illuminate\\Routing\\Router.php(729): Illuminate\\Routing\\Router->dispatchToRoute(Object(Illuminate\\Http\\Request))
#31 C:\\Users\\stefanopoulos\\Desktop\\e-forms\\vendor\\laravel\\framework\\src\\Illuminate\\Foundation\\Http\\Kernel.php(200): Illuminate\\Routing\\Router->dispatch(Object(Illuminate\\Http\\Request))
#32 C:\\Users\\stefanopoulos\\Desktop\\e-forms\\vendor\\laravel\\framework\\src\\Illuminate\\Pipeline\\Pipeline.php(141): Illuminate\\Foundation\\Http\\Kernel->Illuminate\\Foundation\\Http\\{closure}(Object(Illuminate\\Http\\Request))
#33 C:\\Users\\stefanopoulos\\Desktop\\e-forms\\vendor\\laravel\\framework\\src\\Illuminate\\Foundation\\Http\\Middleware\\TransformsRequest.php(21): Illuminate\\Pipeline\\Pipeline->Illuminate\\Pipeline\\{closure}(Object(Illuminate\\Http\\Request))
#34 C:\\Users\\stefanopoulos\\Desktop\\e-forms\\vendor\\laravel\\framework\\src\\Illuminate\\Foundation\\Http\\Middleware\\ConvertEmptyStringsToNull.php(31): Illuminate\\Foundation\\Http\\Middleware\\TransformsRequest->handle(Object(Illuminate\\Http\\Request), Object(Closure))
#35 C:\\Users\\stefanopoulos\\Desktop\\e-forms\\vendor\\laravel\\framework\\src\\Illuminate\\Pipeline\\Pipeline.php(180): Illuminate\\Foundation\\Http\\Middleware\\ConvertEmptyStringsToNull->handle(Object(Illuminate\\Http\\Request), Object(Closure))
#36 C:\\Users\\stefanopoulos\\Desktop\\e-forms\\vendor\\laravel\\framework\\src\\Illuminate\\Foundation\\Http\\Middleware\\TransformsRequest.php(21): Illuminate\\Pipeline\\Pipeline->Illuminate\\Pipeline\\{closure}(Object(Illuminate\\Http\\Request))
#37 C:\\Users\\stefanopoulos\\Desktop\\e-forms\\vendor\\laravel\\framework\\src\\Illuminate\\Foundation\\Http\\Middleware\\TrimStrings.php(40): Illuminate\\Foundation\\Http\\Middleware\\TransformsRequest->handle(Object(Illuminate\\Http\\Request), Object(Closure))
#38 C:\\Users\\stefanopoulos\\Desktop\\e-forms\\vendor\\laravel\\framework\\src\\Illuminate\\Pipeline\\Pipeline.php(180): Illuminate\\Foundation\\Http\\Middleware\\TrimStrings->handle(Object(Illuminate\\Http\\Request), Object(Closure))
#39 C:\\Users\\stefanopoulos\\Desktop\\e-forms\\vendor\\laravel\\framework\\src\\Illuminate\\Foundation\\Http\\Middleware\\ValidatePostSize.php(27): Illuminate\\Pipeline\\Pipeline->Illuminate\\Pipeline\\{closure}(Object(Illuminate\\Http\\Request))
#40 C:\\Users\\stefanopoulos\\Desktop\\e-forms\\vendor\\laravel\\framework\\src\\Illuminate\\Pipeline\\Pipeline.php(180): Illuminate\\Foundation\\Http\\Middleware\\ValidatePostSize->handle(Object(Illuminate\\Http\\Request), Object(Closure))
#41 C:\\Users\\stefanopoulos\\Desktop\\e-forms\\vendor\\laravel\\framework\\src\\Illuminate\\Foundation\\Http\\Middleware\\PreventRequestsDuringMaintenance.php(86): Illuminate\\Pipeline\\Pipeline->Illuminate\\Pipeline\\{closure}(Object(Illuminate\\Http\\Request))
#42 C:\\Users\\stefanopoulos\\Desktop\\e-forms\\vendor\\laravel\\framework\\src\\Illuminate\\Pipeline\\Pipeline.php(180): Illuminate\\Foundation\\Http\\Middleware\\PreventRequestsDuringMaintenance->handle(Object(Illuminate\\Http\\Request), Object(Closure))
#43 C:\\Users\\stefanopoulos\\Desktop\\e-forms\\vendor\\laravel\\framework\\src\\Illuminate\\Http\\Middleware\\HandleCors.php(49): Illuminate\\Pipeline\\Pipeline->Illuminate\\Pipeline\\{closure}(Object(Illuminate\\Http\\Request))
#44 C:\\Users\\stefanopoulos\\Desktop\\e-forms\\vendor\\laravel\\framework\\src\\Illuminate\\Pipeline\\Pipeline.php(180): Illuminate\\Http\\Middleware\\HandleCors->handle(Object(Illuminate\\Http\\Request), Object(Closure))
#45 C:\\Users\\stefanopoulos\\Desktop\\e-forms\\vendor\\laravel\\framework\\src\\Illuminate\\Http\\Middleware\\TrustProxies.php(39): Illuminate\\Pipeline\\Pipeline->Illuminate\\Pipeline\\{closure}(Object(Illuminate\\Http\\Request))
#46 C:\\Users\\stefanopoulos\\Desktop\\e-forms\\vendor\\laravel\\framework\\src\\Illuminate\\Pipeline\\Pipeline.php(180): Illuminate\\Http\\Middleware\\TrustProxies->handle(Object(Illuminate\\Http\\Request), Object(Closure))
#47 C:\\Users\\stefanopoulos\\Desktop\\e-forms\\vendor\\laravel\\framework\\src\\Illuminate\\Pipeline\\Pipeline.php(116): Illuminate\\Pipeline\\Pipeline->Illuminate\\Pipeline\\{closure}(Object(Illuminate\\Http\\Request))
#48 C:\\Users\\stefanopoulos\\Desktop\\e-forms\\vendor\\laravel\\framework\\src\\Illuminate\\Foundation\\Http\\Kernel.php(175): Illuminate\\Pipeline\\Pipeline->then(Object(Closure))
#49 C:\\Users\\stefanopoulos\\Desktop\\e-forms\\vendor\\laravel\\framework\\src\\Illuminate\\Foundation\\Http\\Kernel.php(144): Illuminate\\Foundation\\Http\\Kernel->sendRequestThroughRouter(Object(Illuminate\\Http\\Request))
#50 C:\\Users\\stefanopoulos\\Desktop\\e-forms\\public\\index.php(51): Illuminate\\Foundation\\Http\\Kernel->handle(Object(Illuminate\\Http\\Request))
#51 C:\\Users\\stefanopoulos\\Desktop\\e-forms\\vendor\\laravel\\framework\\src\\Illuminate\\Foundation\\resources\\server.php(16): require_once('C:\\\\Users\\\\stefan...')
#52 {main}
"} 
[2025-04-16 10:37:50] local.ERROR: syntax error, unexpected token "=" {"view":{"view":"C:\\Users\\stefanopoulos\\Desktop\\e-forms\\resources\\views\\microapps\\actions\\index_consultant.blade.php","data":{"errors":"<pre class=sf-dump id=sf-dump-2026752688 data-indent-pad=\"  \"><span class=sf-dump-note>Illuminate\\Support\\ViewErrorBag</span> {<a class=sf-dump-ref>#1729</a><samp data-depth=1 class=sf-dump-expanded>
  #<span class=sf-dump-protected title=\"Protected property\">bags</span>: []
</samp>}
</pre><script>Sfdump(\"sf-dump-2026752688\", {\"maxDepth\":3,\"maxStringLength\":160})</script>
"}},"exception":"[object] (Spatie\\LaravelIgnition\\Exceptions\\ViewException(code: 0): syntax error, unexpected token \"=\" at C:\\Users\\stefanopoulos\\Desktop\\e-forms\\resources\\views\\microapps\\actions\\index_consultant.blade.php:22)
[stacktrace]
#0 C:\\Users\\stefanopoulos\\Desktop\\e-forms\\vendor\\laravel\\framework\\src\\Illuminate\\Filesystem\\Filesystem.php(125): Illuminate\\Filesystem\\Filesystem::Illuminate\\Filesystem\\{closure}()
#1 C:\\Users\\stefanopoulos\\Desktop\\e-forms\\vendor\\laravel\\framework\\src\\Illuminate\\View\\Engines\\PhpEngine.php(58): Illuminate\\Filesystem\\Filesystem->getRequire('C:\\\\Users\\\\stefan...', Array)
#2 C:\\Users\\stefanopoulos\\Desktop\\e-forms\\vendor\\laravel\\framework\\src\\Illuminate\\View\\Engines\\CompilerEngine.php(70): Illuminate\\View\\Engines\\PhpEngine->evaluatePath('C:\\\\Users\\\\stefan...', Array)
#3 C:\\Users\\stefanopoulos\\Desktop\\e-forms\\vendor\\laravel\\framework\\src\\Illuminate\\View\\View.php(195): Illuminate\\View\\Engines\\CompilerEngine->get('C:\\\\Users\\\\stefan...', Array)
#4 C:\\Users\\stefanopoulos\\Desktop\\e-forms\\vendor\\laravel\\framework\\src\\Illuminate\\View\\View.php(178): Illuminate\\View\\View->getContents()
#5 C:\\Users\\stefanopoulos\\Desktop\\e-forms\\vendor\\laravel\\framework\\src\\Illuminate\\View\\View.php(147): Illuminate\\View\\View->renderContents()
#6 C:\\Users\\stefanopoulos\\Desktop\\e-forms\\vendor\\laravel\\framework\\src\\Illuminate\\Http\\Response.php(69): Illuminate\\View\\View->render()
#7 C:\\Users\\stefanopoulos\\Desktop\\e-forms\\vendor\\laravel\\framework\\src\\Illuminate\\Http\\Response.php(35): Illuminate\\Http\\Response->setContent(Object(Illuminate\\View\\View))
#8 C:\\Users\\stefanopoulos\\Desktop\\e-forms\\vendor\\laravel\\framework\\src\\Illuminate\\Routing\\Router.php(906): Illuminate\\Http\\Response->__construct(Object(Illuminate\\View\\View), 200, Array)
#9 C:\\Users\\stefanopoulos\\Desktop\\e-forms\\vendor\\laravel\\framework\\src\\Illuminate\\Routing\\Router.php(875): Illuminate\\Routing\\Router::toResponse(Object(Illuminate\\Http\\Request), Object(Illuminate\\View\\View))
#10 C:\\Users\\stefanopoulos\\Desktop\\e-forms\\vendor\\laravel\\framework\\src\\Illuminate\\Routing\\Router.php(797): Illuminate\\Routing\\Router->prepareResponse(Object(Illuminate\\Http\\Request), Object(Illuminate\\View\\View))
#11 C:\\Users\\stefanopoulos\\Desktop\\e-forms\\vendor\\laravel\\framework\\src\\Illuminate\\Pipeline\\Pipeline.php(141): Illuminate\\Routing\\Router->Illuminate\\Routing\\{closure}(Object(Illuminate\\Http\\Request))
#12 C:\\Users\\stefanopoulos\\Desktop\\e-forms\\vendor\\laravel\\framework\\src\\Illuminate\\Routing\\Middleware\\SubstituteBindings.php(50): Illuminate\\Pipeline\\Pipeline->Illuminate\\Pipeline\\{closure}(Object(Illuminate\\Http\\Request))
#13 C:\\Users\\stefanopoulos\\Desktop\\e-forms\\vendor\\laravel\\framework\\src\\Illuminate\\Pipeline\\Pipeline.php(180): Illuminate\\Routing\\Middleware\\SubstituteBindings->handle(Object(Illuminate\\Http\\Request), Object(Closure))
#14 C:\\Users\\stefanopoulos\\Desktop\\e-forms\\vendor\\laravel\\framework\\src\\Illuminate\\Foundation\\Http\\Middleware\\VerifyCsrfToken.php(78): Illuminate\\Pipeline\\Pipeline->Illuminate\\Pipeline\\{closure}(Object(Illuminate\\Http\\Request))
#15 C:\\Users\\stefanopoulos\\Desktop\\e-forms\\vendor\\laravel\\framework\\src\\Illuminate\\Pipeline\\Pipeline.php(180): Illuminate\\Foundation\\Http\\Middleware\\VerifyCsrfToken->handle(Object(Illuminate\\Http\\Request), Object(Closure))
#16 C:\\Users\\stefanopoulos\\Desktop\\e-forms\\vendor\\laravel\\framework\\src\\Illuminate\\View\\Middleware\\ShareErrorsFromSession.php(49): Illuminate\\Pipeline\\Pipeline->Illuminate\\Pipeline\\{closure}(Object(Illuminate\\Http\\Request))
#17 C:\\Users\\stefanopoulos\\Desktop\\e-forms\\vendor\\laravel\\framework\\src\\Illuminate\\Pipeline\\Pipeline.php(180): Illuminate\\View\\Middleware\\ShareErrorsFromSession->handle(Object(Illuminate\\Http\\Request), Object(Closure))
#18 C:\\Users\\stefanopoulos\\Desktop\\e-forms\\vendor\\laravel\\framework\\src\\Illuminate\\Session\\Middleware\\StartSession.php(121): Illuminate\\Pipeline\\Pipeline->Illuminate\\Pipeline\\{closure}(Object(Illuminate\\Http\\Request))
#19 C:\\Users\\stefanopoulos\\Desktop\\e-forms\\vendor\\laravel\\framework\\src\\Illuminate\\Session\\Middleware\\StartSession.php(64): Illuminate\\Session\\Middleware\\StartSession->handleStatefulRequest(Object(Illuminate\\Http\\Request), Object(Illuminate\\Session\\Store), Object(Closure))
#20 C:\\Users\\stefanopoulos\\Desktop\\e-forms\\vendor\\laravel\\framework\\src\\Illuminate\\Pipeline\\Pipeline.php(180): Illuminate\\Session\\Middleware\\StartSession->handle(Object(Illuminate\\Http\\Request), Object(Closure))
#21 C:\\Users\\stefanopoulos\\Desktop\\e-forms\\vendor\\laravel\\framework\\src\\Illuminate\\Cookie\\Middleware\\AddQueuedCookiesToResponse.php(37): Illuminate\\Pipeline\\Pipeline->Illuminate\\Pipeline\\{closure}(Object(Illuminate\\Http\\Request))
#22 C:\\Users\\stefanopoulos\\Desktop\\e-forms\\vendor\\laravel\\framework\\src\\Illuminate\\Pipeline\\Pipeline.php(180): Illuminate\\Cookie\\Middleware\\AddQueuedCookiesToResponse->handle(Object(Illuminate\\Http\\Request), Object(Closure))
#23 C:\\Users\\stefanopoulos\\Desktop\\e-forms\\vendor\\laravel\\framework\\src\\Illuminate\\Cookie\\Middleware\\EncryptCookies.php(67): Illuminate\\Pipeline\\Pipeline->Illuminate\\Pipeline\\{closure}(Object(Illuminate\\Http\\Request))
#24 C:\\Users\\stefanopoulos\\Desktop\\e-forms\\vendor\\laravel\\framework\\src\\Illuminate\\Pipeline\\Pipeline.php(180): Illuminate\\Cookie\\Middleware\\EncryptCookies->handle(Object(Illuminate\\Http\\Request), Object(Closure))
#25 C:\\Users\\stefanopoulos\\Desktop\\e-forms\\vendor\\laravel\\framework\\src\\Illuminate\\Pipeline\\Pipeline.php(116): Illuminate\\Pipeline\\Pipeline->Illuminate\\Pipeline\\{closure}(Object(Illuminate\\Http\\Request))
#26 C:\\Users\\stefanopoulos\\Desktop\\e-forms\\vendor\\laravel\\framework\\src\\Illuminate\\Routing\\Router.php(797): Illuminate\\Pipeline\\Pipeline->then(Object(Closure))
#27 C:\\Users\\stefanopoulos\\Desktop\\e-forms\\vendor\\laravel\\framework\\src\\Illuminate\\Routing\\Router.php(776): Illuminate\\Routing\\Router->runRouteWithinStack(Object(Illuminate\\Routing\\Route), Object(Illuminate\\Http\\Request))
#28 C:\\Users\\stefanopoulos\\Desktop\\e-forms\\vendor\\laravel\\framework\\src\\Illuminate\\Routing\\Router.php(740): Illuminate\\Routing\\Router->runRoute(Object(Illuminate\\Http\\Request), Object(Illuminate\\Routing\\Route))
#29 C:\\Users\\stefanopoulos\\Desktop\\e-forms\\vendor\\laravel\\framework\\src\\Illuminate\\Routing\\Router.php(729): Illuminate\\Routing\\Router->dispatchToRoute(Object(Illuminate\\Http\\Request))
#30 C:\\Users\\stefanopoulos\\Desktop\\e-forms\\vendor\\laravel\\framework\\src\\Illuminate\\Foundation\\Http\\Kernel.php(200): Illuminate\\Routing\\Router->dispatch(Object(Illuminate\\Http\\Request))
#31 C:\\Users\\stefanopoulos\\Desktop\\e-forms\\vendor\\laravel\\framework\\src\\Illuminate\\Pipeline\\Pipeline.php(141): Illuminate\\Foundation\\Http\\Kernel->Illuminate\\Foundation\\Http\\{closure}(Object(Illuminate\\Http\\Request))
#32 C:\\Users\\stefanopoulos\\Desktop\\e-forms\\vendor\\laravel\\framework\\src\\Illuminate\\Foundation\\Http\\Middleware\\TransformsRequest.php(21): Illuminate\\Pipeline\\Pipeline->Illuminate\\Pipeline\\{closure}(Object(Illuminate\\Http\\Request))
#33 C:\\Users\\stefanopoulos\\Desktop\\e-forms\\vendor\\laravel\\framework\\src\\Illuminate\\Foundation\\Http\\Middleware\\ConvertEmptyStringsToNull.php(31): Illuminate\\Foundation\\Http\\Middleware\\TransformsRequest->handle(Object(Illuminate\\Http\\Request), Object(Closure))
#34 C:\\Users\\stefanopoulos\\Desktop\\e-forms\\vendor\\laravel\\framework\\src\\Illuminate\\Pipeline\\Pipeline.php(180): Illuminate\\Foundation\\Http\\Middleware\\ConvertEmptyStringsToNull->handle(Object(Illuminate\\Http\\Request), Object(Closure))
#35 C:\\Users\\stefanopoulos\\Desktop\\e-forms\\vendor\\laravel\\framework\\src\\Illuminate\\Foundation\\Http\\Middleware\\TransformsRequest.php(21): Illuminate\\Pipeline\\Pipeline->Illuminate\\Pipeline\\{closure}(Object(Illuminate\\Http\\Request))
#36 C:\\Users\\stefanopoulos\\Desktop\\e-forms\\vendor\\laravel\\framework\\src\\Illuminate\\Foundation\\Http\\Middleware\\TrimStrings.php(40): Illuminate\\Foundation\\Http\\Middleware\\TransformsRequest->handle(Object(Illuminate\\Http\\Request), Object(Closure))
#37 C:\\Users\\stefanopoulos\\Desktop\\e-forms\\vendor\\laravel\\framework\\src\\Illuminate\\Pipeline\\Pipeline.php(180): Illuminate\\Foundation\\Http\\Middleware\\TrimStrings->handle(Object(Illuminate\\Http\\Request), Object(Closure))
#38 C:\\Users\\stefanopoulos\\Desktop\\e-forms\\vendor\\laravel\\framework\\src\\Illuminate\\Foundation\\Http\\Middleware\\ValidatePostSize.php(27): Illuminate\\Pipeline\\Pipeline->Illuminate\\Pipeline\\{closure}(Object(Illuminate\\Http\\Request))
#39 C:\\Users\\stefanopoulos\\Desktop\\e-forms\\vendor\\laravel\\framework\\src\\Illuminate\\Pipeline\\Pipeline.php(180): Illuminate\\Foundation\\Http\\Middleware\\ValidatePostSize->handle(Object(Illuminate\\Http\\Request), Object(Closure))
#40 C:\\Users\\stefanopoulos\\Desktop\\e-forms\\vendor\\laravel\\framework\\src\\Illuminate\\Foundation\\Http\\Middleware\\PreventRequestsDuringMaintenance.php(86): Illuminate\\Pipeline\\Pipeline->Illuminate\\Pipeline\\{closure}(Object(Illuminate\\Http\\Request))
#41 C:\\Users\\stefanopoulos\\Desktop\\e-forms\\vendor\\laravel\\framework\\src\\Illuminate\\Pipeline\\Pipeline.php(180): Illuminate\\Foundation\\Http\\Middleware\\PreventRequestsDuringMaintenance->handle(Object(Illuminate\\Http\\Request), Object(Closure))
#42 C:\\Users\\stefanopoulos\\Desktop\\e-forms\\vendor\\laravel\\framework\\src\\Illuminate\\Http\\Middleware\\HandleCors.php(49): Illuminate\\Pipeline\\Pipeline->Illuminate\\Pipeline\\{closure}(Object(Illuminate\\Http\\Request))
#43 C:\\Users\\stefanopoulos\\Desktop\\e-forms\\vendor\\laravel\\framework\\src\\Illuminate\\Pipeline\\Pipeline.php(180): Illuminate\\Http\\Middleware\\HandleCors->handle(Object(Illuminate\\Http\\Request), Object(Closure))
#44 C:\\Users\\stefanopoulos\\Desktop\\e-forms\\vendor\\laravel\\framework\\src\\Illuminate\\Http\\Middleware\\TrustProxies.php(39): Illuminate\\Pipeline\\Pipeline->Illuminate\\Pipeline\\{closure}(Object(Illuminate\\Http\\Request))
#45 C:\\Users\\stefanopoulos\\Desktop\\e-forms\\vendor\\laravel\\framework\\src\\Illuminate\\Pipeline\\Pipeline.php(180): Illuminate\\Http\\Middleware\\TrustProxies->handle(Object(Illuminate\\Http\\Request), Object(Closure))
#46 C:\\Users\\stefanopoulos\\Desktop\\e-forms\\vendor\\laravel\\framework\\src\\Illuminate\\Pipeline\\Pipeline.php(116): Illuminate\\Pipeline\\Pipeline->Illuminate\\Pipeline\\{closure}(Object(Illuminate\\Http\\Request))
#47 C:\\Users\\stefanopoulos\\Desktop\\e-forms\\vendor\\laravel\\framework\\src\\Illuminate\\Foundation\\Http\\Kernel.php(175): Illuminate\\Pipeline\\Pipeline->then(Object(Closure))
#48 C:\\Users\\stefanopoulos\\Desktop\\e-forms\\vendor\\laravel\\framework\\src\\Illuminate\\Foundation\\Http\\Kernel.php(144): Illuminate\\Foundation\\Http\\Kernel->sendRequestThroughRouter(Object(Illuminate\\Http\\Request))
#49 C:\\Users\\stefanopoulos\\Desktop\\e-forms\\public\\index.php(51): Illuminate\\Foundation\\Http\\Kernel->handle(Object(Illuminate\\Http\\Request))
#50 C:\\Users\\stefanopoulos\\Desktop\\e-forms\\vendor\\laravel\\framework\\src\\Illuminate\\Foundation\\resources\\server.php(16): require_once('C:\\\\Users\\\\stefan...')
#51 {main}

[previous exception] [object] (ParseError(code: 0): syntax error, unexpected token \"=\" at C:\\Users\\stefanopoulos\\Desktop\\e-forms\\storage\\framework\\views\\4a879e0378956f770bdfc4b682befbd2.php:37)
[stacktrace]
#0 C:\\Users\\stefanopoulos\\Desktop\\e-forms\\vendor\\laravel\\framework\\src\\Illuminate\\Filesystem\\Filesystem.php(125): Illuminate\\Filesystem\\Filesystem::Illuminate\\Filesystem\\{closure}()
#1 C:\\Users\\stefanopoulos\\Desktop\\e-forms\\vendor\\laravel\\framework\\src\\Illuminate\\View\\Engines\\PhpEngine.php(58): Illuminate\\Filesystem\\Filesystem->getRequire('C:\\\\Users\\\\stefan...', Array)
#2 C:\\Users\\stefanopoulos\\Desktop\\e-forms\\vendor\\laravel\\framework\\src\\Illuminate\\View\\Engines\\CompilerEngine.php(70): Illuminate\\View\\Engines\\PhpEngine->evaluatePath('C:\\\\Users\\\\stefan...', Array)
#3 C:\\Users\\stefanopoulos\\Desktop\\e-forms\\vendor\\laravel\\framework\\src\\Illuminate\\View\\View.php(195): Illuminate\\View\\Engines\\CompilerEngine->get('C:\\\\Users\\\\stefan...', Array)
#4 C:\\Users\\stefanopoulos\\Desktop\\e-forms\\vendor\\laravel\\framework\\src\\Illuminate\\View\\View.php(178): Illuminate\\View\\View->getContents()
#5 C:\\Users\\stefanopoulos\\Desktop\\e-forms\\vendor\\laravel\\framework\\src\\Illuminate\\View\\View.php(147): Illuminate\\View\\View->renderContents()
#6 C:\\Users\\stefanopoulos\\Desktop\\e-forms\\vendor\\laravel\\framework\\src\\Illuminate\\Http\\Response.php(69): Illuminate\\View\\View->render()
#7 C:\\Users\\stefanopoulos\\Desktop\\e-forms\\vendor\\laravel\\framework\\src\\Illuminate\\Http\\Response.php(35): Illuminate\\Http\\Response->setContent(Object(Illuminate\\View\\View))
#8 C:\\Users\\stefanopoulos\\Desktop\\e-forms\\vendor\\laravel\\framework\\src\\Illuminate\\Routing\\Router.php(906): Illuminate\\Http\\Response->__construct(Object(Illuminate\\View\\View), 200, Array)
#9 C:\\Users\\stefanopoulos\\Desktop\\e-forms\\vendor\\laravel\\framework\\src\\Illuminate\\Routing\\Router.php(875): Illuminate\\Routing\\Router::toResponse(Object(Illuminate\\Http\\Request), Object(Illuminate\\View\\View))
#10 C:\\Users\\stefanopoulos\\Desktop\\e-forms\\vendor\\laravel\\framework\\src\\Illuminate\\Routing\\Router.php(797): Illuminate\\Routing\\Router->prepareResponse(Object(Illuminate\\Http\\Request), Object(Illuminate\\View\\View))
#11 C:\\Users\\stefanopoulos\\Desktop\\e-forms\\vendor\\laravel\\framework\\src\\Illuminate\\Pipeline\\Pipeline.php(141): Illuminate\\Routing\\Router->Illuminate\\Routing\\{closure}(Object(Illuminate\\Http\\Request))
#12 C:\\Users\\stefanopoulos\\Desktop\\e-forms\\vendor\\laravel\\framework\\src\\Illuminate\\Routing\\Middleware\\SubstituteBindings.php(50): Illuminate\\Pipeline\\Pipeline->Illuminate\\Pipeline\\{closure}(Object(Illuminate\\Http\\Request))
#13 C:\\Users\\stefanopoulos\\Desktop\\e-forms\\vendor\\laravel\\framework\\src\\Illuminate\\Pipeline\\Pipeline.php(180): Illuminate\\Routing\\Middleware\\SubstituteBindings->handle(Object(Illuminate\\Http\\Request), Object(Closure))
#14 C:\\Users\\stefanopoulos\\Desktop\\e-forms\\vendor\\laravel\\framework\\src\\Illuminate\\Foundation\\Http\\Middleware\\VerifyCsrfToken.php(78): Illuminate\\Pipeline\\Pipeline->Illuminate\\Pipeline\\{closure}(Object(Illuminate\\Http\\Request))
#15 C:\\Users\\stefanopoulos\\Desktop\\e-forms\\vendor\\laravel\\framework\\src\\Illuminate\\Pipeline\\Pipeline.php(180): Illuminate\\Foundation\\Http\\Middleware\\VerifyCsrfToken->handle(Object(Illuminate\\Http\\Request), Object(Closure))
#16 C:\\Users\\stefanopoulos\\Desktop\\e-forms\\vendor\\laravel\\framework\\src\\Illuminate\\View\\Middleware\\ShareErrorsFromSession.php(49): Illuminate\\Pipeline\\Pipeline->Illuminate\\Pipeline\\{closure}(Object(Illuminate\\Http\\Request))
#17 C:\\Users\\stefanopoulos\\Desktop\\e-forms\\vendor\\laravel\\framework\\src\\Illuminate\\Pipeline\\Pipeline.php(180): Illuminate\\View\\Middleware\\ShareErrorsFromSession->handle(Object(Illuminate\\Http\\Request), Object(Closure))
#18 C:\\Users\\stefanopoulos\\Desktop\\e-forms\\vendor\\laravel\\framework\\src\\Illuminate\\Session\\Middleware\\StartSession.php(121): Illuminate\\Pipeline\\Pipeline->Illuminate\\Pipeline\\{closure}(Object(Illuminate\\Http\\Request))
#19 C:\\Users\\stefanopoulos\\Desktop\\e-forms\\vendor\\laravel\\framework\\src\\Illuminate\\Session\\Middleware\\StartSession.php(64): Illuminate\\Session\\Middleware\\StartSession->handleStatefulRequest(Object(Illuminate\\Http\\Request), Object(Illuminate\\Session\\Store), Object(Closure))
#20 C:\\Users\\stefanopoulos\\Desktop\\e-forms\\vendor\\laravel\\framework\\src\\Illuminate\\Pipeline\\Pipeline.php(180): Illuminate\\Session\\Middleware\\StartSession->handle(Object(Illuminate\\Http\\Request), Object(Closure))
#21 C:\\Users\\stefanopoulos\\Desktop\\e-forms\\vendor\\laravel\\framework\\src\\Illuminate\\Cookie\\Middleware\\AddQueuedCookiesToResponse.php(37): Illuminate\\Pipeline\\Pipeline->Illuminate\\Pipeline\\{closure}(Object(Illuminate\\Http\\Request))
#22 C:\\Users\\stefanopoulos\\Desktop\\e-forms\\vendor\\laravel\\framework\\src\\Illuminate\\Pipeline\\Pipeline.php(180): Illuminate\\Cookie\\Middleware\\AddQueuedCookiesToResponse->handle(Object(Illuminate\\Http\\Request), Object(Closure))
#23 C:\\Users\\stefanopoulos\\Desktop\\e-forms\\vendor\\laravel\\framework\\src\\Illuminate\\Cookie\\Middleware\\EncryptCookies.php(67): Illuminate\\Pipeline\\Pipeline->Illuminate\\Pipeline\\{closure}(Object(Illuminate\\Http\\Request))
#24 C:\\Users\\stefanopoulos\\Desktop\\e-forms\\vendor\\laravel\\framework\\src\\Illuminate\\Pipeline\\Pipeline.php(180): Illuminate\\Cookie\\Middleware\\EncryptCookies->handle(Object(Illuminate\\Http\\Request), Object(Closure))
#25 C:\\Users\\stefanopoulos\\Desktop\\e-forms\\vendor\\laravel\\framework\\src\\Illuminate\\Pipeline\\Pipeline.php(116): Illuminate\\Pipeline\\Pipeline->Illuminate\\Pipeline\\{closure}(Object(Illuminate\\Http\\Request))
#26 C:\\Users\\stefanopoulos\\Desktop\\e-forms\\vendor\\laravel\\framework\\src\\Illuminate\\Routing\\Router.php(797): Illuminate\\Pipeline\\Pipeline->then(Object(Closure))
#27 C:\\Users\\stefanopoulos\\Desktop\\e-forms\\vendor\\laravel\\framework\\src\\Illuminate\\Routing\\Router.php(776): Illuminate\\Routing\\Router->runRouteWithinStack(Object(Illuminate\\Routing\\Route), Object(Illuminate\\Http\\Request))
#28 C:\\Users\\stefanopoulos\\Desktop\\e-forms\\vendor\\laravel\\framework\\src\\Illuminate\\Routing\\Router.php(740): Illuminate\\Routing\\Router->runRoute(Object(Illuminate\\Http\\Request), Object(Illuminate\\Routing\\Route))
#29 C:\\Users\\stefanopoulos\\Desktop\\e-forms\\vendor\\laravel\\framework\\src\\Illuminate\\Routing\\Router.php(729): Illuminate\\Routing\\Router->dispatchToRoute(Object(Illuminate\\Http\\Request))
#30 C:\\Users\\stefanopoulos\\Desktop\\e-forms\\vendor\\laravel\\framework\\src\\Illuminate\\Foundation\\Http\\Kernel.php(200): Illuminate\\Routing\\Router->dispatch(Object(Illuminate\\Http\\Request))
#31 C:\\Users\\stefanopoulos\\Desktop\\e-forms\\vendor\\laravel\\framework\\src\\Illuminate\\Pipeline\\Pipeline.php(141): Illuminate\\Foundation\\Http\\Kernel->Illuminate\\Foundation\\Http\\{closure}(Object(Illuminate\\Http\\Request))
#32 C:\\Users\\stefanopoulos\\Desktop\\e-forms\\vendor\\laravel\\framework\\src\\Illuminate\\Foundation\\Http\\Middleware\\TransformsRequest.php(21): Illuminate\\Pipeline\\Pipeline->Illuminate\\Pipeline\\{closure}(Object(Illuminate\\Http\\Request))
#33 C:\\Users\\stefanopoulos\\Desktop\\e-forms\\vendor\\laravel\\framework\\src\\Illuminate\\Foundation\\Http\\Middleware\\ConvertEmptyStringsToNull.php(31): Illuminate\\Foundation\\Http\\Middleware\\TransformsRequest->handle(Object(Illuminate\\Http\\Request), Object(Closure))
#34 C:\\Users\\stefanopoulos\\Desktop\\e-forms\\vendor\\laravel\\framework\\src\\Illuminate\\Pipeline\\Pipeline.php(180): Illuminate\\Foundation\\Http\\Middleware\\ConvertEmptyStringsToNull->handle(Object(Illuminate\\Http\\Request), Object(Closure))
#35 C:\\Users\\stefanopoulos\\Desktop\\e-forms\\vendor\\laravel\\framework\\src\\Illuminate\\Foundation\\Http\\Middleware\\TransformsRequest.php(21): Illuminate\\Pipeline\\Pipeline->Illuminate\\Pipeline\\{closure}(Object(Illuminate\\Http\\Request))
#36 C:\\Users\\stefanopoulos\\Desktop\\e-forms\\vendor\\laravel\\framework\\src\\Illuminate\\Foundation\\Http\\Middleware\\TrimStrings.php(40): Illuminate\\Foundation\\Http\\Middleware\\TransformsRequest->handle(Object(Illuminate\\Http\\Request), Object(Closure))
#37 C:\\Users\\stefanopoulos\\Desktop\\e-forms\\vendor\\laravel\\framework\\src\\Illuminate\\Pipeline\\Pipeline.php(180): Illuminate\\Foundation\\Http\\Middleware\\TrimStrings->handle(Object(Illuminate\\Http\\Request), Object(Closure))
#38 C:\\Users\\stefanopoulos\\Desktop\\e-forms\\vendor\\laravel\\framework\\src\\Illuminate\\Foundation\\Http\\Middleware\\ValidatePostSize.php(27): Illuminate\\Pipeline\\Pipeline->Illuminate\\Pipeline\\{closure}(Object(Illuminate\\Http\\Request))
#39 C:\\Users\\stefanopoulos\\Desktop\\e-forms\\vendor\\laravel\\framework\\src\\Illuminate\\Pipeline\\Pipeline.php(180): Illuminate\\Foundation\\Http\\Middleware\\ValidatePostSize->handle(Object(Illuminate\\Http\\Request), Object(Closure))
#40 C:\\Users\\stefanopoulos\\Desktop\\e-forms\\vendor\\laravel\\framework\\src\\Illuminate\\Foundation\\Http\\Middleware\\PreventRequestsDuringMaintenance.php(86): Illuminate\\Pipeline\\Pipeline->Illuminate\\Pipeline\\{closure}(Object(Illuminate\\Http\\Request))
#41 C:\\Users\\stefanopoulos\\Desktop\\e-forms\\vendor\\laravel\\framework\\src\\Illuminate\\Pipeline\\Pipeline.php(180): Illuminate\\Foundation\\Http\\Middleware\\PreventRequestsDuringMaintenance->handle(Object(Illuminate\\Http\\Request), Object(Closure))
#42 C:\\Users\\stefanopoulos\\Desktop\\e-forms\\vendor\\laravel\\framework\\src\\Illuminate\\Http\\Middleware\\HandleCors.php(49): Illuminate\\Pipeline\\Pipeline->Illuminate\\Pipeline\\{closure}(Object(Illuminate\\Http\\Request))
#43 C:\\Users\\stefanopoulos\\Desktop\\e-forms\\vendor\\laravel\\framework\\src\\Illuminate\\Pipeline\\Pipeline.php(180): Illuminate\\Http\\Middleware\\HandleCors->handle(Object(Illuminate\\Http\\Request), Object(Closure))
#44 C:\\Users\\stefanopoulos\\Desktop\\e-forms\\vendor\\laravel\\framework\\src\\Illuminate\\Http\\Middleware\\TrustProxies.php(39): Illuminate\\Pipeline\\Pipeline->Illuminate\\Pipeline\\{closure}(Object(Illuminate\\Http\\Request))
#45 C:\\Users\\stefanopoulos\\Desktop\\e-forms\\vendor\\laravel\\framework\\src\\Illuminate\\Pipeline\\Pipeline.php(180): Illuminate\\Http\\Middleware\\TrustProxies->handle(Object(Illuminate\\Http\\Request), Object(Closure))
#46 C:\\Users\\stefanopoulos\\Desktop\\e-forms\\vendor\\laravel\\framework\\src\\Illuminate\\Pipeline\\Pipeline.php(116): Illuminate\\Pipeline\\Pipeline->Illuminate\\Pipeline\\{closure}(Object(Illuminate\\Http\\Request))
#47 C:\\Users\\stefanopoulos\\Desktop\\e-forms\\vendor\\laravel\\framework\\src\\Illuminate\\Foundation\\Http\\Kernel.php(175): Illuminate\\Pipeline\\Pipeline->then(Object(Closure))
#48 C:\\Users\\stefanopoulos\\Desktop\\e-forms\\vendor\\laravel\\framework\\src\\Illuminate\\Foundation\\Http\\Kernel.php(144): Illuminate\\Foundation\\Http\\Kernel->sendRequestThroughRouter(Object(Illuminate\\Http\\Request))
#49 C:\\Users\\stefanopoulos\\Desktop\\e-forms\\public\\index.php(51): Illuminate\\Foundation\\Http\\Kernel->handle(Object(Illuminate\\Http\\Request))
#50 C:\\Users\\stefanopoulos\\Desktop\\e-forms\\vendor\\laravel\\framework\\src\\Illuminate\\Foundation\\resources\\server.php(16): require_once('C:\\\\Users\\\\stefan...')
#51 {main}
"} 
[2025-04-16 10:38:01] local.ERROR: syntax error, unexpected token "=" {"view":{"view":"C:\\Users\\stefanopoulos\\Desktop\\e-forms\\resources\\views\\microapps\\actions\\index_consultant.blade.php","data":{"errors":"<pre class=sf-dump id=sf-dump-1115635870 data-indent-pad=\"  \"><span class=sf-dump-note>Illuminate\\Support\\ViewErrorBag</span> {<a class=sf-dump-ref>#1729</a><samp data-depth=1 class=sf-dump-expanded>
  #<span class=sf-dump-protected title=\"Protected property\">bags</span>: []
</samp>}
</pre><script>Sfdump(\"sf-dump-1115635870\", {\"maxDepth\":3,\"maxStringLength\":160})</script>
"}},"exception":"[object] (Spatie\\LaravelIgnition\\Exceptions\\ViewException(code: 0): syntax error, unexpected token \"=\" at C:\\Users\\stefanopoulos\\Desktop\\e-forms\\resources\\views\\microapps\\actions\\index_consultant.blade.php:22)
[stacktrace]
#0 C:\\Users\\stefanopoulos\\Desktop\\e-forms\\vendor\\laravel\\framework\\src\\Illuminate\\Filesystem\\Filesystem.php(125): Illuminate\\Filesystem\\Filesystem::Illuminate\\Filesystem\\{closure}()
#1 C:\\Users\\stefanopoulos\\Desktop\\e-forms\\vendor\\laravel\\framework\\src\\Illuminate\\View\\Engines\\PhpEngine.php(58): Illuminate\\Filesystem\\Filesystem->getRequire('C:\\\\Users\\\\stefan...', Array)
#2 C:\\Users\\stefanopoulos\\Desktop\\e-forms\\vendor\\laravel\\framework\\src\\Illuminate\\View\\Engines\\CompilerEngine.php(70): Illuminate\\View\\Engines\\PhpEngine->evaluatePath('C:\\\\Users\\\\stefan...', Array)
#3 C:\\Users\\stefanopoulos\\Desktop\\e-forms\\vendor\\laravel\\framework\\src\\Illuminate\\View\\View.php(195): Illuminate\\View\\Engines\\CompilerEngine->get('C:\\\\Users\\\\stefan...', Array)
#4 C:\\Users\\stefanopoulos\\Desktop\\e-forms\\vendor\\laravel\\framework\\src\\Illuminate\\View\\View.php(178): Illuminate\\View\\View->getContents()
#5 C:\\Users\\stefanopoulos\\Desktop\\e-forms\\vendor\\laravel\\framework\\src\\Illuminate\\View\\View.php(147): Illuminate\\View\\View->renderContents()
#6 C:\\Users\\stefanopoulos\\Desktop\\e-forms\\vendor\\laravel\\framework\\src\\Illuminate\\Http\\Response.php(69): Illuminate\\View\\View->render()
#7 C:\\Users\\stefanopoulos\\Desktop\\e-forms\\vendor\\laravel\\framework\\src\\Illuminate\\Http\\Response.php(35): Illuminate\\Http\\Response->setContent(Object(Illuminate\\View\\View))
#8 C:\\Users\\stefanopoulos\\Desktop\\e-forms\\vendor\\laravel\\framework\\src\\Illuminate\\Routing\\Router.php(906): Illuminate\\Http\\Response->__construct(Object(Illuminate\\View\\View), 200, Array)
#9 C:\\Users\\stefanopoulos\\Desktop\\e-forms\\vendor\\laravel\\framework\\src\\Illuminate\\Routing\\Router.php(875): Illuminate\\Routing\\Router::toResponse(Object(Illuminate\\Http\\Request), Object(Illuminate\\View\\View))
#10 C:\\Users\\stefanopoulos\\Desktop\\e-forms\\vendor\\laravel\\framework\\src\\Illuminate\\Routing\\Router.php(797): Illuminate\\Routing\\Router->prepareResponse(Object(Illuminate\\Http\\Request), Object(Illuminate\\View\\View))
#11 C:\\Users\\stefanopoulos\\Desktop\\e-forms\\vendor\\laravel\\framework\\src\\Illuminate\\Pipeline\\Pipeline.php(141): Illuminate\\Routing\\Router->Illuminate\\Routing\\{closure}(Object(Illuminate\\Http\\Request))
#12 C:\\Users\\stefanopoulos\\Desktop\\e-forms\\vendor\\laravel\\framework\\src\\Illuminate\\Routing\\Middleware\\SubstituteBindings.php(50): Illuminate\\Pipeline\\Pipeline->Illuminate\\Pipeline\\{closure}(Object(Illuminate\\Http\\Request))
#13 C:\\Users\\stefanopoulos\\Desktop\\e-forms\\vendor\\laravel\\framework\\src\\Illuminate\\Pipeline\\Pipeline.php(180): Illuminate\\Routing\\Middleware\\SubstituteBindings->handle(Object(Illuminate\\Http\\Request), Object(Closure))
#14 C:\\Users\\stefanopoulos\\Desktop\\e-forms\\vendor\\laravel\\framework\\src\\Illuminate\\Foundation\\Http\\Middleware\\VerifyCsrfToken.php(78): Illuminate\\Pipeline\\Pipeline->Illuminate\\Pipeline\\{closure}(Object(Illuminate\\Http\\Request))
#15 C:\\Users\\stefanopoulos\\Desktop\\e-forms\\vendor\\laravel\\framework\\src\\Illuminate\\Pipeline\\Pipeline.php(180): Illuminate\\Foundation\\Http\\Middleware\\VerifyCsrfToken->handle(Object(Illuminate\\Http\\Request), Object(Closure))
#16 C:\\Users\\stefanopoulos\\Desktop\\e-forms\\vendor\\laravel\\framework\\src\\Illuminate\\View\\Middleware\\ShareErrorsFromSession.php(49): Illuminate\\Pipeline\\Pipeline->Illuminate\\Pipeline\\{closure}(Object(Illuminate\\Http\\Request))
#17 C:\\Users\\stefanopoulos\\Desktop\\e-forms\\vendor\\laravel\\framework\\src\\Illuminate\\Pipeline\\Pipeline.php(180): Illuminate\\View\\Middleware\\ShareErrorsFromSession->handle(Object(Illuminate\\Http\\Request), Object(Closure))
#18 C:\\Users\\stefanopoulos\\Desktop\\e-forms\\vendor\\laravel\\framework\\src\\Illuminate\\Session\\Middleware\\StartSession.php(121): Illuminate\\Pipeline\\Pipeline->Illuminate\\Pipeline\\{closure}(Object(Illuminate\\Http\\Request))
#19 C:\\Users\\stefanopoulos\\Desktop\\e-forms\\vendor\\laravel\\framework\\src\\Illuminate\\Session\\Middleware\\StartSession.php(64): Illuminate\\Session\\Middleware\\StartSession->handleStatefulRequest(Object(Illuminate\\Http\\Request), Object(Illuminate\\Session\\Store), Object(Closure))
#20 C:\\Users\\stefanopoulos\\Desktop\\e-forms\\vendor\\laravel\\framework\\src\\Illuminate\\Pipeline\\Pipeline.php(180): Illuminate\\Session\\Middleware\\StartSession->handle(Object(Illuminate\\Http\\Request), Object(Closure))
#21 C:\\Users\\stefanopoulos\\Desktop\\e-forms\\vendor\\laravel\\framework\\src\\Illuminate\\Cookie\\Middleware\\AddQueuedCookiesToResponse.php(37): Illuminate\\Pipeline\\Pipeline->Illuminate\\Pipeline\\{closure}(Object(Illuminate\\Http\\Request))
#22 C:\\Users\\stefanopoulos\\Desktop\\e-forms\\vendor\\laravel\\framework\\src\\Illuminate\\Pipeline\\Pipeline.php(180): Illuminate\\Cookie\\Middleware\\AddQueuedCookiesToResponse->handle(Object(Illuminate\\Http\\Request), Object(Closure))
#23 C:\\Users\\stefanopoulos\\Desktop\\e-forms\\vendor\\laravel\\framework\\src\\Illuminate\\Cookie\\Middleware\\EncryptCookies.php(67): Illuminate\\Pipeline\\Pipeline->Illuminate\\Pipeline\\{closure}(Object(Illuminate\\Http\\Request))
#24 C:\\Users\\stefanopoulos\\Desktop\\e-forms\\vendor\\laravel\\framework\\src\\Illuminate\\Pipeline\\Pipeline.php(180): Illuminate\\Cookie\\Middleware\\EncryptCookies->handle(Object(Illuminate\\Http\\Request), Object(Closure))
#25 C:\\Users\\stefanopoulos\\Desktop\\e-forms\\vendor\\laravel\\framework\\src\\Illuminate\\Pipeline\\Pipeline.php(116): Illuminate\\Pipeline\\Pipeline->Illuminate\\Pipeline\\{closure}(Object(Illuminate\\Http\\Request))
#26 C:\\Users\\stefanopoulos\\Desktop\\e-forms\\vendor\\laravel\\framework\\src\\Illuminate\\Routing\\Router.php(797): Illuminate\\Pipeline\\Pipeline->then(Object(Closure))
#27 C:\\Users\\stefanopoulos\\Desktop\\e-forms\\vendor\\laravel\\framework\\src\\Illuminate\\Routing\\Router.php(776): Illuminate\\Routing\\Router->runRouteWithinStack(Object(Illuminate\\Routing\\Route), Object(Illuminate\\Http\\Request))
#28 C:\\Users\\stefanopoulos\\Desktop\\e-forms\\vendor\\laravel\\framework\\src\\Illuminate\\Routing\\Router.php(740): Illuminate\\Routing\\Router->runRoute(Object(Illuminate\\Http\\Request), Object(Illuminate\\Routing\\Route))
#29 C:\\Users\\stefanopoulos\\Desktop\\e-forms\\vendor\\laravel\\framework\\src\\Illuminate\\Routing\\Router.php(729): Illuminate\\Routing\\Router->dispatchToRoute(Object(Illuminate\\Http\\Request))
#30 C:\\Users\\stefanopoulos\\Desktop\\e-forms\\vendor\\laravel\\framework\\src\\Illuminate\\Foundation\\Http\\Kernel.php(200): Illuminate\\Routing\\Router->dispatch(Object(Illuminate\\Http\\Request))
#31 C:\\Users\\stefanopoulos\\Desktop\\e-forms\\vendor\\laravel\\framework\\src\\Illuminate\\Pipeline\\Pipeline.php(141): Illuminate\\Foundation\\Http\\Kernel->Illuminate\\Foundation\\Http\\{closure}(Object(Illuminate\\Http\\Request))
#32 C:\\Users\\stefanopoulos\\Desktop\\e-forms\\vendor\\laravel\\framework\\src\\Illuminate\\Foundation\\Http\\Middleware\\TransformsRequest.php(21): Illuminate\\Pipeline\\Pipeline->Illuminate\\Pipeline\\{closure}(Object(Illuminate\\Http\\Request))
#33 C:\\Users\\stefanopoulos\\Desktop\\e-forms\\vendor\\laravel\\framework\\src\\Illuminate\\Foundation\\Http\\Middleware\\ConvertEmptyStringsToNull.php(31): Illuminate\\Foundation\\Http\\Middleware\\TransformsRequest->handle(Object(Illuminate\\Http\\Request), Object(Closure))
#34 C:\\Users\\stefanopoulos\\Desktop\\e-forms\\vendor\\laravel\\framework\\src\\Illuminate\\Pipeline\\Pipeline.php(180): Illuminate\\Foundation\\Http\\Middleware\\ConvertEmptyStringsToNull->handle(Object(Illuminate\\Http\\Request), Object(Closure))
#35 C:\\Users\\stefanopoulos\\Desktop\\e-forms\\vendor\\laravel\\framework\\src\\Illuminate\\Foundation\\Http\\Middleware\\TransformsRequest.php(21): Illuminate\\Pipeline\\Pipeline->Illuminate\\Pipeline\\{closure}(Object(Illuminate\\Http\\Request))
#36 C:\\Users\\stefanopoulos\\Desktop\\e-forms\\vendor\\laravel\\framework\\src\\Illuminate\\Foundation\\Http\\Middleware\\TrimStrings.php(40): Illuminate\\Foundation\\Http\\Middleware\\TransformsRequest->handle(Object(Illuminate\\Http\\Request), Object(Closure))
#37 C:\\Users\\stefanopoulos\\Desktop\\e-forms\\vendor\\laravel\\framework\\src\\Illuminate\\Pipeline\\Pipeline.php(180): Illuminate\\Foundation\\Http\\Middleware\\TrimStrings->handle(Object(Illuminate\\Http\\Request), Object(Closure))
#38 C:\\Users\\stefanopoulos\\Desktop\\e-forms\\vendor\\laravel\\framework\\src\\Illuminate\\Foundation\\Http\\Middleware\\ValidatePostSize.php(27): Illuminate\\Pipeline\\Pipeline->Illuminate\\Pipeline\\{closure}(Object(Illuminate\\Http\\Request))
#39 C:\\Users\\stefanopoulos\\Desktop\\e-forms\\vendor\\laravel\\framework\\src\\Illuminate\\Pipeline\\Pipeline.php(180): Illuminate\\Foundation\\Http\\Middleware\\ValidatePostSize->handle(Object(Illuminate\\Http\\Request), Object(Closure))
#40 C:\\Users\\stefanopoulos\\Desktop\\e-forms\\vendor\\laravel\\framework\\src\\Illuminate\\Foundation\\Http\\Middleware\\PreventRequestsDuringMaintenance.php(86): Illuminate\\Pipeline\\Pipeline->Illuminate\\Pipeline\\{closure}(Object(Illuminate\\Http\\Request))
#41 C:\\Users\\stefanopoulos\\Desktop\\e-forms\\vendor\\laravel\\framework\\src\\Illuminate\\Pipeline\\Pipeline.php(180): Illuminate\\Foundation\\Http\\Middleware\\PreventRequestsDuringMaintenance->handle(Object(Illuminate\\Http\\Request), Object(Closure))
#42 C:\\Users\\stefanopoulos\\Desktop\\e-forms\\vendor\\laravel\\framework\\src\\Illuminate\\Http\\Middleware\\HandleCors.php(49): Illuminate\\Pipeline\\Pipeline->Illuminate\\Pipeline\\{closure}(Object(Illuminate\\Http\\Request))
#43 C:\\Users\\stefanopoulos\\Desktop\\e-forms\\vendor\\laravel\\framework\\src\\Illuminate\\Pipeline\\Pipeline.php(180): Illuminate\\Http\\Middleware\\HandleCors->handle(Object(Illuminate\\Http\\Request), Object(Closure))
#44 C:\\Users\\stefanopoulos\\Desktop\\e-forms\\vendor\\laravel\\framework\\src\\Illuminate\\Http\\Middleware\\TrustProxies.php(39): Illuminate\\Pipeline\\Pipeline->Illuminate\\Pipeline\\{closure}(Object(Illuminate\\Http\\Request))
#45 C:\\Users\\stefanopoulos\\Desktop\\e-forms\\vendor\\laravel\\framework\\src\\Illuminate\\Pipeline\\Pipeline.php(180): Illuminate\\Http\\Middleware\\TrustProxies->handle(Object(Illuminate\\Http\\Request), Object(Closure))
#46 C:\\Users\\stefanopoulos\\Desktop\\e-forms\\vendor\\laravel\\framework\\src\\Illuminate\\Pipeline\\Pipeline.php(116): Illuminate\\Pipeline\\Pipeline->Illuminate\\Pipeline\\{closure}(Object(Illuminate\\Http\\Request))
#47 C:\\Users\\stefanopoulos\\Desktop\\e-forms\\vendor\\laravel\\framework\\src\\Illuminate\\Foundation\\Http\\Kernel.php(175): Illuminate\\Pipeline\\Pipeline->then(Object(Closure))
#48 C:\\Users\\stefanopoulos\\Desktop\\e-forms\\vendor\\laravel\\framework\\src\\Illuminate\\Foundation\\Http\\Kernel.php(144): Illuminate\\Foundation\\Http\\Kernel->sendRequestThroughRouter(Object(Illuminate\\Http\\Request))
#49 C:\\Users\\stefanopoulos\\Desktop\\e-forms\\public\\index.php(51): Illuminate\\Foundation\\Http\\Kernel->handle(Object(Illuminate\\Http\\Request))
#50 C:\\Users\\stefanopoulos\\Desktop\\e-forms\\vendor\\laravel\\framework\\src\\Illuminate\\Foundation\\resources\\server.php(16): require_once('C:\\\\Users\\\\stefan...')
#51 {main}

[previous exception] [object] (ParseError(code: 0): syntax error, unexpected token \"=\" at C:\\Users\\stefanopoulos\\Desktop\\e-forms\\storage\\framework\\views\\4a879e0378956f770bdfc4b682befbd2.php:37)
[stacktrace]
#0 C:\\Users\\stefanopoulos\\Desktop\\e-forms\\vendor\\laravel\\framework\\src\\Illuminate\\Filesystem\\Filesystem.php(125): Illuminate\\Filesystem\\Filesystem::Illuminate\\Filesystem\\{closure}()
#1 C:\\Users\\stefanopoulos\\Desktop\\e-forms\\vendor\\laravel\\framework\\src\\Illuminate\\View\\Engines\\PhpEngine.php(58): Illuminate\\Filesystem\\Filesystem->getRequire('C:\\\\Users\\\\stefan...', Array)
#2 C:\\Users\\stefanopoulos\\Desktop\\e-forms\\vendor\\laravel\\framework\\src\\Illuminate\\View\\Engines\\CompilerEngine.php(70): Illuminate\\View\\Engines\\PhpEngine->evaluatePath('C:\\\\Users\\\\stefan...', Array)
#3 C:\\Users\\stefanopoulos\\Desktop\\e-forms\\vendor\\laravel\\framework\\src\\Illuminate\\View\\View.php(195): Illuminate\\View\\Engines\\CompilerEngine->get('C:\\\\Users\\\\stefan...', Array)
#4 C:\\Users\\stefanopoulos\\Desktop\\e-forms\\vendor\\laravel\\framework\\src\\Illuminate\\View\\View.php(178): Illuminate\\View\\View->getContents()
#5 C:\\Users\\stefanopoulos\\Desktop\\e-forms\\vendor\\laravel\\framework\\src\\Illuminate\\View\\View.php(147): Illuminate\\View\\View->renderContents()
#6 C:\\Users\\stefanopoulos\\Desktop\\e-forms\\vendor\\laravel\\framework\\src\\Illuminate\\Http\\Response.php(69): Illuminate\\View\\View->render()
#7 C:\\Users\\stefanopoulos\\Desktop\\e-forms\\vendor\\laravel\\framework\\src\\Illuminate\\Http\\Response.php(35): Illuminate\\Http\\Response->setContent(Object(Illuminate\\View\\View))
#8 C:\\Users\\stefanopoulos\\Desktop\\e-forms\\vendor\\laravel\\framework\\src\\Illuminate\\Routing\\Router.php(906): Illuminate\\Http\\Response->__construct(Object(Illuminate\\View\\View), 200, Array)
#9 C:\\Users\\stefanopoulos\\Desktop\\e-forms\\vendor\\laravel\\framework\\src\\Illuminate\\Routing\\Router.php(875): Illuminate\\Routing\\Router::toResponse(Object(Illuminate\\Http\\Request), Object(Illuminate\\View\\View))
#10 C:\\Users\\stefanopoulos\\Desktop\\e-forms\\vendor\\laravel\\framework\\src\\Illuminate\\Routing\\Router.php(797): Illuminate\\Routing\\Router->prepareResponse(Object(Illuminate\\Http\\Request), Object(Illuminate\\View\\View))
#11 C:\\Users\\stefanopoulos\\Desktop\\e-forms\\vendor\\laravel\\framework\\src\\Illuminate\\Pipeline\\Pipeline.php(141): Illuminate\\Routing\\Router->Illuminate\\Routing\\{closure}(Object(Illuminate\\Http\\Request))
#12 C:\\Users\\stefanopoulos\\Desktop\\e-forms\\vendor\\laravel\\framework\\src\\Illuminate\\Routing\\Middleware\\SubstituteBindings.php(50): Illuminate\\Pipeline\\Pipeline->Illuminate\\Pipeline\\{closure}(Object(Illuminate\\Http\\Request))
#13 C:\\Users\\stefanopoulos\\Desktop\\e-forms\\vendor\\laravel\\framework\\src\\Illuminate\\Pipeline\\Pipeline.php(180): Illuminate\\Routing\\Middleware\\SubstituteBindings->handle(Object(Illuminate\\Http\\Request), Object(Closure))
#14 C:\\Users\\stefanopoulos\\Desktop\\e-forms\\vendor\\laravel\\framework\\src\\Illuminate\\Foundation\\Http\\Middleware\\VerifyCsrfToken.php(78): Illuminate\\Pipeline\\Pipeline->Illuminate\\Pipeline\\{closure}(Object(Illuminate\\Http\\Request))
#15 C:\\Users\\stefanopoulos\\Desktop\\e-forms\\vendor\\laravel\\framework\\src\\Illuminate\\Pipeline\\Pipeline.php(180): Illuminate\\Foundation\\Http\\Middleware\\VerifyCsrfToken->handle(Object(Illuminate\\Http\\Request), Object(Closure))
#16 C:\\Users\\stefanopoulos\\Desktop\\e-forms\\vendor\\laravel\\framework\\src\\Illuminate\\View\\Middleware\\ShareErrorsFromSession.php(49): Illuminate\\Pipeline\\Pipeline->Illuminate\\Pipeline\\{closure}(Object(Illuminate\\Http\\Request))
#17 C:\\Users\\stefanopoulos\\Desktop\\e-forms\\vendor\\laravel\\framework\\src\\Illuminate\\Pipeline\\Pipeline.php(180): Illuminate\\View\\Middleware\\ShareErrorsFromSession->handle(Object(Illuminate\\Http\\Request), Object(Closure))
#18 C:\\Users\\stefanopoulos\\Desktop\\e-forms\\vendor\\laravel\\framework\\src\\Illuminate\\Session\\Middleware\\StartSession.php(121): Illuminate\\Pipeline\\Pipeline->Illuminate\\Pipeline\\{closure}(Object(Illuminate\\Http\\Request))
#19 C:\\Users\\stefanopoulos\\Desktop\\e-forms\\vendor\\laravel\\framework\\src\\Illuminate\\Session\\Middleware\\StartSession.php(64): Illuminate\\Session\\Middleware\\StartSession->handleStatefulRequest(Object(Illuminate\\Http\\Request), Object(Illuminate\\Session\\Store), Object(Closure))
#20 C:\\Users\\stefanopoulos\\Desktop\\e-forms\\vendor\\laravel\\framework\\src\\Illuminate\\Pipeline\\Pipeline.php(180): Illuminate\\Session\\Middleware\\StartSession->handle(Object(Illuminate\\Http\\Request), Object(Closure))
#21 C:\\Users\\stefanopoulos\\Desktop\\e-forms\\vendor\\laravel\\framework\\src\\Illuminate\\Cookie\\Middleware\\AddQueuedCookiesToResponse.php(37): Illuminate\\Pipeline\\Pipeline->Illuminate\\Pipeline\\{closure}(Object(Illuminate\\Http\\Request))
#22 C:\\Users\\stefanopoulos\\Desktop\\e-forms\\vendor\\laravel\\framework\\src\\Illuminate\\Pipeline\\Pipeline.php(180): Illuminate\\Cookie\\Middleware\\AddQueuedCookiesToResponse->handle(Object(Illuminate\\Http\\Request), Object(Closure))
#23 C:\\Users\\stefanopoulos\\Desktop\\e-forms\\vendor\\laravel\\framework\\src\\Illuminate\\Cookie\\Middleware\\EncryptCookies.php(67): Illuminate\\Pipeline\\Pipeline->Illuminate\\Pipeline\\{closure}(Object(Illuminate\\Http\\Request))
#24 C:\\Users\\stefanopoulos\\Desktop\\e-forms\\vendor\\laravel\\framework\\src\\Illuminate\\Pipeline\\Pipeline.php(180): Illuminate\\Cookie\\Middleware\\EncryptCookies->handle(Object(Illuminate\\Http\\Request), Object(Closure))
#25 C:\\Users\\stefanopoulos\\Desktop\\e-forms\\vendor\\laravel\\framework\\src\\Illuminate\\Pipeline\\Pipeline.php(116): Illuminate\\Pipeline\\Pipeline->Illuminate\\Pipeline\\{closure}(Object(Illuminate\\Http\\Request))
#26 C:\\Users\\stefanopoulos\\Desktop\\e-forms\\vendor\\laravel\\framework\\src\\Illuminate\\Routing\\Router.php(797): Illuminate\\Pipeline\\Pipeline->then(Object(Closure))
#27 C:\\Users\\stefanopoulos\\Desktop\\e-forms\\vendor\\laravel\\framework\\src\\Illuminate\\Routing\\Router.php(776): Illuminate\\Routing\\Router->runRouteWithinStack(Object(Illuminate\\Routing\\Route), Object(Illuminate\\Http\\Request))
#28 C:\\Users\\stefanopoulos\\Desktop\\e-forms\\vendor\\laravel\\framework\\src\\Illuminate\\Routing\\Router.php(740): Illuminate\\Routing\\Router->runRoute(Object(Illuminate\\Http\\Request), Object(Illuminate\\Routing\\Route))
#29 C:\\Users\\stefanopoulos\\Desktop\\e-forms\\vendor\\laravel\\framework\\src\\Illuminate\\Routing\\Router.php(729): Illuminate\\Routing\\Router->dispatchToRoute(Object(Illuminate\\Http\\Request))
#30 C:\\Users\\stefanopoulos\\Desktop\\e-forms\\vendor\\laravel\\framework\\src\\Illuminate\\Foundation\\Http\\Kernel.php(200): Illuminate\\Routing\\Router->dispatch(Object(Illuminate\\Http\\Request))
#31 C:\\Users\\stefanopoulos\\Desktop\\e-forms\\vendor\\laravel\\framework\\src\\Illuminate\\Pipeline\\Pipeline.php(141): Illuminate\\Foundation\\Http\\Kernel->Illuminate\\Foundation\\Http\\{closure}(Object(Illuminate\\Http\\Request))
#32 C:\\Users\\stefanopoulos\\Desktop\\e-forms\\vendor\\laravel\\framework\\src\\Illuminate\\Foundation\\Http\\Middleware\\TransformsRequest.php(21): Illuminate\\Pipeline\\Pipeline->Illuminate\\Pipeline\\{closure}(Object(Illuminate\\Http\\Request))
#33 C:\\Users\\stefanopoulos\\Desktop\\e-forms\\vendor\\laravel\\framework\\src\\Illuminate\\Foundation\\Http\\Middleware\\ConvertEmptyStringsToNull.php(31): Illuminate\\Foundation\\Http\\Middleware\\TransformsRequest->handle(Object(Illuminate\\Http\\Request), Object(Closure))
#34 C:\\Users\\stefanopoulos\\Desktop\\e-forms\\vendor\\laravel\\framework\\src\\Illuminate\\Pipeline\\Pipeline.php(180): Illuminate\\Foundation\\Http\\Middleware\\ConvertEmptyStringsToNull->handle(Object(Illuminate\\Http\\Request), Object(Closure))
#35 C:\\Users\\stefanopoulos\\Desktop\\e-forms\\vendor\\laravel\\framework\\src\\Illuminate\\Foundation\\Http\\Middleware\\TransformsRequest.php(21): Illuminate\\Pipeline\\Pipeline->Illuminate\\Pipeline\\{closure}(Object(Illuminate\\Http\\Request))
#36 C:\\Users\\stefanopoulos\\Desktop\\e-forms\\vendor\\laravel\\framework\\src\\Illuminate\\Foundation\\Http\\Middleware\\TrimStrings.php(40): Illuminate\\Foundation\\Http\\Middleware\\TransformsRequest->handle(Object(Illuminate\\Http\\Request), Object(Closure))
#37 C:\\Users\\stefanopoulos\\Desktop\\e-forms\\vendor\\laravel\\framework\\src\\Illuminate\\Pipeline\\Pipeline.php(180): Illuminate\\Foundation\\Http\\Middleware\\TrimStrings->handle(Object(Illuminate\\Http\\Request), Object(Closure))
#38 C:\\Users\\stefanopoulos\\Desktop\\e-forms\\vendor\\laravel\\framework\\src\\Illuminate\\Foundation\\Http\\Middleware\\ValidatePostSize.php(27): Illuminate\\Pipeline\\Pipeline->Illuminate\\Pipeline\\{closure}(Object(Illuminate\\Http\\Request))
#39 C:\\Users\\stefanopoulos\\Desktop\\e-forms\\vendor\\laravel\\framework\\src\\Illuminate\\Pipeline\\Pipeline.php(180): Illuminate\\Foundation\\Http\\Middleware\\ValidatePostSize->handle(Object(Illuminate\\Http\\Request), Object(Closure))
#40 C:\\Users\\stefanopoulos\\Desktop\\e-forms\\vendor\\laravel\\framework\\src\\Illuminate\\Foundation\\Http\\Middleware\\PreventRequestsDuringMaintenance.php(86): Illuminate\\Pipeline\\Pipeline->Illuminate\\Pipeline\\{closure}(Object(Illuminate\\Http\\Request))
#41 C:\\Users\\stefanopoulos\\Desktop\\e-forms\\vendor\\laravel\\framework\\src\\Illuminate\\Pipeline\\Pipeline.php(180): Illuminate\\Foundation\\Http\\Middleware\\PreventRequestsDuringMaintenance->handle(Object(Illuminate\\Http\\Request), Object(Closure))
#42 C:\\Users\\stefanopoulos\\Desktop\\e-forms\\vendor\\laravel\\framework\\src\\Illuminate\\Http\\Middleware\\HandleCors.php(49): Illuminate\\Pipeline\\Pipeline->Illuminate\\Pipeline\\{closure}(Object(Illuminate\\Http\\Request))
#43 C:\\Users\\stefanopoulos\\Desktop\\e-forms\\vendor\\laravel\\framework\\src\\Illuminate\\Pipeline\\Pipeline.php(180): Illuminate\\Http\\Middleware\\HandleCors->handle(Object(Illuminate\\Http\\Request), Object(Closure))
#44 C:\\Users\\stefanopoulos\\Desktop\\e-forms\\vendor\\laravel\\framework\\src\\Illuminate\\Http\\Middleware\\TrustProxies.php(39): Illuminate\\Pipeline\\Pipeline->Illuminate\\Pipeline\\{closure}(Object(Illuminate\\Http\\Request))
#45 C:\\Users\\stefanopoulos\\Desktop\\e-forms\\vendor\\laravel\\framework\\src\\Illuminate\\Pipeline\\Pipeline.php(180): Illuminate\\Http\\Middleware\\TrustProxies->handle(Object(Illuminate\\Http\\Request), Object(Closure))
#46 C:\\Users\\stefanopoulos\\Desktop\\e-forms\\vendor\\laravel\\framework\\src\\Illuminate\\Pipeline\\Pipeline.php(116): Illuminate\\Pipeline\\Pipeline->Illuminate\\Pipeline\\{closure}(Object(Illuminate\\Http\\Request))
#47 C:\\Users\\stefanopoulos\\Desktop\\e-forms\\vendor\\laravel\\framework\\src\\Illuminate\\Foundation\\Http\\Kernel.php(175): Illuminate\\Pipeline\\Pipeline->then(Object(Closure))
#48 C:\\Users\\stefanopoulos\\Desktop\\e-forms\\vendor\\laravel\\framework\\src\\Illuminate\\Foundation\\Http\\Kernel.php(144): Illuminate\\Foundation\\Http\\Kernel->sendRequestThroughRouter(Object(Illuminate\\Http\\Request))
#49 C:\\Users\\stefanopoulos\\Desktop\\e-forms\\public\\index.php(51): Illuminate\\Foundation\\Http\\Kernel->handle(Object(Illuminate\\Http\\Request))
#50 C:\\Users\\stefanopoulos\\Desktop\\e-forms\\vendor\\laravel\\framework\\src\\Illuminate\\Foundation\\resources\\server.php(16): require_once('C:\\\\Users\\\\stefan...')
#51 {main}
"} 
[2025-04-16 10:45:09] local.ERROR: Class "App\Models\Actiontype" not found {"view":{"view":"C:\\Users\\stefanopoulos\\Desktop\\e-forms\\resources\\views\\microapps\\actions\\index_consultant.blade.php","data":{"errors":"<pre class=sf-dump id=sf-dump-53878764 data-indent-pad=\"  \"><span class=sf-dump-note>Illuminate\\Support\\ViewErrorBag</span> {<a class=sf-dump-ref>#1729</a><samp data-depth=1 class=sf-dump-expanded>
  #<span class=sf-dump-protected title=\"Protected property\">bags</span>: []
</samp>}
</pre><script>Sfdump(\"sf-dump-53878764\", {\"maxDepth\":3,\"maxStringLength\":160})</script>
"}},"exception":"[object] (Spatie\\LaravelIgnition\\Exceptions\\ViewException(code: 0): Class \"App\\Models\\Actiontype\" not found at C:\\Users\\stefanopoulos\\Desktop\\e-forms\\resources\\views\\microapps\\actions\\index_consultant.blade.php:120)
[stacktrace]
#0 C:\\Users\\stefanopoulos\\Desktop\\e-forms\\vendor\\laravel\\framework\\src\\Illuminate\\Filesystem\\Filesystem.php(124): require()
#1 C:\\Users\\stefanopoulos\\Desktop\\e-forms\\vendor\\laravel\\framework\\src\\Illuminate\\Filesystem\\Filesystem.php(125): Illuminate\\Filesystem\\Filesystem::Illuminate\\Filesystem\\{closure}()
#2 C:\\Users\\stefanopoulos\\Desktop\\e-forms\\vendor\\laravel\\framework\\src\\Illuminate\\View\\Engines\\PhpEngine.php(58): Illuminate\\Filesystem\\Filesystem->getRequire('C:\\\\Users\\\\stefan...', Array)
#3 C:\\Users\\stefanopoulos\\Desktop\\e-forms\\vendor\\laravel\\framework\\src\\Illuminate\\View\\Engines\\CompilerEngine.php(70): Illuminate\\View\\Engines\\PhpEngine->evaluatePath('C:\\\\Users\\\\stefan...', Array)
#4 C:\\Users\\stefanopoulos\\Desktop\\e-forms\\vendor\\laravel\\framework\\src\\Illuminate\\View\\View.php(195): Illuminate\\View\\Engines\\CompilerEngine->get('C:\\\\Users\\\\stefan...', Array)
#5 C:\\Users\\stefanopoulos\\Desktop\\e-forms\\vendor\\laravel\\framework\\src\\Illuminate\\View\\View.php(178): Illuminate\\View\\View->getContents()
#6 C:\\Users\\stefanopoulos\\Desktop\\e-forms\\vendor\\laravel\\framework\\src\\Illuminate\\View\\View.php(147): Illuminate\\View\\View->renderContents()
#7 C:\\Users\\stefanopoulos\\Desktop\\e-forms\\vendor\\laravel\\framework\\src\\Illuminate\\Http\\Response.php(69): Illuminate\\View\\View->render()
#8 C:\\Users\\stefanopoulos\\Desktop\\e-forms\\vendor\\laravel\\framework\\src\\Illuminate\\Http\\Response.php(35): Illuminate\\Http\\Response->setContent(Object(Illuminate\\View\\View))
#9 C:\\Users\\stefanopoulos\\Desktop\\e-forms\\vendor\\laravel\\framework\\src\\Illuminate\\Routing\\Router.php(906): Illuminate\\Http\\Response->__construct(Object(Illuminate\\View\\View), 200, Array)
#10 C:\\Users\\stefanopoulos\\Desktop\\e-forms\\vendor\\laravel\\framework\\src\\Illuminate\\Routing\\Router.php(875): Illuminate\\Routing\\Router::toResponse(Object(Illuminate\\Http\\Request), Object(Illuminate\\View\\View))
#11 C:\\Users\\stefanopoulos\\Desktop\\e-forms\\vendor\\laravel\\framework\\src\\Illuminate\\Routing\\Router.php(797): Illuminate\\Routing\\Router->prepareResponse(Object(Illuminate\\Http\\Request), Object(Illuminate\\View\\View))
#12 C:\\Users\\stefanopoulos\\Desktop\\e-forms\\vendor\\laravel\\framework\\src\\Illuminate\\Pipeline\\Pipeline.php(141): Illuminate\\Routing\\Router->Illuminate\\Routing\\{closure}(Object(Illuminate\\Http\\Request))
#13 C:\\Users\\stefanopoulos\\Desktop\\e-forms\\vendor\\laravel\\framework\\src\\Illuminate\\Routing\\Middleware\\SubstituteBindings.php(50): Illuminate\\Pipeline\\Pipeline->Illuminate\\Pipeline\\{closure}(Object(Illuminate\\Http\\Request))
#14 C:\\Users\\stefanopoulos\\Desktop\\e-forms\\vendor\\laravel\\framework\\src\\Illuminate\\Pipeline\\Pipeline.php(180): Illuminate\\Routing\\Middleware\\SubstituteBindings->handle(Object(Illuminate\\Http\\Request), Object(Closure))
#15 C:\\Users\\stefanopoulos\\Desktop\\e-forms\\vendor\\laravel\\framework\\src\\Illuminate\\Foundation\\Http\\Middleware\\VerifyCsrfToken.php(78): Illuminate\\Pipeline\\Pipeline->Illuminate\\Pipeline\\{closure}(Object(Illuminate\\Http\\Request))
#16 C:\\Users\\stefanopoulos\\Desktop\\e-forms\\vendor\\laravel\\framework\\src\\Illuminate\\Pipeline\\Pipeline.php(180): Illuminate\\Foundation\\Http\\Middleware\\VerifyCsrfToken->handle(Object(Illuminate\\Http\\Request), Object(Closure))
#17 C:\\Users\\stefanopoulos\\Desktop\\e-forms\\vendor\\laravel\\framework\\src\\Illuminate\\View\\Middleware\\ShareErrorsFromSession.php(49): Illuminate\\Pipeline\\Pipeline->Illuminate\\Pipeline\\{closure}(Object(Illuminate\\Http\\Request))
#18 C:\\Users\\stefanopoulos\\Desktop\\e-forms\\vendor\\laravel\\framework\\src\\Illuminate\\Pipeline\\Pipeline.php(180): Illuminate\\View\\Middleware\\ShareErrorsFromSession->handle(Object(Illuminate\\Http\\Request), Object(Closure))
#19 C:\\Users\\stefanopoulos\\Desktop\\e-forms\\vendor\\laravel\\framework\\src\\Illuminate\\Session\\Middleware\\StartSession.php(121): Illuminate\\Pipeline\\Pipeline->Illuminate\\Pipeline\\{closure}(Object(Illuminate\\Http\\Request))
#20 C:\\Users\\stefanopoulos\\Desktop\\e-forms\\vendor\\laravel\\framework\\src\\Illuminate\\Session\\Middleware\\StartSession.php(64): Illuminate\\Session\\Middleware\\StartSession->handleStatefulRequest(Object(Illuminate\\Http\\Request), Object(Illuminate\\Session\\Store), Object(Closure))
#21 C:\\Users\\stefanopoulos\\Desktop\\e-forms\\vendor\\laravel\\framework\\src\\Illuminate\\Pipeline\\Pipeline.php(180): Illuminate\\Session\\Middleware\\StartSession->handle(Object(Illuminate\\Http\\Request), Object(Closure))
#22 C:\\Users\\stefanopoulos\\Desktop\\e-forms\\vendor\\laravel\\framework\\src\\Illuminate\\Cookie\\Middleware\\AddQueuedCookiesToResponse.php(37): Illuminate\\Pipeline\\Pipeline->Illuminate\\Pipeline\\{closure}(Object(Illuminate\\Http\\Request))
#23 C:\\Users\\stefanopoulos\\Desktop\\e-forms\\vendor\\laravel\\framework\\src\\Illuminate\\Pipeline\\Pipeline.php(180): Illuminate\\Cookie\\Middleware\\AddQueuedCookiesToResponse->handle(Object(Illuminate\\Http\\Request), Object(Closure))
#24 C:\\Users\\stefanopoulos\\Desktop\\e-forms\\vendor\\laravel\\framework\\src\\Illuminate\\Cookie\\Middleware\\EncryptCookies.php(67): Illuminate\\Pipeline\\Pipeline->Illuminate\\Pipeline\\{closure}(Object(Illuminate\\Http\\Request))
#25 C:\\Users\\stefanopoulos\\Desktop\\e-forms\\vendor\\laravel\\framework\\src\\Illuminate\\Pipeline\\Pipeline.php(180): Illuminate\\Cookie\\Middleware\\EncryptCookies->handle(Object(Illuminate\\Http\\Request), Object(Closure))
#26 C:\\Users\\stefanopoulos\\Desktop\\e-forms\\vendor\\laravel\\framework\\src\\Illuminate\\Pipeline\\Pipeline.php(116): Illuminate\\Pipeline\\Pipeline->Illuminate\\Pipeline\\{closure}(Object(Illuminate\\Http\\Request))
#27 C:\\Users\\stefanopoulos\\Desktop\\e-forms\\vendor\\laravel\\framework\\src\\Illuminate\\Routing\\Router.php(797): Illuminate\\Pipeline\\Pipeline->then(Object(Closure))
#28 C:\\Users\\stefanopoulos\\Desktop\\e-forms\\vendor\\laravel\\framework\\src\\Illuminate\\Routing\\Router.php(776): Illuminate\\Routing\\Router->runRouteWithinStack(Object(Illuminate\\Routing\\Route), Object(Illuminate\\Http\\Request))
#29 C:\\Users\\stefanopoulos\\Desktop\\e-forms\\vendor\\laravel\\framework\\src\\Illuminate\\Routing\\Router.php(740): Illuminate\\Routing\\Router->runRoute(Object(Illuminate\\Http\\Request), Object(Illuminate\\Routing\\Route))
#30 C:\\Users\\stefanopoulos\\Desktop\\e-forms\\vendor\\laravel\\framework\\src\\Illuminate\\Routing\\Router.php(729): Illuminate\\Routing\\Router->dispatchToRoute(Object(Illuminate\\Http\\Request))
#31 C:\\Users\\stefanopoulos\\Desktop\\e-forms\\vendor\\laravel\\framework\\src\\Illuminate\\Foundation\\Http\\Kernel.php(200): Illuminate\\Routing\\Router->dispatch(Object(Illuminate\\Http\\Request))
#32 C:\\Users\\stefanopoulos\\Desktop\\e-forms\\vendor\\laravel\\framework\\src\\Illuminate\\Pipeline\\Pipeline.php(141): Illuminate\\Foundation\\Http\\Kernel->Illuminate\\Foundation\\Http\\{closure}(Object(Illuminate\\Http\\Request))
#33 C:\\Users\\stefanopoulos\\Desktop\\e-forms\\vendor\\laravel\\framework\\src\\Illuminate\\Foundation\\Http\\Middleware\\TransformsRequest.php(21): Illuminate\\Pipeline\\Pipeline->Illuminate\\Pipeline\\{closure}(Object(Illuminate\\Http\\Request))
#34 C:\\Users\\stefanopoulos\\Desktop\\e-forms\\vendor\\laravel\\framework\\src\\Illuminate\\Foundation\\Http\\Middleware\\ConvertEmptyStringsToNull.php(31): Illuminate\\Foundation\\Http\\Middleware\\TransformsRequest->handle(Object(Illuminate\\Http\\Request), Object(Closure))
#35 C:\\Users\\stefanopoulos\\Desktop\\e-forms\\vendor\\laravel\\framework\\src\\Illuminate\\Pipeline\\Pipeline.php(180): Illuminate\\Foundation\\Http\\Middleware\\ConvertEmptyStringsToNull->handle(Object(Illuminate\\Http\\Request), Object(Closure))
#36 C:\\Users\\stefanopoulos\\Desktop\\e-forms\\vendor\\laravel\\framework\\src\\Illuminate\\Foundation\\Http\\Middleware\\TransformsRequest.php(21): Illuminate\\Pipeline\\Pipeline->Illuminate\\Pipeline\\{closure}(Object(Illuminate\\Http\\Request))
#37 C:\\Users\\stefanopoulos\\Desktop\\e-forms\\vendor\\laravel\\framework\\src\\Illuminate\\Foundation\\Http\\Middleware\\TrimStrings.php(40): Illuminate\\Foundation\\Http\\Middleware\\TransformsRequest->handle(Object(Illuminate\\Http\\Request), Object(Closure))
#38 C:\\Users\\stefanopoulos\\Desktop\\e-forms\\vendor\\laravel\\framework\\src\\Illuminate\\Pipeline\\Pipeline.php(180): Illuminate\\Foundation\\Http\\Middleware\\TrimStrings->handle(Object(Illuminate\\Http\\Request), Object(Closure))
#39 C:\\Users\\stefanopoulos\\Desktop\\e-forms\\vendor\\laravel\\framework\\src\\Illuminate\\Foundation\\Http\\Middleware\\ValidatePostSize.php(27): Illuminate\\Pipeline\\Pipeline->Illuminate\\Pipeline\\{closure}(Object(Illuminate\\Http\\Request))
#40 C:\\Users\\stefanopoulos\\Desktop\\e-forms\\vendor\\laravel\\framework\\src\\Illuminate\\Pipeline\\Pipeline.php(180): Illuminate\\Foundation\\Http\\Middleware\\ValidatePostSize->handle(Object(Illuminate\\Http\\Request), Object(Closure))
#41 C:\\Users\\stefanopoulos\\Desktop\\e-forms\\vendor\\laravel\\framework\\src\\Illuminate\\Foundation\\Http\\Middleware\\PreventRequestsDuringMaintenance.php(86): Illuminate\\Pipeline\\Pipeline->Illuminate\\Pipeline\\{closure}(Object(Illuminate\\Http\\Request))
#42 C:\\Users\\stefanopoulos\\Desktop\\e-forms\\vendor\\laravel\\framework\\src\\Illuminate\\Pipeline\\Pipeline.php(180): Illuminate\\Foundation\\Http\\Middleware\\PreventRequestsDuringMaintenance->handle(Object(Illuminate\\Http\\Request), Object(Closure))
#43 C:\\Users\\stefanopoulos\\Desktop\\e-forms\\vendor\\laravel\\framework\\src\\Illuminate\\Http\\Middleware\\HandleCors.php(49): Illuminate\\Pipeline\\Pipeline->Illuminate\\Pipeline\\{closure}(Object(Illuminate\\Http\\Request))
#44 C:\\Users\\stefanopoulos\\Desktop\\e-forms\\vendor\\laravel\\framework\\src\\Illuminate\\Pipeline\\Pipeline.php(180): Illuminate\\Http\\Middleware\\HandleCors->handle(Object(Illuminate\\Http\\Request), Object(Closure))
#45 C:\\Users\\stefanopoulos\\Desktop\\e-forms\\vendor\\laravel\\framework\\src\\Illuminate\\Http\\Middleware\\TrustProxies.php(39): Illuminate\\Pipeline\\Pipeline->Illuminate\\Pipeline\\{closure}(Object(Illuminate\\Http\\Request))
#46 C:\\Users\\stefanopoulos\\Desktop\\e-forms\\vendor\\laravel\\framework\\src\\Illuminate\\Pipeline\\Pipeline.php(180): Illuminate\\Http\\Middleware\\TrustProxies->handle(Object(Illuminate\\Http\\Request), Object(Closure))
#47 C:\\Users\\stefanopoulos\\Desktop\\e-forms\\vendor\\laravel\\framework\\src\\Illuminate\\Pipeline\\Pipeline.php(116): Illuminate\\Pipeline\\Pipeline->Illuminate\\Pipeline\\{closure}(Object(Illuminate\\Http\\Request))
#48 C:\\Users\\stefanopoulos\\Desktop\\e-forms\\vendor\\laravel\\framework\\src\\Illuminate\\Foundation\\Http\\Kernel.php(175): Illuminate\\Pipeline\\Pipeline->then(Object(Closure))
#49 C:\\Users\\stefanopoulos\\Desktop\\e-forms\\vendor\\laravel\\framework\\src\\Illuminate\\Foundation\\Http\\Kernel.php(144): Illuminate\\Foundation\\Http\\Kernel->sendRequestThroughRouter(Object(Illuminate\\Http\\Request))
#50 C:\\Users\\stefanopoulos\\Desktop\\e-forms\\public\\index.php(51): Illuminate\\Foundation\\Http\\Kernel->handle(Object(Illuminate\\Http\\Request))
#51 C:\\Users\\stefanopoulos\\Desktop\\e-forms\\vendor\\laravel\\framework\\src\\Illuminate\\Foundation\\resources\\server.php(16): require_once('C:\\\\Users\\\\stefan...')
#52 {main}

[previous exception] [object] (Error(code: 0): Class \"App\\Models\\Actiontype\" not found at C:\\Users\\stefanopoulos\\Desktop\\e-forms\\storage\\framework\\views\\4a879e0378956f770bdfc4b682befbd2.php:128)
[stacktrace]
#0 C:\\Users\\stefanopoulos\\Desktop\\e-forms\\vendor\\laravel\\framework\\src\\Illuminate\\Filesystem\\Filesystem.php(124): require()
#1 C:\\Users\\stefanopoulos\\Desktop\\e-forms\\vendor\\laravel\\framework\\src\\Illuminate\\Filesystem\\Filesystem.php(125): Illuminate\\Filesystem\\Filesystem::Illuminate\\Filesystem\\{closure}()
#2 C:\\Users\\stefanopoulos\\Desktop\\e-forms\\vendor\\laravel\\framework\\src\\Illuminate\\View\\Engines\\PhpEngine.php(58): Illuminate\\Filesystem\\Filesystem->getRequire('C:\\\\Users\\\\stefan...', Array)
#3 C:\\Users\\stefanopoulos\\Desktop\\e-forms\\vendor\\laravel\\framework\\src\\Illuminate\\View\\Engines\\CompilerEngine.php(70): Illuminate\\View\\Engines\\PhpEngine->evaluatePath('C:\\\\Users\\\\stefan...', Array)
#4 C:\\Users\\stefanopoulos\\Desktop\\e-forms\\vendor\\laravel\\framework\\src\\Illuminate\\View\\View.php(195): Illuminate\\View\\Engines\\CompilerEngine->get('C:\\\\Users\\\\stefan...', Array)
#5 C:\\Users\\stefanopoulos\\Desktop\\e-forms\\vendor\\laravel\\framework\\src\\Illuminate\\View\\View.php(178): Illuminate\\View\\View->getContents()
#6 C:\\Users\\stefanopoulos\\Desktop\\e-forms\\vendor\\laravel\\framework\\src\\Illuminate\\View\\View.php(147): Illuminate\\View\\View->renderContents()
#7 C:\\Users\\stefanopoulos\\Desktop\\e-forms\\vendor\\laravel\\framework\\src\\Illuminate\\Http\\Response.php(69): Illuminate\\View\\View->render()
#8 C:\\Users\\stefanopoulos\\Desktop\\e-forms\\vendor\\laravel\\framework\\src\\Illuminate\\Http\\Response.php(35): Illuminate\\Http\\Response->setContent(Object(Illuminate\\View\\View))
#9 C:\\Users\\stefanopoulos\\Desktop\\e-forms\\vendor\\laravel\\framework\\src\\Illuminate\\Routing\\Router.php(906): Illuminate\\Http\\Response->__construct(Object(Illuminate\\View\\View), 200, Array)
#10 C:\\Users\\stefanopoulos\\Desktop\\e-forms\\vendor\\laravel\\framework\\src\\Illuminate\\Routing\\Router.php(875): Illuminate\\Routing\\Router::toResponse(Object(Illuminate\\Http\\Request), Object(Illuminate\\View\\View))
#11 C:\\Users\\stefanopoulos\\Desktop\\e-forms\\vendor\\laravel\\framework\\src\\Illuminate\\Routing\\Router.php(797): Illuminate\\Routing\\Router->prepareResponse(Object(Illuminate\\Http\\Request), Object(Illuminate\\View\\View))
#12 C:\\Users\\stefanopoulos\\Desktop\\e-forms\\vendor\\laravel\\framework\\src\\Illuminate\\Pipeline\\Pipeline.php(141): Illuminate\\Routing\\Router->Illuminate\\Routing\\{closure}(Object(Illuminate\\Http\\Request))
#13 C:\\Users\\stefanopoulos\\Desktop\\e-forms\\vendor\\laravel\\framework\\src\\Illuminate\\Routing\\Middleware\\SubstituteBindings.php(50): Illuminate\\Pipeline\\Pipeline->Illuminate\\Pipeline\\{closure}(Object(Illuminate\\Http\\Request))
#14 C:\\Users\\stefanopoulos\\Desktop\\e-forms\\vendor\\laravel\\framework\\src\\Illuminate\\Pipeline\\Pipeline.php(180): Illuminate\\Routing\\Middleware\\SubstituteBindings->handle(Object(Illuminate\\Http\\Request), Object(Closure))
#15 C:\\Users\\stefanopoulos\\Desktop\\e-forms\\vendor\\laravel\\framework\\src\\Illuminate\\Foundation\\Http\\Middleware\\VerifyCsrfToken.php(78): Illuminate\\Pipeline\\Pipeline->Illuminate\\Pipeline\\{closure}(Object(Illuminate\\Http\\Request))
#16 C:\\Users\\stefanopoulos\\Desktop\\e-forms\\vendor\\laravel\\framework\\src\\Illuminate\\Pipeline\\Pipeline.php(180): Illuminate\\Foundation\\Http\\Middleware\\VerifyCsrfToken->handle(Object(Illuminate\\Http\\Request), Object(Closure))
#17 C:\\Users\\stefanopoulos\\Desktop\\e-forms\\vendor\\laravel\\framework\\src\\Illuminate\\View\\Middleware\\ShareErrorsFromSession.php(49): Illuminate\\Pipeline\\Pipeline->Illuminate\\Pipeline\\{closure}(Object(Illuminate\\Http\\Request))
#18 C:\\Users\\stefanopoulos\\Desktop\\e-forms\\vendor\\laravel\\framework\\src\\Illuminate\\Pipeline\\Pipeline.php(180): Illuminate\\View\\Middleware\\ShareErrorsFromSession->handle(Object(Illuminate\\Http\\Request), Object(Closure))
#19 C:\\Users\\stefanopoulos\\Desktop\\e-forms\\vendor\\laravel\\framework\\src\\Illuminate\\Session\\Middleware\\StartSession.php(121): Illuminate\\Pipeline\\Pipeline->Illuminate\\Pipeline\\{closure}(Object(Illuminate\\Http\\Request))
#20 C:\\Users\\stefanopoulos\\Desktop\\e-forms\\vendor\\laravel\\framework\\src\\Illuminate\\Session\\Middleware\\StartSession.php(64): Illuminate\\Session\\Middleware\\StartSession->handleStatefulRequest(Object(Illuminate\\Http\\Request), Object(Illuminate\\Session\\Store), Object(Closure))
#21 C:\\Users\\stefanopoulos\\Desktop\\e-forms\\vendor\\laravel\\framework\\src\\Illuminate\\Pipeline\\Pipeline.php(180): Illuminate\\Session\\Middleware\\StartSession->handle(Object(Illuminate\\Http\\Request), Object(Closure))
#22 C:\\Users\\stefanopoulos\\Desktop\\e-forms\\vendor\\laravel\\framework\\src\\Illuminate\\Cookie\\Middleware\\AddQueuedCookiesToResponse.php(37): Illuminate\\Pipeline\\Pipeline->Illuminate\\Pipeline\\{closure}(Object(Illuminate\\Http\\Request))
#23 C:\\Users\\stefanopoulos\\Desktop\\e-forms\\vendor\\laravel\\framework\\src\\Illuminate\\Pipeline\\Pipeline.php(180): Illuminate\\Cookie\\Middleware\\AddQueuedCookiesToResponse->handle(Object(Illuminate\\Http\\Request), Object(Closure))
#24 C:\\Users\\stefanopoulos\\Desktop\\e-forms\\vendor\\laravel\\framework\\src\\Illuminate\\Cookie\\Middleware\\EncryptCookies.php(67): Illuminate\\Pipeline\\Pipeline->Illuminate\\Pipeline\\{closure}(Object(Illuminate\\Http\\Request))
#25 C:\\Users\\stefanopoulos\\Desktop\\e-forms\\vendor\\laravel\\framework\\src\\Illuminate\\Pipeline\\Pipeline.php(180): Illuminate\\Cookie\\Middleware\\EncryptCookies->handle(Object(Illuminate\\Http\\Request), Object(Closure))
#26 C:\\Users\\stefanopoulos\\Desktop\\e-forms\\vendor\\laravel\\framework\\src\\Illuminate\\Pipeline\\Pipeline.php(116): Illuminate\\Pipeline\\Pipeline->Illuminate\\Pipeline\\{closure}(Object(Illuminate\\Http\\Request))
#27 C:\\Users\\stefanopoulos\\Desktop\\e-forms\\vendor\\laravel\\framework\\src\\Illuminate\\Routing\\Router.php(797): Illuminate\\Pipeline\\Pipeline->then(Object(Closure))
#28 C:\\Users\\stefanopoulos\\Desktop\\e-forms\\vendor\\laravel\\framework\\src\\Illuminate\\Routing\\Router.php(776): Illuminate\\Routing\\Router->runRouteWithinStack(Object(Illuminate\\Routing\\Route), Object(Illuminate\\Http\\Request))
#29 C:\\Users\\stefanopoulos\\Desktop\\e-forms\\vendor\\laravel\\framework\\src\\Illuminate\\Routing\\Router.php(740): Illuminate\\Routing\\Router->runRoute(Object(Illuminate\\Http\\Request), Object(Illuminate\\Routing\\Route))
#30 C:\\Users\\stefanopoulos\\Desktop\\e-forms\\vendor\\laravel\\framework\\src\\Illuminate\\Routing\\Router.php(729): Illuminate\\Routing\\Router->dispatchToRoute(Object(Illuminate\\Http\\Request))
#31 C:\\Users\\stefanopoulos\\Desktop\\e-forms\\vendor\\laravel\\framework\\src\\Illuminate\\Foundation\\Http\\Kernel.php(200): Illuminate\\Routing\\Router->dispatch(Object(Illuminate\\Http\\Request))
#32 C:\\Users\\stefanopoulos\\Desktop\\e-forms\\vendor\\laravel\\framework\\src\\Illuminate\\Pipeline\\Pipeline.php(141): Illuminate\\Foundation\\Http\\Kernel->Illuminate\\Foundation\\Http\\{closure}(Object(Illuminate\\Http\\Request))
#33 C:\\Users\\stefanopoulos\\Desktop\\e-forms\\vendor\\laravel\\framework\\src\\Illuminate\\Foundation\\Http\\Middleware\\TransformsRequest.php(21): Illuminate\\Pipeline\\Pipeline->Illuminate\\Pipeline\\{closure}(Object(Illuminate\\Http\\Request))
#34 C:\\Users\\stefanopoulos\\Desktop\\e-forms\\vendor\\laravel\\framework\\src\\Illuminate\\Foundation\\Http\\Middleware\\ConvertEmptyStringsToNull.php(31): Illuminate\\Foundation\\Http\\Middleware\\TransformsRequest->handle(Object(Illuminate\\Http\\Request), Object(Closure))
#35 C:\\Users\\stefanopoulos\\Desktop\\e-forms\\vendor\\laravel\\framework\\src\\Illuminate\\Pipeline\\Pipeline.php(180): Illuminate\\Foundation\\Http\\Middleware\\ConvertEmptyStringsToNull->handle(Object(Illuminate\\Http\\Request), Object(Closure))
#36 C:\\Users\\stefanopoulos\\Desktop\\e-forms\\vendor\\laravel\\framework\\src\\Illuminate\\Foundation\\Http\\Middleware\\TransformsRequest.php(21): Illuminate\\Pipeline\\Pipeline->Illuminate\\Pipeline\\{closure}(Object(Illuminate\\Http\\Request))
#37 C:\\Users\\stefanopoulos\\Desktop\\e-forms\\vendor\\laravel\\framework\\src\\Illuminate\\Foundation\\Http\\Middleware\\TrimStrings.php(40): Illuminate\\Foundation\\Http\\Middleware\\TransformsRequest->handle(Object(Illuminate\\Http\\Request), Object(Closure))
#38 C:\\Users\\stefanopoulos\\Desktop\\e-forms\\vendor\\laravel\\framework\\src\\Illuminate\\Pipeline\\Pipeline.php(180): Illuminate\\Foundation\\Http\\Middleware\\TrimStrings->handle(Object(Illuminate\\Http\\Request), Object(Closure))
#39 C:\\Users\\stefanopoulos\\Desktop\\e-forms\\vendor\\laravel\\framework\\src\\Illuminate\\Foundation\\Http\\Middleware\\ValidatePostSize.php(27): Illuminate\\Pipeline\\Pipeline->Illuminate\\Pipeline\\{closure}(Object(Illuminate\\Http\\Request))
#40 C:\\Users\\stefanopoulos\\Desktop\\e-forms\\vendor\\laravel\\framework\\src\\Illuminate\\Pipeline\\Pipeline.php(180): Illuminate\\Foundation\\Http\\Middleware\\ValidatePostSize->handle(Object(Illuminate\\Http\\Request), Object(Closure))
#41 C:\\Users\\stefanopoulos\\Desktop\\e-forms\\vendor\\laravel\\framework\\src\\Illuminate\\Foundation\\Http\\Middleware\\PreventRequestsDuringMaintenance.php(86): Illuminate\\Pipeline\\Pipeline->Illuminate\\Pipeline\\{closure}(Object(Illuminate\\Http\\Request))
#42 C:\\Users\\stefanopoulos\\Desktop\\e-forms\\vendor\\laravel\\framework\\src\\Illuminate\\Pipeline\\Pipeline.php(180): Illuminate\\Foundation\\Http\\Middleware\\PreventRequestsDuringMaintenance->handle(Object(Illuminate\\Http\\Request), Object(Closure))
#43 C:\\Users\\stefanopoulos\\Desktop\\e-forms\\vendor\\laravel\\framework\\src\\Illuminate\\Http\\Middleware\\HandleCors.php(49): Illuminate\\Pipeline\\Pipeline->Illuminate\\Pipeline\\{closure}(Object(Illuminate\\Http\\Request))
#44 C:\\Users\\stefanopoulos\\Desktop\\e-forms\\vendor\\laravel\\framework\\src\\Illuminate\\Pipeline\\Pipeline.php(180): Illuminate\\Http\\Middleware\\HandleCors->handle(Object(Illuminate\\Http\\Request), Object(Closure))
#45 C:\\Users\\stefanopoulos\\Desktop\\e-forms\\vendor\\laravel\\framework\\src\\Illuminate\\Http\\Middleware\\TrustProxies.php(39): Illuminate\\Pipeline\\Pipeline->Illuminate\\Pipeline\\{closure}(Object(Illuminate\\Http\\Request))
#46 C:\\Users\\stefanopoulos\\Desktop\\e-forms\\vendor\\laravel\\framework\\src\\Illuminate\\Pipeline\\Pipeline.php(180): Illuminate\\Http\\Middleware\\TrustProxies->handle(Object(Illuminate\\Http\\Request), Object(Closure))
#47 C:\\Users\\stefanopoulos\\Desktop\\e-forms\\vendor\\laravel\\framework\\src\\Illuminate\\Pipeline\\Pipeline.php(116): Illuminate\\Pipeline\\Pipeline->Illuminate\\Pipeline\\{closure}(Object(Illuminate\\Http\\Request))
#48 C:\\Users\\stefanopoulos\\Desktop\\e-forms\\vendor\\laravel\\framework\\src\\Illuminate\\Foundation\\Http\\Kernel.php(175): Illuminate\\Pipeline\\Pipeline->then(Object(Closure))
#49 C:\\Users\\stefanopoulos\\Desktop\\e-forms\\vendor\\laravel\\framework\\src\\Illuminate\\Foundation\\Http\\Kernel.php(144): Illuminate\\Foundation\\Http\\Kernel->sendRequestThroughRouter(Object(Illuminate\\Http\\Request))
#50 C:\\Users\\stefanopoulos\\Desktop\\e-forms\\public\\index.php(51): Illuminate\\Foundation\\Http\\Kernel->handle(Object(Illuminate\\Http\\Request))
#51 C:\\Users\\stefanopoulos\\Desktop\\e-forms\\vendor\\laravel\\framework\\src\\Illuminate\\Foundation\\resources\\server.php(16): require_once('C:\\\\Users\\\\stefan...')
#52 {main}
"} 
[2025-04-16 10:45:36] local.ERROR: Class "App\Models\Actiontype" not found {"view":{"view":"C:\\Users\\stefanopoulos\\Desktop\\e-forms\\resources\\views\\microapps\\actions\\index_consultant.blade.php","data":{"errors":"<pre class=sf-dump id=sf-dump-2104540577 data-indent-pad=\"  \"><span class=sf-dump-note>Illuminate\\Support\\ViewErrorBag</span> {<a class=sf-dump-ref>#1729</a><samp data-depth=1 class=sf-dump-expanded>
  #<span class=sf-dump-protected title=\"Protected property\">bags</span>: []
</samp>}
</pre><script>Sfdump(\"sf-dump-2104540577\", {\"maxDepth\":3,\"maxStringLength\":160})</script>
"}},"exception":"[object] (Spatie\\LaravelIgnition\\Exceptions\\ViewException(code: 0): Class \"App\\Models\\Actiontype\" not found at C:\\Users\\stefanopoulos\\Desktop\\e-forms\\resources\\views\\microapps\\actions\\index_consultant.blade.php:199)
[stacktrace]
#0 C:\\Users\\stefanopoulos\\Desktop\\e-forms\\vendor\\laravel\\framework\\src\\Illuminate\\Filesystem\\Filesystem.php(124): require()
#1 C:\\Users\\stefanopoulos\\Desktop\\e-forms\\vendor\\laravel\\framework\\src\\Illuminate\\Filesystem\\Filesystem.php(125): Illuminate\\Filesystem\\Filesystem::Illuminate\\Filesystem\\{closure}()
#2 C:\\Users\\stefanopoulos\\Desktop\\e-forms\\vendor\\laravel\\framework\\src\\Illuminate\\View\\Engines\\PhpEngine.php(58): Illuminate\\Filesystem\\Filesystem->getRequire('C:\\\\Users\\\\stefan...', Array)
#3 C:\\Users\\stefanopoulos\\Desktop\\e-forms\\vendor\\laravel\\framework\\src\\Illuminate\\View\\Engines\\CompilerEngine.php(70): Illuminate\\View\\Engines\\PhpEngine->evaluatePath('C:\\\\Users\\\\stefan...', Array)
#4 C:\\Users\\stefanopoulos\\Desktop\\e-forms\\vendor\\laravel\\framework\\src\\Illuminate\\View\\View.php(195): Illuminate\\View\\Engines\\CompilerEngine->get('C:\\\\Users\\\\stefan...', Array)
#5 C:\\Users\\stefanopoulos\\Desktop\\e-forms\\vendor\\laravel\\framework\\src\\Illuminate\\View\\View.php(178): Illuminate\\View\\View->getContents()
#6 C:\\Users\\stefanopoulos\\Desktop\\e-forms\\vendor\\laravel\\framework\\src\\Illuminate\\View\\View.php(147): Illuminate\\View\\View->renderContents()
#7 C:\\Users\\stefanopoulos\\Desktop\\e-forms\\vendor\\laravel\\framework\\src\\Illuminate\\Http\\Response.php(69): Illuminate\\View\\View->render()
#8 C:\\Users\\stefanopoulos\\Desktop\\e-forms\\vendor\\laravel\\framework\\src\\Illuminate\\Http\\Response.php(35): Illuminate\\Http\\Response->setContent(Object(Illuminate\\View\\View))
#9 C:\\Users\\stefanopoulos\\Desktop\\e-forms\\vendor\\laravel\\framework\\src\\Illuminate\\Routing\\Router.php(906): Illuminate\\Http\\Response->__construct(Object(Illuminate\\View\\View), 200, Array)
#10 C:\\Users\\stefanopoulos\\Desktop\\e-forms\\vendor\\laravel\\framework\\src\\Illuminate\\Routing\\Router.php(875): Illuminate\\Routing\\Router::toResponse(Object(Illuminate\\Http\\Request), Object(Illuminate\\View\\View))
#11 C:\\Users\\stefanopoulos\\Desktop\\e-forms\\vendor\\laravel\\framework\\src\\Illuminate\\Routing\\Router.php(797): Illuminate\\Routing\\Router->prepareResponse(Object(Illuminate\\Http\\Request), Object(Illuminate\\View\\View))
#12 C:\\Users\\stefanopoulos\\Desktop\\e-forms\\vendor\\laravel\\framework\\src\\Illuminate\\Pipeline\\Pipeline.php(141): Illuminate\\Routing\\Router->Illuminate\\Routing\\{closure}(Object(Illuminate\\Http\\Request))
#13 C:\\Users\\stefanopoulos\\Desktop\\e-forms\\vendor\\laravel\\framework\\src\\Illuminate\\Routing\\Middleware\\SubstituteBindings.php(50): Illuminate\\Pipeline\\Pipeline->Illuminate\\Pipeline\\{closure}(Object(Illuminate\\Http\\Request))
#14 C:\\Users\\stefanopoulos\\Desktop\\e-forms\\vendor\\laravel\\framework\\src\\Illuminate\\Pipeline\\Pipeline.php(180): Illuminate\\Routing\\Middleware\\SubstituteBindings->handle(Object(Illuminate\\Http\\Request), Object(Closure))
#15 C:\\Users\\stefanopoulos\\Desktop\\e-forms\\vendor\\laravel\\framework\\src\\Illuminate\\Foundation\\Http\\Middleware\\VerifyCsrfToken.php(78): Illuminate\\Pipeline\\Pipeline->Illuminate\\Pipeline\\{closure}(Object(Illuminate\\Http\\Request))
#16 C:\\Users\\stefanopoulos\\Desktop\\e-forms\\vendor\\laravel\\framework\\src\\Illuminate\\Pipeline\\Pipeline.php(180): Illuminate\\Foundation\\Http\\Middleware\\VerifyCsrfToken->handle(Object(Illuminate\\Http\\Request), Object(Closure))
#17 C:\\Users\\stefanopoulos\\Desktop\\e-forms\\vendor\\laravel\\framework\\src\\Illuminate\\View\\Middleware\\ShareErrorsFromSession.php(49): Illuminate\\Pipeline\\Pipeline->Illuminate\\Pipeline\\{closure}(Object(Illuminate\\Http\\Request))
#18 C:\\Users\\stefanopoulos\\Desktop\\e-forms\\vendor\\laravel\\framework\\src\\Illuminate\\Pipeline\\Pipeline.php(180): Illuminate\\View\\Middleware\\ShareErrorsFromSession->handle(Object(Illuminate\\Http\\Request), Object(Closure))
#19 C:\\Users\\stefanopoulos\\Desktop\\e-forms\\vendor\\laravel\\framework\\src\\Illuminate\\Session\\Middleware\\StartSession.php(121): Illuminate\\Pipeline\\Pipeline->Illuminate\\Pipeline\\{closure}(Object(Illuminate\\Http\\Request))
#20 C:\\Users\\stefanopoulos\\Desktop\\e-forms\\vendor\\laravel\\framework\\src\\Illuminate\\Session\\Middleware\\StartSession.php(64): Illuminate\\Session\\Middleware\\StartSession->handleStatefulRequest(Object(Illuminate\\Http\\Request), Object(Illuminate\\Session\\Store), Object(Closure))
#21 C:\\Users\\stefanopoulos\\Desktop\\e-forms\\vendor\\laravel\\framework\\src\\Illuminate\\Pipeline\\Pipeline.php(180): Illuminate\\Session\\Middleware\\StartSession->handle(Object(Illuminate\\Http\\Request), Object(Closure))
#22 C:\\Users\\stefanopoulos\\Desktop\\e-forms\\vendor\\laravel\\framework\\src\\Illuminate\\Cookie\\Middleware\\AddQueuedCookiesToResponse.php(37): Illuminate\\Pipeline\\Pipeline->Illuminate\\Pipeline\\{closure}(Object(Illuminate\\Http\\Request))
#23 C:\\Users\\stefanopoulos\\Desktop\\e-forms\\vendor\\laravel\\framework\\src\\Illuminate\\Pipeline\\Pipeline.php(180): Illuminate\\Cookie\\Middleware\\AddQueuedCookiesToResponse->handle(Object(Illuminate\\Http\\Request), Object(Closure))
#24 C:\\Users\\stefanopoulos\\Desktop\\e-forms\\vendor\\laravel\\framework\\src\\Illuminate\\Cookie\\Middleware\\EncryptCookies.php(67): Illuminate\\Pipeline\\Pipeline->Illuminate\\Pipeline\\{closure}(Object(Illuminate\\Http\\Request))
#25 C:\\Users\\stefanopoulos\\Desktop\\e-forms\\vendor\\laravel\\framework\\src\\Illuminate\\Pipeline\\Pipeline.php(180): Illuminate\\Cookie\\Middleware\\EncryptCookies->handle(Object(Illuminate\\Http\\Request), Object(Closure))
#26 C:\\Users\\stefanopoulos\\Desktop\\e-forms\\vendor\\laravel\\framework\\src\\Illuminate\\Pipeline\\Pipeline.php(116): Illuminate\\Pipeline\\Pipeline->Illuminate\\Pipeline\\{closure}(Object(Illuminate\\Http\\Request))
#27 C:\\Users\\stefanopoulos\\Desktop\\e-forms\\vendor\\laravel\\framework\\src\\Illuminate\\Routing\\Router.php(797): Illuminate\\Pipeline\\Pipeline->then(Object(Closure))
#28 C:\\Users\\stefanopoulos\\Desktop\\e-forms\\vendor\\laravel\\framework\\src\\Illuminate\\Routing\\Router.php(776): Illuminate\\Routing\\Router->runRouteWithinStack(Object(Illuminate\\Routing\\Route), Object(Illuminate\\Http\\Request))
#29 C:\\Users\\stefanopoulos\\Desktop\\e-forms\\vendor\\laravel\\framework\\src\\Illuminate\\Routing\\Router.php(740): Illuminate\\Routing\\Router->runRoute(Object(Illuminate\\Http\\Request), Object(Illuminate\\Routing\\Route))
#30 C:\\Users\\stefanopoulos\\Desktop\\e-forms\\vendor\\laravel\\framework\\src\\Illuminate\\Routing\\Router.php(729): Illuminate\\Routing\\Router->dispatchToRoute(Object(Illuminate\\Http\\Request))
#31 C:\\Users\\stefanopoulos\\Desktop\\e-forms\\vendor\\laravel\\framework\\src\\Illuminate\\Foundation\\Http\\Kernel.php(200): Illuminate\\Routing\\Router->dispatch(Object(Illuminate\\Http\\Request))
#32 C:\\Users\\stefanopoulos\\Desktop\\e-forms\\vendor\\laravel\\framework\\src\\Illuminate\\Pipeline\\Pipeline.php(141): Illuminate\\Foundation\\Http\\Kernel->Illuminate\\Foundation\\Http\\{closure}(Object(Illuminate\\Http\\Request))
#33 C:\\Users\\stefanopoulos\\Desktop\\e-forms\\vendor\\laravel\\framework\\src\\Illuminate\\Foundation\\Http\\Middleware\\TransformsRequest.php(21): Illuminate\\Pipeline\\Pipeline->Illuminate\\Pipeline\\{closure}(Object(Illuminate\\Http\\Request))
#34 C:\\Users\\stefanopoulos\\Desktop\\e-forms\\vendor\\laravel\\framework\\src\\Illuminate\\Foundation\\Http\\Middleware\\ConvertEmptyStringsToNull.php(31): Illuminate\\Foundation\\Http\\Middleware\\TransformsRequest->handle(Object(Illuminate\\Http\\Request), Object(Closure))
#35 C:\\Users\\stefanopoulos\\Desktop\\e-forms\\vendor\\laravel\\framework\\src\\Illuminate\\Pipeline\\Pipeline.php(180): Illuminate\\Foundation\\Http\\Middleware\\ConvertEmptyStringsToNull->handle(Object(Illuminate\\Http\\Request), Object(Closure))
#36 C:\\Users\\stefanopoulos\\Desktop\\e-forms\\vendor\\laravel\\framework\\src\\Illuminate\\Foundation\\Http\\Middleware\\TransformsRequest.php(21): Illuminate\\Pipeline\\Pipeline->Illuminate\\Pipeline\\{closure}(Object(Illuminate\\Http\\Request))
#37 C:\\Users\\stefanopoulos\\Desktop\\e-forms\\vendor\\laravel\\framework\\src\\Illuminate\\Foundation\\Http\\Middleware\\TrimStrings.php(40): Illuminate\\Foundation\\Http\\Middleware\\TransformsRequest->handle(Object(Illuminate\\Http\\Request), Object(Closure))
#38 C:\\Users\\stefanopoulos\\Desktop\\e-forms\\vendor\\laravel\\framework\\src\\Illuminate\\Pipeline\\Pipeline.php(180): Illuminate\\Foundation\\Http\\Middleware\\TrimStrings->handle(Object(Illuminate\\Http\\Request), Object(Closure))
#39 C:\\Users\\stefanopoulos\\Desktop\\e-forms\\vendor\\laravel\\framework\\src\\Illuminate\\Foundation\\Http\\Middleware\\ValidatePostSize.php(27): Illuminate\\Pipeline\\Pipeline->Illuminate\\Pipeline\\{closure}(Object(Illuminate\\Http\\Request))
#40 C:\\Users\\stefanopoulos\\Desktop\\e-forms\\vendor\\laravel\\framework\\src\\Illuminate\\Pipeline\\Pipeline.php(180): Illuminate\\Foundation\\Http\\Middleware\\ValidatePostSize->handle(Object(Illuminate\\Http\\Request), Object(Closure))
#41 C:\\Users\\stefanopoulos\\Desktop\\e-forms\\vendor\\laravel\\framework\\src\\Illuminate\\Foundation\\Http\\Middleware\\PreventRequestsDuringMaintenance.php(86): Illuminate\\Pipeline\\Pipeline->Illuminate\\Pipeline\\{closure}(Object(Illuminate\\Http\\Request))
#42 C:\\Users\\stefanopoulos\\Desktop\\e-forms\\vendor\\laravel\\framework\\src\\Illuminate\\Pipeline\\Pipeline.php(180): Illuminate\\Foundation\\Http\\Middleware\\PreventRequestsDuringMaintenance->handle(Object(Illuminate\\Http\\Request), Object(Closure))
#43 C:\\Users\\stefanopoulos\\Desktop\\e-forms\\vendor\\laravel\\framework\\src\\Illuminate\\Http\\Middleware\\HandleCors.php(49): Illuminate\\Pipeline\\Pipeline->Illuminate\\Pipeline\\{closure}(Object(Illuminate\\Http\\Request))
#44 C:\\Users\\stefanopoulos\\Desktop\\e-forms\\vendor\\laravel\\framework\\src\\Illuminate\\Pipeline\\Pipeline.php(180): Illuminate\\Http\\Middleware\\HandleCors->handle(Object(Illuminate\\Http\\Request), Object(Closure))
#45 C:\\Users\\stefanopoulos\\Desktop\\e-forms\\vendor\\laravel\\framework\\src\\Illuminate\\Http\\Middleware\\TrustProxies.php(39): Illuminate\\Pipeline\\Pipeline->Illuminate\\Pipeline\\{closure}(Object(Illuminate\\Http\\Request))
#46 C:\\Users\\stefanopoulos\\Desktop\\e-forms\\vendor\\laravel\\framework\\src\\Illuminate\\Pipeline\\Pipeline.php(180): Illuminate\\Http\\Middleware\\TrustProxies->handle(Object(Illuminate\\Http\\Request), Object(Closure))
#47 C:\\Users\\stefanopoulos\\Desktop\\e-forms\\vendor\\laravel\\framework\\src\\Illuminate\\Pipeline\\Pipeline.php(116): Illuminate\\Pipeline\\Pipeline->Illuminate\\Pipeline\\{closure}(Object(Illuminate\\Http\\Request))
#48 C:\\Users\\stefanopoulos\\Desktop\\e-forms\\vendor\\laravel\\framework\\src\\Illuminate\\Foundation\\Http\\Kernel.php(175): Illuminate\\Pipeline\\Pipeline->then(Object(Closure))
#49 C:\\Users\\stefanopoulos\\Desktop\\e-forms\\vendor\\laravel\\framework\\src\\Illuminate\\Foundation\\Http\\Kernel.php(144): Illuminate\\Foundation\\Http\\Kernel->sendRequestThroughRouter(Object(Illuminate\\Http\\Request))
#50 C:\\Users\\stefanopoulos\\Desktop\\e-forms\\public\\index.php(51): Illuminate\\Foundation\\Http\\Kernel->handle(Object(Illuminate\\Http\\Request))
#51 C:\\Users\\stefanopoulos\\Desktop\\e-forms\\vendor\\laravel\\framework\\src\\Illuminate\\Foundation\\resources\\server.php(16): require_once('C:\\\\Users\\\\stefan...')
#52 {main}

[previous exception] [object] (Error(code: 0): Class \"App\\Models\\Actiontype\" not found at C:\\Users\\stefanopoulos\\Desktop\\e-forms\\storage\\framework\\views\\4a879e0378956f770bdfc4b682befbd2.php:213)
[stacktrace]
#0 C:\\Users\\stefanopoulos\\Desktop\\e-forms\\vendor\\laravel\\framework\\src\\Illuminate\\Filesystem\\Filesystem.php(124): require()
#1 C:\\Users\\stefanopoulos\\Desktop\\e-forms\\vendor\\laravel\\framework\\src\\Illuminate\\Filesystem\\Filesystem.php(125): Illuminate\\Filesystem\\Filesystem::Illuminate\\Filesystem\\{closure}()
#2 C:\\Users\\stefanopoulos\\Desktop\\e-forms\\vendor\\laravel\\framework\\src\\Illuminate\\View\\Engines\\PhpEngine.php(58): Illuminate\\Filesystem\\Filesystem->getRequire('C:\\\\Users\\\\stefan...', Array)
#3 C:\\Users\\stefanopoulos\\Desktop\\e-forms\\vendor\\laravel\\framework\\src\\Illuminate\\View\\Engines\\CompilerEngine.php(70): Illuminate\\View\\Engines\\PhpEngine->evaluatePath('C:\\\\Users\\\\stefan...', Array)
#4 C:\\Users\\stefanopoulos\\Desktop\\e-forms\\vendor\\laravel\\framework\\src\\Illuminate\\View\\View.php(195): Illuminate\\View\\Engines\\CompilerEngine->get('C:\\\\Users\\\\stefan...', Array)
#5 C:\\Users\\stefanopoulos\\Desktop\\e-forms\\vendor\\laravel\\framework\\src\\Illuminate\\View\\View.php(178): Illuminate\\View\\View->getContents()
#6 C:\\Users\\stefanopoulos\\Desktop\\e-forms\\vendor\\laravel\\framework\\src\\Illuminate\\View\\View.php(147): Illuminate\\View\\View->renderContents()
#7 C:\\Users\\stefanopoulos\\Desktop\\e-forms\\vendor\\laravel\\framework\\src\\Illuminate\\Http\\Response.php(69): Illuminate\\View\\View->render()
#8 C:\\Users\\stefanopoulos\\Desktop\\e-forms\\vendor\\laravel\\framework\\src\\Illuminate\\Http\\Response.php(35): Illuminate\\Http\\Response->setContent(Object(Illuminate\\View\\View))
#9 C:\\Users\\stefanopoulos\\Desktop\\e-forms\\vendor\\laravel\\framework\\src\\Illuminate\\Routing\\Router.php(906): Illuminate\\Http\\Response->__construct(Object(Illuminate\\View\\View), 200, Array)
#10 C:\\Users\\stefanopoulos\\Desktop\\e-forms\\vendor\\laravel\\framework\\src\\Illuminate\\Routing\\Router.php(875): Illuminate\\Routing\\Router::toResponse(Object(Illuminate\\Http\\Request), Object(Illuminate\\View\\View))
#11 C:\\Users\\stefanopoulos\\Desktop\\e-forms\\vendor\\laravel\\framework\\src\\Illuminate\\Routing\\Router.php(797): Illuminate\\Routing\\Router->prepareResponse(Object(Illuminate\\Http\\Request), Object(Illuminate\\View\\View))
#12 C:\\Users\\stefanopoulos\\Desktop\\e-forms\\vendor\\laravel\\framework\\src\\Illuminate\\Pipeline\\Pipeline.php(141): Illuminate\\Routing\\Router->Illuminate\\Routing\\{closure}(Object(Illuminate\\Http\\Request))
#13 C:\\Users\\stefanopoulos\\Desktop\\e-forms\\vendor\\laravel\\framework\\src\\Illuminate\\Routing\\Middleware\\SubstituteBindings.php(50): Illuminate\\Pipeline\\Pipeline->Illuminate\\Pipeline\\{closure}(Object(Illuminate\\Http\\Request))
#14 C:\\Users\\stefanopoulos\\Desktop\\e-forms\\vendor\\laravel\\framework\\src\\Illuminate\\Pipeline\\Pipeline.php(180): Illuminate\\Routing\\Middleware\\SubstituteBindings->handle(Object(Illuminate\\Http\\Request), Object(Closure))
#15 C:\\Users\\stefanopoulos\\Desktop\\e-forms\\vendor\\laravel\\framework\\src\\Illuminate\\Foundation\\Http\\Middleware\\VerifyCsrfToken.php(78): Illuminate\\Pipeline\\Pipeline->Illuminate\\Pipeline\\{closure}(Object(Illuminate\\Http\\Request))
#16 C:\\Users\\stefanopoulos\\Desktop\\e-forms\\vendor\\laravel\\framework\\src\\Illuminate\\Pipeline\\Pipeline.php(180): Illuminate\\Foundation\\Http\\Middleware\\VerifyCsrfToken->handle(Object(Illuminate\\Http\\Request), Object(Closure))
#17 C:\\Users\\stefanopoulos\\Desktop\\e-forms\\vendor\\laravel\\framework\\src\\Illuminate\\View\\Middleware\\ShareErrorsFromSession.php(49): Illuminate\\Pipeline\\Pipeline->Illuminate\\Pipeline\\{closure}(Object(Illuminate\\Http\\Request))
#18 C:\\Users\\stefanopoulos\\Desktop\\e-forms\\vendor\\laravel\\framework\\src\\Illuminate\\Pipeline\\Pipeline.php(180): Illuminate\\View\\Middleware\\ShareErrorsFromSession->handle(Object(Illuminate\\Http\\Request), Object(Closure))
#19 C:\\Users\\stefanopoulos\\Desktop\\e-forms\\vendor\\laravel\\framework\\src\\Illuminate\\Session\\Middleware\\StartSession.php(121): Illuminate\\Pipeline\\Pipeline->Illuminate\\Pipeline\\{closure}(Object(Illuminate\\Http\\Request))
#20 C:\\Users\\stefanopoulos\\Desktop\\e-forms\\vendor\\laravel\\framework\\src\\Illuminate\\Session\\Middleware\\StartSession.php(64): Illuminate\\Session\\Middleware\\StartSession->handleStatefulRequest(Object(Illuminate\\Http\\Request), Object(Illuminate\\Session\\Store), Object(Closure))
#21 C:\\Users\\stefanopoulos\\Desktop\\e-forms\\vendor\\laravel\\framework\\src\\Illuminate\\Pipeline\\Pipeline.php(180): Illuminate\\Session\\Middleware\\StartSession->handle(Object(Illuminate\\Http\\Request), Object(Closure))
#22 C:\\Users\\stefanopoulos\\Desktop\\e-forms\\vendor\\laravel\\framework\\src\\Illuminate\\Cookie\\Middleware\\AddQueuedCookiesToResponse.php(37): Illuminate\\Pipeline\\Pipeline->Illuminate\\Pipeline\\{closure}(Object(Illuminate\\Http\\Request))
#23 C:\\Users\\stefanopoulos\\Desktop\\e-forms\\vendor\\laravel\\framework\\src\\Illuminate\\Pipeline\\Pipeline.php(180): Illuminate\\Cookie\\Middleware\\AddQueuedCookiesToResponse->handle(Object(Illuminate\\Http\\Request), Object(Closure))
#24 C:\\Users\\stefanopoulos\\Desktop\\e-forms\\vendor\\laravel\\framework\\src\\Illuminate\\Cookie\\Middleware\\EncryptCookies.php(67): Illuminate\\Pipeline\\Pipeline->Illuminate\\Pipeline\\{closure}(Object(Illuminate\\Http\\Request))
#25 C:\\Users\\stefanopoulos\\Desktop\\e-forms\\vendor\\laravel\\framework\\src\\Illuminate\\Pipeline\\Pipeline.php(180): Illuminate\\Cookie\\Middleware\\EncryptCookies->handle(Object(Illuminate\\Http\\Request), Object(Closure))
#26 C:\\Users\\stefanopoulos\\Desktop\\e-forms\\vendor\\laravel\\framework\\src\\Illuminate\\Pipeline\\Pipeline.php(116): Illuminate\\Pipeline\\Pipeline->Illuminate\\Pipeline\\{closure}(Object(Illuminate\\Http\\Request))
#27 C:\\Users\\stefanopoulos\\Desktop\\e-forms\\vendor\\laravel\\framework\\src\\Illuminate\\Routing\\Router.php(797): Illuminate\\Pipeline\\Pipeline->then(Object(Closure))
#28 C:\\Users\\stefanopoulos\\Desktop\\e-forms\\vendor\\laravel\\framework\\src\\Illuminate\\Routing\\Router.php(776): Illuminate\\Routing\\Router->runRouteWithinStack(Object(Illuminate\\Routing\\Route), Object(Illuminate\\Http\\Request))
#29 C:\\Users\\stefanopoulos\\Desktop\\e-forms\\vendor\\laravel\\framework\\src\\Illuminate\\Routing\\Router.php(740): Illuminate\\Routing\\Router->runRoute(Object(Illuminate\\Http\\Request), Object(Illuminate\\Routing\\Route))
#30 C:\\Users\\stefanopoulos\\Desktop\\e-forms\\vendor\\laravel\\framework\\src\\Illuminate\\Routing\\Router.php(729): Illuminate\\Routing\\Router->dispatchToRoute(Object(Illuminate\\Http\\Request))
#31 C:\\Users\\stefanopoulos\\Desktop\\e-forms\\vendor\\laravel\\framework\\src\\Illuminate\\Foundation\\Http\\Kernel.php(200): Illuminate\\Routing\\Router->dispatch(Object(Illuminate\\Http\\Request))
#32 C:\\Users\\stefanopoulos\\Desktop\\e-forms\\vendor\\laravel\\framework\\src\\Illuminate\\Pipeline\\Pipeline.php(141): Illuminate\\Foundation\\Http\\Kernel->Illuminate\\Foundation\\Http\\{closure}(Object(Illuminate\\Http\\Request))
#33 C:\\Users\\stefanopoulos\\Desktop\\e-forms\\vendor\\laravel\\framework\\src\\Illuminate\\Foundation\\Http\\Middleware\\TransformsRequest.php(21): Illuminate\\Pipeline\\Pipeline->Illuminate\\Pipeline\\{closure}(Object(Illuminate\\Http\\Request))
#34 C:\\Users\\stefanopoulos\\Desktop\\e-forms\\vendor\\laravel\\framework\\src\\Illuminate\\Foundation\\Http\\Middleware\\ConvertEmptyStringsToNull.php(31): Illuminate\\Foundation\\Http\\Middleware\\TransformsRequest->handle(Object(Illuminate\\Http\\Request), Object(Closure))
#35 C:\\Users\\stefanopoulos\\Desktop\\e-forms\\vendor\\laravel\\framework\\src\\Illuminate\\Pipeline\\Pipeline.php(180): Illuminate\\Foundation\\Http\\Middleware\\ConvertEmptyStringsToNull->handle(Object(Illuminate\\Http\\Request), Object(Closure))
#36 C:\\Users\\stefanopoulos\\Desktop\\e-forms\\vendor\\laravel\\framework\\src\\Illuminate\\Foundation\\Http\\Middleware\\TransformsRequest.php(21): Illuminate\\Pipeline\\Pipeline->Illuminate\\Pipeline\\{closure}(Object(Illuminate\\Http\\Request))
#37 C:\\Users\\stefanopoulos\\Desktop\\e-forms\\vendor\\laravel\\framework\\src\\Illuminate\\Foundation\\Http\\Middleware\\TrimStrings.php(40): Illuminate\\Foundation\\Http\\Middleware\\TransformsRequest->handle(Object(Illuminate\\Http\\Request), Object(Closure))
#38 C:\\Users\\stefanopoulos\\Desktop\\e-forms\\vendor\\laravel\\framework\\src\\Illuminate\\Pipeline\\Pipeline.php(180): Illuminate\\Foundation\\Http\\Middleware\\TrimStrings->handle(Object(Illuminate\\Http\\Request), Object(Closure))
#39 C:\\Users\\stefanopoulos\\Desktop\\e-forms\\vendor\\laravel\\framework\\src\\Illuminate\\Foundation\\Http\\Middleware\\ValidatePostSize.php(27): Illuminate\\Pipeline\\Pipeline->Illuminate\\Pipeline\\{closure}(Object(Illuminate\\Http\\Request))
#40 C:\\Users\\stefanopoulos\\Desktop\\e-forms\\vendor\\laravel\\framework\\src\\Illuminate\\Pipeline\\Pipeline.php(180): Illuminate\\Foundation\\Http\\Middleware\\ValidatePostSize->handle(Object(Illuminate\\Http\\Request), Object(Closure))
#41 C:\\Users\\stefanopoulos\\Desktop\\e-forms\\vendor\\laravel\\framework\\src\\Illuminate\\Foundation\\Http\\Middleware\\PreventRequestsDuringMaintenance.php(86): Illuminate\\Pipeline\\Pipeline->Illuminate\\Pipeline\\{closure}(Object(Illuminate\\Http\\Request))
#42 C:\\Users\\stefanopoulos\\Desktop\\e-forms\\vendor\\laravel\\framework\\src\\Illuminate\\Pipeline\\Pipeline.php(180): Illuminate\\Foundation\\Http\\Middleware\\PreventRequestsDuringMaintenance->handle(Object(Illuminate\\Http\\Request), Object(Closure))
#43 C:\\Users\\stefanopoulos\\Desktop\\e-forms\\vendor\\laravel\\framework\\src\\Illuminate\\Http\\Middleware\\HandleCors.php(49): Illuminate\\Pipeline\\Pipeline->Illuminate\\Pipeline\\{closure}(Object(Illuminate\\Http\\Request))
#44 C:\\Users\\stefanopoulos\\Desktop\\e-forms\\vendor\\laravel\\framework\\src\\Illuminate\\Pipeline\\Pipeline.php(180): Illuminate\\Http\\Middleware\\HandleCors->handle(Object(Illuminate\\Http\\Request), Object(Closure))
#45 C:\\Users\\stefanopoulos\\Desktop\\e-forms\\vendor\\laravel\\framework\\src\\Illuminate\\Http\\Middleware\\TrustProxies.php(39): Illuminate\\Pipeline\\Pipeline->Illuminate\\Pipeline\\{closure}(Object(Illuminate\\Http\\Request))
#46 C:\\Users\\stefanopoulos\\Desktop\\e-forms\\vendor\\laravel\\framework\\src\\Illuminate\\Pipeline\\Pipeline.php(180): Illuminate\\Http\\Middleware\\TrustProxies->handle(Object(Illuminate\\Http\\Request), Object(Closure))
#47 C:\\Users\\stefanopoulos\\Desktop\\e-forms\\vendor\\laravel\\framework\\src\\Illuminate\\Pipeline\\Pipeline.php(116): Illuminate\\Pipeline\\Pipeline->Illuminate\\Pipeline\\{closure}(Object(Illuminate\\Http\\Request))
#48 C:\\Users\\stefanopoulos\\Desktop\\e-forms\\vendor\\laravel\\framework\\src\\Illuminate\\Foundation\\Http\\Kernel.php(175): Illuminate\\Pipeline\\Pipeline->then(Object(Closure))
#49 C:\\Users\\stefanopoulos\\Desktop\\e-forms\\vendor\\laravel\\framework\\src\\Illuminate\\Foundation\\Http\\Kernel.php(144): Illuminate\\Foundation\\Http\\Kernel->sendRequestThroughRouter(Object(Illuminate\\Http\\Request))
#50 C:\\Users\\stefanopoulos\\Desktop\\e-forms\\public\\index.php(51): Illuminate\\Foundation\\Http\\Kernel->handle(Object(Illuminate\\Http\\Request))
#51 C:\\Users\\stefanopoulos\\Desktop\\e-forms\\vendor\\laravel\\framework\\src\\Illuminate\\Foundation\\resources\\server.php(16): require_once('C:\\\\Users\\\\stefan...')
#52 {main}
"} 
[2025-04-16 10:57:24] local.ERROR: Attempt to read property "id" on null {"view":{"view":"C:\\Users\\stefanopoulos\\Desktop\\e-forms\\resources\\views\\microapps\\actions\\index_school.blade.php","data":{"errors":"<pre class=sf-dump id=sf-dump-1365893579 data-indent-pad=\"  \"><span class=sf-dump-note>Illuminate\\Support\\ViewErrorBag</span> {<a class=sf-dump-ref>#1731</a><samp data-depth=1 class=sf-dump-expanded>
  #<span class=sf-dump-protected title=\"Protected property\">bags</span>: []
</samp>}
</pre><script>Sfdump(\"sf-dump-1365893579\", {\"maxDepth\":3,\"maxStringLength\":160})</script>
","request":"<pre class=sf-dump id=sf-dump-345519920 data-indent-pad=\"  \"><span class=sf-dump-note>Illuminate\\Http\\Request</span> {<a class=sf-dump-ref>#44</a><samp data-depth=1 class=sf-dump-expanded>
  +<span class=sf-dump-public title=\"Public property\">attributes</span>: <span class=sf-dump-note title=\"Symfony\\Component\\HttpFoundation\\ParameterBag
\"><span class=\"sf-dump-ellipsis sf-dump-ellipsis-note\">Symfony\\Component\\HttpFoundation</span><span class=\"sf-dump-ellipsis sf-dump-ellipsis-note\">\\</span>ParameterBag</span> {<a class=sf-dump-ref>#46</a><samp data-depth=2 class=sf-dump-compact>
    #<span class=sf-dump-protected title=\"Protected property\">parameters</span>: []
  </samp>}
  +<span class=sf-dump-public title=\"Public property\">request</span>: <span class=sf-dump-note title=\"Symfony\\Component\\HttpFoundation\\InputBag
\"><span class=\"sf-dump-ellipsis sf-dump-ellipsis-note\">Symfony\\Component\\HttpFoundation</span><span class=\"sf-dump-ellipsis sf-dump-ellipsis-note\">\\</span>InputBag</span> {<a class=sf-dump-ref>#45</a><samp data-depth=2 class=sf-dump-compact>
    #<span class=sf-dump-protected title=\"Protected property\">parameters</span>: []
  </samp>}
  +<span class=sf-dump-public title=\"Public property\">query</span>: <span class=sf-dump-note title=\"Symfony\\Component\\HttpFoundation\\InputBag
\"><span class=\"sf-dump-ellipsis sf-dump-ellipsis-note\">Symfony\\Component\\HttpFoundation</span><span class=\"sf-dump-ellipsis sf-dump-ellipsis-note\">\\</span>InputBag</span> {<a class=sf-dump-ref>#52</a><samp data-depth=2 class=sf-dump-compact>
    #<span class=sf-dump-protected title=\"Protected property\">parameters</span>: []
  </samp>}
  +<span class=sf-dump-public title=\"Public property\">server</span>: <span class=sf-dump-note title=\"Symfony\\Component\\HttpFoundation\\ServerBag
\"><span class=\"sf-dump-ellipsis sf-dump-ellipsis-note\">Symfony\\Component\\HttpFoundation</span><span class=\"sf-dump-ellipsis sf-dump-ellipsis-note\">\\</span>ServerBag</span> {<a class=sf-dump-ref>#48</a><samp data-depth=2 class=sf-dump-compact>
    #<span class=sf-dump-protected title=\"Protected property\">parameters</span>: <span class=sf-dump-note>array:31</span> [<samp data-depth=3 class=sf-dump-compact>
      \"<span class=sf-dump-key>DOCUMENT_ROOT</span>\" => \"<span class=sf-dump-str title=\"45 characters\">C:\\Users\\stefanopoulos\\Desktop\\e-forms\\public</span>\"
      \"<span class=sf-dump-key>REMOTE_ADDR</span>\" => \"<span class=sf-dump-str title=\"9 characters\">127.0.0.1</span>\"
      \"<span class=sf-dump-key>REMOTE_PORT</span>\" => \"<span class=sf-dump-str title=\"5 characters\">64100</span>\"
      \"<span class=sf-dump-key>SERVER_SOFTWARE</span>\" => \"<span class=sf-dump-str title=\"28 characters\">PHP 8.2.3 Development Server</span>\"
      \"<span class=sf-dump-key>SERVER_PROTOCOL</span>\" => \"<span class=sf-dump-str title=\"8 characters\">HTTP/1.1</span>\"
      \"<span class=sf-dump-key>SERVER_NAME</span>\" => \"<span class=sf-dump-str title=\"9 characters\">127.0.0.1</span>\"
      \"<span class=sf-dump-key>SERVER_PORT</span>\" => \"<span class=sf-dump-str title=\"4 characters\">8000</span>\"
      \"<span class=sf-dump-key>REQUEST_URI</span>\" => \"<span class=sf-dump-str title=\"11 characters\">/actions/14</span>\"
      \"<span class=sf-dump-key>REQUEST_METHOD</span>\" => \"<span class=sf-dump-str title=\"3 characters\">GET</span>\"
      \"<span class=sf-dump-key>SCRIPT_NAME</span>\" => \"<span class=sf-dump-str title=\"10 characters\">/index.php</span>\"
      \"<span class=sf-dump-key>SCRIPT_FILENAME</span>\" => \"<span class=sf-dump-str title=\"55 characters\">C:\\Users\\stefanopoulos\\Desktop\\e-forms\\public\\index.php</span>\"
      \"<span class=sf-dump-key>PATH_INFO</span>\" => \"<span class=sf-dump-str title=\"11 characters\">/actions/14</span>\"
      \"<span class=sf-dump-key>PHP_SELF</span>\" => \"<span class=sf-dump-str title=\"21 characters\">/index.php/actions/14</span>\"
      \"<span class=sf-dump-key>HTTP_HOST</span>\" => \"<span class=sf-dump-str title=\"14 characters\">localhost:8000</span>\"
      \"<span class=sf-dump-key>HTTP_USER_AGENT</span>\" => \"<span class=sf-dump-str title=\"80 characters\">Mozilla/5.0 (Windows NT 10.0; Win64; x64; rv:137.0) Gecko/20100101 Firefox/137.0</span>\"
      \"<span class=sf-dump-key>HTTP_ACCEPT</span>\" => \"<span class=sf-dump-str title=\"63 characters\">text/html,application/xhtml+xml,application/xml;q=0.9,*/*;q=0.8</span>\"
      \"<span class=sf-dump-key>HTTP_ACCEPT_LANGUAGE</span>\" => \"<span class=sf-dump-str title=\"14 characters\">en-US,en;q=0.5</span>\"
      \"<span class=sf-dump-key>HTTP_ACCEPT_ENCODING</span>\" => \"<span class=sf-dump-str title=\"23 characters\">gzip, deflate, br, zstd</span>\"
      \"<span class=sf-dump-key>HTTP_DNT</span>\" => \"<span class=sf-dump-str>1</span>\"
      \"<span class=sf-dump-key>HTTP_SEC_GPC</span>\" => \"<span class=sf-dump-str>1</span>\"
      \"<span class=sf-dump-key>HTTP_CONNECTION</span>\" => \"<span class=sf-dump-str title=\"10 characters\">keep-alive</span>\"
      \"<span class=sf-dump-key>HTTP_REFERER</span>\" => \"<span class=sf-dump-str title=\"29 characters\">http://localhost:8000/actions</span>\"
      \"<span class=sf-dump-key>HTTP_COOKIE</span>\" => \"<span class=sf-dump-str title=\"747 characters\">XSRF-TOKEN=eyJpdiI6IkhwMWg0ajcrMi9YenRxNXA0aHM1WXc9PSIsInZhbHVlIjoib0VRcEtOc0hWa2t3WTlTZGlQTnllc3NsOGZ0MGhtbWpSWnVkdjdlN3UvaGJxa21rZWMrQWY3Y0JPTlFwNmZmZ1RjTzBCeEdwcS9PTGVVek85U2ZOcUdnRTZyUEIwQ3cvaHI1c1BFa1hJc0ZFYTJkS2hHTmNKME4rZ0dOUmUwYysiLCJtYWMiOiI5YTg1NTc2YzdiODNjMWU5MDExZWExNTY1ODIwNjY0ZDZhZGFmZjZmZDgwNmRlYjU5Y2U2NGY1YjQ1ZTI0YThiIiwidGFnIjoiIn0%3D; dieuthinsi_pe_akhaias_hlektronikes_formes_session=eyJpdiI6IlpQMTE0MXc3UnhseG04ald6Y2tpN1E9PSIsInZhbHVlIjoiZUpLdWFHSHVIWjMweVJWVTIvR1RhbmtCMVphdEhwTndLdTdLaFc1aEdOYXlqTXR2cWtJc1BiRmliOGthUUZSbzlJNS90TzZLcDhpMTF4TkZpVnQ5UmtscEV5WU5MSGg4alBpOWxtd0tEWDk5dnR3NXdHaFlOckxKK2dxQkRaeXUiLCJtYWMiOiIxNTc3ZmIyNzE1ZGQ4MGE0OWZiZTg0YzFjNzk3MzhmYWFlZTdhYzY4OTdmNjI4YjBhN2JhYWY2ZGY1YjNmNGE1IiwidGFnIjoiIn0%3D</span>\"
      \"<span class=sf-dump-key>HTTP_UPGRADE_INSECURE_REQUESTS</span>\" => \"<span class=sf-dump-str>1</span>\"
      \"<span class=sf-dump-key>HTTP_SEC_FETCH_DEST</span>\" => \"<span class=sf-dump-str title=\"8 characters\">document</span>\"
      \"<span class=sf-dump-key>HTTP_SEC_FETCH_MODE</span>\" => \"<span class=sf-dump-str title=\"8 characters\">navigate</span>\"
      \"<span class=sf-dump-key>HTTP_SEC_FETCH_SITE</span>\" => \"<span class=sf-dump-str title=\"11 characters\">same-origin</span>\"
      \"<span class=sf-dump-key>HTTP_SEC_FETCH_USER</span>\" => \"<span class=sf-dump-str title=\"2 characters\">?1</span>\"
      \"<span class=sf-dump-key>HTTP_PRIORITY</span>\" => \"<span class=sf-dump-str title=\"6 characters\">u=0, i</span>\"
      \"<span class=sf-dump-key>REQUEST_TIME_FLOAT</span>\" => <span class=sf-dump-num>1744790244.3429</span>
      \"<span class=sf-dump-key>REQUEST_TIME</span>\" => <span class=sf-dump-num>1744790244</span>
    </samp>]
  </samp>}
  +<span class=sf-dump-public title=\"Public property\">files</span>: <span class=sf-dump-note title=\"Symfony\\Component\\HttpFoundation\\FileBag
\"><span class=\"sf-dump-ellipsis sf-dump-ellipsis-note\">Symfony\\Component\\HttpFoundation</span><span class=\"sf-dump-ellipsis sf-dump-ellipsis-note\">\\</span>FileBag</span> {<a class=sf-dump-ref>#49</a><samp data-depth=2 class=sf-dump-compact>
    #<span class=sf-dump-protected title=\"Protected property\">parameters</span>: []
  </samp>}
  +<span class=sf-dump-public title=\"Public property\">cookies</span>: <span class=sf-dump-note title=\"Symfony\\Component\\HttpFoundation\\InputBag
\"><span class=\"sf-dump-ellipsis sf-dump-ellipsis-note\">Symfony\\Component\\HttpFoundation</span><span class=\"sf-dump-ellipsis sf-dump-ellipsis-note\">\\</span>InputBag</span> {<a class=sf-dump-ref>#47</a><samp data-depth=2 class=sf-dump-compact>
    #<span class=sf-dump-protected title=\"Protected property\">parameters</span>: <span class=sf-dump-note>array:2</span> [<samp data-depth=3 class=sf-dump-compact>
      \"<span class=sf-dump-key>XSRF-TOKEN</span>\" => \"<span class=sf-dump-str title=\"40 characters\">rpBeqXfjN1rIFzxunhIxh64qsRRKG48R0DI0aDF3</span>\"
      \"<span class=sf-dump-key>dieuthinsi_pe_akhaias_hlektronikes_formes_session</span>\" => \"<span class=sf-dump-str title=\"40 characters\">vGXD9rSXLucuqAnjdjamuKvr1a7bpwvA407wIfOQ</span>\"
    </samp>]
  </samp>}
  +<span class=sf-dump-public title=\"Public property\">headers</span>: <span class=sf-dump-note title=\"Symfony\\Component\\HttpFoundation\\HeaderBag
\"><span class=\"sf-dump-ellipsis sf-dump-ellipsis-note\">Symfony\\Component\\HttpFoundation</span><span class=\"sf-dump-ellipsis sf-dump-ellipsis-note\">\\</span>HeaderBag</span> {<a class=sf-dump-ref>#50</a><samp data-depth=2 class=sf-dump-compact>
    #<span class=sf-dump-protected title=\"Protected property\">headers</span>: <span class=sf-dump-note>array:16</span> [<samp data-depth=3 class=sf-dump-compact>
      \"<span class=sf-dump-key>host</span>\" => <span class=sf-dump-note>array:1</span> [ &#8230;1]
      \"<span class=sf-dump-key>user-agent</span>\" => <span class=sf-dump-note>array:1</span> [ &#8230;1]
      \"<span class=sf-dump-key>accept</span>\" => <span class=sf-dump-note>array:1</span> [ &#8230;1]
      \"<span class=sf-dump-key>accept-language</span>\" => <span class=sf-dump-note>array:1</span> [ &#8230;1]
      \"<span class=sf-dump-key>accept-encoding</span>\" => <span class=sf-dump-note>array:1</span> [ &#8230;1]
      \"<span class=sf-dump-key>dnt</span>\" => <span class=sf-dump-note>array:1</span> [ &#8230;1]
      \"<span class=sf-dump-key>sec-gpc</span>\" => <span class=sf-dump-note>array:1</span> [ &#8230;1]
      \"<span class=sf-dump-key>connection</span>\" => <span class=sf-dump-note>array:1</span> [ &#8230;1]
      \"<span class=sf-dump-key>referer</span>\" => <span class=sf-dump-note>array:1</span> [ &#8230;1]
      \"<span class=sf-dump-key>cookie</span>\" => <span class=sf-dump-note>array:1</span> [ &#8230;1]
      \"<span class=sf-dump-key>upgrade-insecure-requests</span>\" => <span class=sf-dump-note>array:1</span> [ &#8230;1]
      \"<span class=sf-dump-key>sec-fetch-dest</span>\" => <span class=sf-dump-note>array:1</span> [ &#8230;1]
      \"<span class=sf-dump-key>sec-fetch-mode</span>\" => <span class=sf-dump-note>array:1</span> [ &#8230;1]
      \"<span class=sf-dump-key>sec-fetch-site</span>\" => <span class=sf-dump-note>array:1</span> [ &#8230;1]
      \"<span class=sf-dump-key>sec-fetch-user</span>\" => <span class=sf-dump-note>array:1</span> [ &#8230;1]
      \"<span class=sf-dump-key>priority</span>\" => <span class=sf-dump-note>array:1</span> [ &#8230;1]
    </samp>]
    #<span class=sf-dump-protected title=\"Protected property\">cacheControl</span>: []
  </samp>}
  #<span class=sf-dump-protected title=\"Protected property\">content</span>: <span class=sf-dump-const>null</span>
  #<span class=sf-dump-protected title=\"Protected property\">languages</span>: <span class=sf-dump-const>null</span>
  #<span class=sf-dump-protected title=\"Protected property\">charsets</span>: <span class=sf-dump-const>null</span>
  #<span class=sf-dump-protected title=\"Protected property\">encodings</span>: <span class=sf-dump-const>null</span>
  #<span class=sf-dump-protected title=\"Protected property\">acceptableContentTypes</span>: <span class=sf-dump-const>null</span>
  #<span class=sf-dump-protected title=\"Protected property\">pathInfo</span>: \"<span class=sf-dump-str title=\"11 characters\">/actions/14</span>\"
  #<span class=sf-dump-protected title=\"Protected property\">requestUri</span>: \"<span class=sf-dump-str title=\"11 characters\">/actions/14</span>\"
  #<span class=sf-dump-protected title=\"Protected property\">baseUrl</span>: \"\"
  #<span class=sf-dump-protected title=\"Protected property\">basePath</span>: <span class=sf-dump-const>null</span>
  #<span class=sf-dump-protected title=\"Protected property\">method</span>: \"<span class=sf-dump-str title=\"3 characters\">GET</span>\"
  #<span class=sf-dump-protected title=\"Protected property\">format</span>: <span class=sf-dump-const>null</span>
  #<span class=sf-dump-protected title=\"Protected property\">session</span>: <span class=sf-dump-note title=\"Illuminate\\Session\\Store
\"><span class=\"sf-dump-ellipsis sf-dump-ellipsis-note\">Illuminate\\Session</span><span class=\"sf-dump-ellipsis sf-dump-ellipsis-note\">\\</span>Store</span> {<a class=sf-dump-ref>#1727</a><samp data-depth=2 class=sf-dump-compact>
    #<span class=sf-dump-protected title=\"Protected property\">id</span>: \"<span class=sf-dump-str title=\"40 characters\">vGXD9rSXLucuqAnjdjamuKvr1a7bpwvA407wIfOQ</span>\"
    #<span class=sf-dump-protected title=\"Protected property\">name</span>: \"<span class=sf-dump-str title=\"49 characters\">dieuthinsi_pe_akhaias_hlektronikes_formes_session</span>\"
    #<span class=sf-dump-protected title=\"Protected property\">attributes</span>: <span class=sf-dump-note>array:4</span> [<samp data-depth=3 class=sf-dump-compact>
      \"<span class=sf-dump-key>_token</span>\" => \"<span class=sf-dump-str title=\"40 characters\">rpBeqXfjN1rIFzxunhIxh64qsRRKG48R0DI0aDF3</span>\"
      \"<span class=sf-dump-key>_flash</span>\" => <span class=sf-dump-note>array:2</span> [ &#8230;2]
      \"<span class=sf-dump-key>_previous</span>\" => <span class=sf-dump-note>array:1</span> [ &#8230;1]
      \"<span class=sf-dump-key>login_consultant_59ba36addc2b2f9401580f014c7f58ea4e30989d</span>\" => <span class=sf-dump-num>7</span>
    </samp>]
    #<span class=sf-dump-protected title=\"Protected property\">handler</span>: <span class=sf-dump-note title=\"Illuminate\\Session\\FileSessionHandler
\"><span class=\"sf-dump-ellipsis sf-dump-ellipsis-note\">Illuminate\\Session</span><span class=\"sf-dump-ellipsis sf-dump-ellipsis-note\">\\</span>FileSessionHandler</span> {<a class=sf-dump-ref>#1726</a><samp data-depth=3 class=sf-dump-compact>
      #<span class=sf-dump-protected title=\"Protected property\">files</span>: <span class=sf-dump-note title=\"Illuminate\\Filesystem\\Filesystem
\"><span class=\"sf-dump-ellipsis sf-dump-ellipsis-note\">Illuminate\\Filesystem</span><span class=\"sf-dump-ellipsis sf-dump-ellipsis-note\">\\</span>Filesystem</span> {<a class=sf-dump-ref>#169</a>}
      #<span class=sf-dump-protected title=\"Protected property\">path</span>: \"<span class=sf-dump-str title=\"65 characters\">C:\\Users\\stefanopoulos\\Desktop\\e-forms\\storage\\framework/sessions</span>\"
      #<span class=sf-dump-protected title=\"Protected property\">minutes</span>: \"<span class=sf-dump-str title=\"3 characters\">120</span>\"
    </samp>}
    #<span class=sf-dump-protected title=\"Protected property\">serialization</span>: \"<span class=sf-dump-str title=\"3 characters\">php</span>\"
    #<span class=sf-dump-protected title=\"Protected property\">started</span>: <span class=sf-dump-const>true</span>
  </samp>}
  #<span class=sf-dump-protected title=\"Protected property\">locale</span>: <span class=sf-dump-const>null</span>
  #<span class=sf-dump-protected title=\"Protected property\">defaultLocale</span>: \"<span class=sf-dump-str title=\"2 characters\">en</span>\"
  -<span class=sf-dump-private title=\"Private property defined in class:&#10;`Symfony\\Component\\HttpFoundation\\Request`\">preferredFormat</span>: <span class=sf-dump-const>null</span>
  -<span class=sf-dump-private title=\"Private property defined in class:&#10;`Symfony\\Component\\HttpFoundation\\Request`\">isHostValid</span>: <span class=sf-dump-const>true</span>
  -<span class=sf-dump-private title=\"Private property defined in class:&#10;`Symfony\\Component\\HttpFoundation\\Request`\">isForwardedValid</span>: <span class=sf-dump-const>true</span>
  #<span class=sf-dump-protected title=\"Protected property\">json</span>: <span class=sf-dump-const>null</span>
  #<span class=sf-dump-protected title=\"Protected property\">convertedFiles</span>: []
  #<span class=sf-dump-protected title=\"Protected property\">userResolver</span>: <span class=sf-dump-note>Closure($guard = null)</span> {<a class=sf-dump-ref>#1581</a><samp data-depth=2 class=sf-dump-compact>
    <span class=sf-dump-meta>class</span>: \"<span class=sf-dump-str title=\"Illuminate\\Auth\\AuthServiceProvider
35 characters\"><span class=\"sf-dump-ellipsis sf-dump-ellipsis-class\">Illuminate\\Auth</span><span class=\"sf-dump-ellipsis sf-dump-ellipsis-class\">\\</span>AuthServiceProvider</span>\"
    <span class=sf-dump-meta>this</span>: <span class=sf-dump-note title=\"Illuminate\\Auth\\AuthServiceProvider
\"><span class=\"sf-dump-ellipsis sf-dump-ellipsis-note\">Illuminate\\Auth</span><span class=\"sf-dump-ellipsis sf-dump-ellipsis-note\">\\</span>AuthServiceProvider</span> {<a class=sf-dump-ref>#165</a> &#8230;}
    <span class=sf-dump-meta>use</span>: {<samp data-depth=3 class=sf-dump-compact>
      <span class=sf-dump-meta>$app</span>: <span class=sf-dump-note title=\"Illuminate\\Foundation\\Application
\"><span class=\"sf-dump-ellipsis sf-dump-ellipsis-note\">Illuminate\\Foundation</span><span class=\"sf-dump-ellipsis sf-dump-ellipsis-note\">\\</span>Application</span> {<a class=sf-dump-ref>#2</a> &#8230;}
    </samp>}
    <span class=sf-dump-meta>file</span>: \"<span class=sf-dump-str title=\"C:\\Users\\stefanopoulos\\Desktop\\e-forms\\vendor\\laravel\\framework\\src\\Illuminate\\Auth\\AuthServiceProvider.php
107 characters\"><span class=\"sf-dump-ellipsis sf-dump-ellipsis-path\">C:\\Users\\stefanopoulos\\Desktop\\e-forms\\vendor</span><span class=\"sf-dump-ellipsis sf-dump-ellipsis-path\">\\laravel\\framework\\</span>src\\Illuminate\\Auth\\AuthServiceProvider.php</span>\"
    <span class=sf-dump-meta>line</span>: \"<span class=sf-dump-str title=\"8 characters\">88 to 90</span>\"
  </samp>}
  #<span class=sf-dump-protected title=\"Protected property\">routeResolver</span>: <span class=sf-dump-note>Closure()</span> {<a class=sf-dump-ref>#1590</a><samp data-depth=2 class=sf-dump-compact>
    <span class=sf-dump-meta>class</span>: \"<span class=sf-dump-str title=\"Illuminate\\Routing\\Router
25 characters\"><span class=\"sf-dump-ellipsis sf-dump-ellipsis-class\">Illuminate\\Routing</span><span class=\"sf-dump-ellipsis sf-dump-ellipsis-class\">\\</span>Router</span>\"
    <span class=sf-dump-meta>this</span>: <span class=sf-dump-note title=\"Illuminate\\Routing\\Router
\"><span class=\"sf-dump-ellipsis sf-dump-ellipsis-note\">Illuminate\\Routing</span><span class=\"sf-dump-ellipsis sf-dump-ellipsis-note\">\\</span>Router</span> {<a class=sf-dump-ref>#27</a> &#8230;}
    <span class=sf-dump-meta>use</span>: {<samp data-depth=3 class=sf-dump-compact>
      <span class=sf-dump-meta>$route</span>: <span class=sf-dump-note title=\"Illuminate\\Routing\\Route
\"><span class=\"sf-dump-ellipsis sf-dump-ellipsis-note\">Illuminate\\Routing</span><span class=\"sf-dump-ellipsis sf-dump-ellipsis-note\">\\</span>Route</span> {<a class=sf-dump-ref>#1427</a> &#8230;}
    </samp>}
    <span class=sf-dump-meta>file</span>: \"<span class=sf-dump-str title=\"C:\\Users\\stefanopoulos\\Desktop\\e-forms\\vendor\\laravel\\framework\\src\\Illuminate\\Routing\\Router.php
97 characters\"><span class=\"sf-dump-ellipsis sf-dump-ellipsis-path\">C:\\Users\\stefanopoulos\\Desktop\\e-forms\\vendor</span><span class=\"sf-dump-ellipsis sf-dump-ellipsis-path\">\\laravel\\framework\\</span>src\\Illuminate\\Routing\\Router.php</span>\"
    <span class=sf-dump-meta>line</span>: \"<span class=sf-dump-str title=\"10 characters\">771 to 771</span>\"
  </samp>}
  <span class=sf-dump-meta>basePath</span>: \"\"
  <span class=sf-dump-meta>format</span>: \"<span class=sf-dump-str title=\"4 characters\">html</span>\"
</samp>}
</pre><script>Sfdump(\"sf-dump-345519920\", {\"maxDepth\":3,\"maxStringLength\":160})</script>
"}},"exception":"[object] (Spatie\\LaravelIgnition\\Exceptions\\ViewException(code: 0): Attempt to read property \"id\" on null at C:\\Users\\stefanopoulos\\Desktop\\e-forms\\resources\\views\\microapps\\actions\\index_school.blade.php:138)
[stacktrace]
#0 C:\\Users\\stefanopoulos\\Desktop\\e-forms\\vendor\\laravel\\framework\\src\\Illuminate\\Foundation\\Bootstrap\\HandleExceptions.php(254): Illuminate\\Foundation\\Bootstrap\\HandleExceptions->handleError(2, 'Attempt to read...', 'C:\\\\Users\\\\stefan...', 148)
#1 C:\\Users\\stefanopoulos\\Desktop\\e-forms\\resources\\views\\microapps\\actions\\index_school.blade.php(138): Illuminate\\Foundation\\Bootstrap\\HandleExceptions->Illuminate\\Foundation\\Bootstrap\\{closure}(2, 'Attempt to read...', 'C:\\\\Users\\\\stefan...', 148)
#2 C:\\Users\\stefanopoulos\\Desktop\\e-forms\\vendor\\laravel\\framework\\src\\Illuminate\\Filesystem\\Filesystem.php(124): require('C:\\\\Users\\\\stefan...')
#3 C:\\Users\\stefanopoulos\\Desktop\\e-forms\\vendor\\laravel\\framework\\src\\Illuminate\\Filesystem\\Filesystem.php(125): Illuminate\\Filesystem\\Filesystem::Illuminate\\Filesystem\\{closure}()
#4 C:\\Users\\stefanopoulos\\Desktop\\e-forms\\vendor\\laravel\\framework\\src\\Illuminate\\View\\Engines\\PhpEngine.php(58): Illuminate\\Filesystem\\Filesystem->getRequire('C:\\\\Users\\\\stefan...', Array)
#5 C:\\Users\\stefanopoulos\\Desktop\\e-forms\\vendor\\laravel\\framework\\src\\Illuminate\\View\\Engines\\CompilerEngine.php(70): Illuminate\\View\\Engines\\PhpEngine->evaluatePath('C:\\\\Users\\\\stefan...', Array)
#6 C:\\Users\\stefanopoulos\\Desktop\\e-forms\\vendor\\laravel\\framework\\src\\Illuminate\\View\\View.php(195): Illuminate\\View\\Engines\\CompilerEngine->get('C:\\\\Users\\\\stefan...', Array)
#7 C:\\Users\\stefanopoulos\\Desktop\\e-forms\\vendor\\laravel\\framework\\src\\Illuminate\\View\\View.php(178): Illuminate\\View\\View->getContents()
#8 C:\\Users\\stefanopoulos\\Desktop\\e-forms\\vendor\\laravel\\framework\\src\\Illuminate\\View\\View.php(147): Illuminate\\View\\View->renderContents()
#9 C:\\Users\\stefanopoulos\\Desktop\\e-forms\\vendor\\laravel\\framework\\src\\Illuminate\\Http\\Response.php(69): Illuminate\\View\\View->render()
#10 C:\\Users\\stefanopoulos\\Desktop\\e-forms\\vendor\\laravel\\framework\\src\\Illuminate\\Http\\Response.php(35): Illuminate\\Http\\Response->setContent(Object(Illuminate\\View\\View))
#11 C:\\Users\\stefanopoulos\\Desktop\\e-forms\\vendor\\laravel\\framework\\src\\Illuminate\\Routing\\Router.php(906): Illuminate\\Http\\Response->__construct(Object(Illuminate\\View\\View), 200, Array)
#12 C:\\Users\\stefanopoulos\\Desktop\\e-forms\\vendor\\laravel\\framework\\src\\Illuminate\\Routing\\Router.php(875): Illuminate\\Routing\\Router::toResponse(Object(Illuminate\\Http\\Request), Object(Illuminate\\View\\View))
#13 C:\\Users\\stefanopoulos\\Desktop\\e-forms\\vendor\\laravel\\framework\\src\\Illuminate\\Routing\\Router.php(797): Illuminate\\Routing\\Router->prepareResponse(Object(Illuminate\\Http\\Request), Object(Illuminate\\View\\View))
#14 C:\\Users\\stefanopoulos\\Desktop\\e-forms\\vendor\\laravel\\framework\\src\\Illuminate\\Pipeline\\Pipeline.php(141): Illuminate\\Routing\\Router->Illuminate\\Routing\\{closure}(Object(Illuminate\\Http\\Request))
#15 C:\\Users\\stefanopoulos\\Desktop\\e-forms\\vendor\\laravel\\framework\\src\\Illuminate\\Routing\\Middleware\\SubstituteBindings.php(50): Illuminate\\Pipeline\\Pipeline->Illuminate\\Pipeline\\{closure}(Object(Illuminate\\Http\\Request))
#16 C:\\Users\\stefanopoulos\\Desktop\\e-forms\\vendor\\laravel\\framework\\src\\Illuminate\\Pipeline\\Pipeline.php(180): Illuminate\\Routing\\Middleware\\SubstituteBindings->handle(Object(Illuminate\\Http\\Request), Object(Closure))
#17 C:\\Users\\stefanopoulos\\Desktop\\e-forms\\vendor\\laravel\\framework\\src\\Illuminate\\Foundation\\Http\\Middleware\\VerifyCsrfToken.php(78): Illuminate\\Pipeline\\Pipeline->Illuminate\\Pipeline\\{closure}(Object(Illuminate\\Http\\Request))
#18 C:\\Users\\stefanopoulos\\Desktop\\e-forms\\vendor\\laravel\\framework\\src\\Illuminate\\Pipeline\\Pipeline.php(180): Illuminate\\Foundation\\Http\\Middleware\\VerifyCsrfToken->handle(Object(Illuminate\\Http\\Request), Object(Closure))
#19 C:\\Users\\stefanopoulos\\Desktop\\e-forms\\vendor\\laravel\\framework\\src\\Illuminate\\View\\Middleware\\ShareErrorsFromSession.php(49): Illuminate\\Pipeline\\Pipeline->Illuminate\\Pipeline\\{closure}(Object(Illuminate\\Http\\Request))
#20 C:\\Users\\stefanopoulos\\Desktop\\e-forms\\vendor\\laravel\\framework\\src\\Illuminate\\Pipeline\\Pipeline.php(180): Illuminate\\View\\Middleware\\ShareErrorsFromSession->handle(Object(Illuminate\\Http\\Request), Object(Closure))
#21 C:\\Users\\stefanopoulos\\Desktop\\e-forms\\vendor\\laravel\\framework\\src\\Illuminate\\Session\\Middleware\\StartSession.php(121): Illuminate\\Pipeline\\Pipeline->Illuminate\\Pipeline\\{closure}(Object(Illuminate\\Http\\Request))
#22 C:\\Users\\stefanopoulos\\Desktop\\e-forms\\vendor\\laravel\\framework\\src\\Illuminate\\Session\\Middleware\\StartSession.php(64): Illuminate\\Session\\Middleware\\StartSession->handleStatefulRequest(Object(Illuminate\\Http\\Request), Object(Illuminate\\Session\\Store), Object(Closure))
#23 C:\\Users\\stefanopoulos\\Desktop\\e-forms\\vendor\\laravel\\framework\\src\\Illuminate\\Pipeline\\Pipeline.php(180): Illuminate\\Session\\Middleware\\StartSession->handle(Object(Illuminate\\Http\\Request), Object(Closure))
#24 C:\\Users\\stefanopoulos\\Desktop\\e-forms\\vendor\\laravel\\framework\\src\\Illuminate\\Cookie\\Middleware\\AddQueuedCookiesToResponse.php(37): Illuminate\\Pipeline\\Pipeline->Illuminate\\Pipeline\\{closure}(Object(Illuminate\\Http\\Request))
#25 C:\\Users\\stefanopoulos\\Desktop\\e-forms\\vendor\\laravel\\framework\\src\\Illuminate\\Pipeline\\Pipeline.php(180): Illuminate\\Cookie\\Middleware\\AddQueuedCookiesToResponse->handle(Object(Illuminate\\Http\\Request), Object(Closure))
#26 C:\\Users\\stefanopoulos\\Desktop\\e-forms\\vendor\\laravel\\framework\\src\\Illuminate\\Cookie\\Middleware\\EncryptCookies.php(67): Illuminate\\Pipeline\\Pipeline->Illuminate\\Pipeline\\{closure}(Object(Illuminate\\Http\\Request))
#27 C:\\Users\\stefanopoulos\\Desktop\\e-forms\\vendor\\laravel\\framework\\src\\Illuminate\\Pipeline\\Pipeline.php(180): Illuminate\\Cookie\\Middleware\\EncryptCookies->handle(Object(Illuminate\\Http\\Request), Object(Closure))
#28 C:\\Users\\stefanopoulos\\Desktop\\e-forms\\vendor\\laravel\\framework\\src\\Illuminate\\Pipeline\\Pipeline.php(116): Illuminate\\Pipeline\\Pipeline->Illuminate\\Pipeline\\{closure}(Object(Illuminate\\Http\\Request))
#29 C:\\Users\\stefanopoulos\\Desktop\\e-forms\\vendor\\laravel\\framework\\src\\Illuminate\\Routing\\Router.php(797): Illuminate\\Pipeline\\Pipeline->then(Object(Closure))
#30 C:\\Users\\stefanopoulos\\Desktop\\e-forms\\vendor\\laravel\\framework\\src\\Illuminate\\Routing\\Router.php(776): Illuminate\\Routing\\Router->runRouteWithinStack(Object(Illuminate\\Routing\\Route), Object(Illuminate\\Http\\Request))
#31 C:\\Users\\stefanopoulos\\Desktop\\e-forms\\vendor\\laravel\\framework\\src\\Illuminate\\Routing\\Router.php(740): Illuminate\\Routing\\Router->runRoute(Object(Illuminate\\Http\\Request), Object(Illuminate\\Routing\\Route))
#32 C:\\Users\\stefanopoulos\\Desktop\\e-forms\\vendor\\laravel\\framework\\src\\Illuminate\\Routing\\Router.php(729): Illuminate\\Routing\\Router->dispatchToRoute(Object(Illuminate\\Http\\Request))
#33 C:\\Users\\stefanopoulos\\Desktop\\e-forms\\vendor\\laravel\\framework\\src\\Illuminate\\Foundation\\Http\\Kernel.php(200): Illuminate\\Routing\\Router->dispatch(Object(Illuminate\\Http\\Request))
#34 C:\\Users\\stefanopoulos\\Desktop\\e-forms\\vendor\\laravel\\framework\\src\\Illuminate\\Pipeline\\Pipeline.php(141): Illuminate\\Foundation\\Http\\Kernel->Illuminate\\Foundation\\Http\\{closure}(Object(Illuminate\\Http\\Request))
#35 C:\\Users\\stefanopoulos\\Desktop\\e-forms\\vendor\\laravel\\framework\\src\\Illuminate\\Foundation\\Http\\Middleware\\TransformsRequest.php(21): Illuminate\\Pipeline\\Pipeline->Illuminate\\Pipeline\\{closure}(Object(Illuminate\\Http\\Request))
#36 C:\\Users\\stefanopoulos\\Desktop\\e-forms\\vendor\\laravel\\framework\\src\\Illuminate\\Foundation\\Http\\Middleware\\ConvertEmptyStringsToNull.php(31): Illuminate\\Foundation\\Http\\Middleware\\TransformsRequest->handle(Object(Illuminate\\Http\\Request), Object(Closure))
#37 C:\\Users\\stefanopoulos\\Desktop\\e-forms\\vendor\\laravel\\framework\\src\\Illuminate\\Pipeline\\Pipeline.php(180): Illuminate\\Foundation\\Http\\Middleware\\ConvertEmptyStringsToNull->handle(Object(Illuminate\\Http\\Request), Object(Closure))
#38 C:\\Users\\stefanopoulos\\Desktop\\e-forms\\vendor\\laravel\\framework\\src\\Illuminate\\Foundation\\Http\\Middleware\\TransformsRequest.php(21): Illuminate\\Pipeline\\Pipeline->Illuminate\\Pipeline\\{closure}(Object(Illuminate\\Http\\Request))
#39 C:\\Users\\stefanopoulos\\Desktop\\e-forms\\vendor\\laravel\\framework\\src\\Illuminate\\Foundation\\Http\\Middleware\\TrimStrings.php(40): Illuminate\\Foundation\\Http\\Middleware\\TransformsRequest->handle(Object(Illuminate\\Http\\Request), Object(Closure))
#40 C:\\Users\\stefanopoulos\\Desktop\\e-forms\\vendor\\laravel\\framework\\src\\Illuminate\\Pipeline\\Pipeline.php(180): Illuminate\\Foundation\\Http\\Middleware\\TrimStrings->handle(Object(Illuminate\\Http\\Request), Object(Closure))
#41 C:\\Users\\stefanopoulos\\Desktop\\e-forms\\vendor\\laravel\\framework\\src\\Illuminate\\Foundation\\Http\\Middleware\\ValidatePostSize.php(27): Illuminate\\Pipeline\\Pipeline->Illuminate\\Pipeline\\{closure}(Object(Illuminate\\Http\\Request))
#42 C:\\Users\\stefanopoulos\\Desktop\\e-forms\\vendor\\laravel\\framework\\src\\Illuminate\\Pipeline\\Pipeline.php(180): Illuminate\\Foundation\\Http\\Middleware\\ValidatePostSize->handle(Object(Illuminate\\Http\\Request), Object(Closure))
#43 C:\\Users\\stefanopoulos\\Desktop\\e-forms\\vendor\\laravel\\framework\\src\\Illuminate\\Foundation\\Http\\Middleware\\PreventRequestsDuringMaintenance.php(86): Illuminate\\Pipeline\\Pipeline->Illuminate\\Pipeline\\{closure}(Object(Illuminate\\Http\\Request))
#44 C:\\Users\\stefanopoulos\\Desktop\\e-forms\\vendor\\laravel\\framework\\src\\Illuminate\\Pipeline\\Pipeline.php(180): Illuminate\\Foundation\\Http\\Middleware\\PreventRequestsDuringMaintenance->handle(Object(Illuminate\\Http\\Request), Object(Closure))
#45 C:\\Users\\stefanopoulos\\Desktop\\e-forms\\vendor\\laravel\\framework\\src\\Illuminate\\Http\\Middleware\\HandleCors.php(49): Illuminate\\Pipeline\\Pipeline->Illuminate\\Pipeline\\{closure}(Object(Illuminate\\Http\\Request))
#46 C:\\Users\\stefanopoulos\\Desktop\\e-forms\\vendor\\laravel\\framework\\src\\Illuminate\\Pipeline\\Pipeline.php(180): Illuminate\\Http\\Middleware\\HandleCors->handle(Object(Illuminate\\Http\\Request), Object(Closure))
#47 C:\\Users\\stefanopoulos\\Desktop\\e-forms\\vendor\\laravel\\framework\\src\\Illuminate\\Http\\Middleware\\TrustProxies.php(39): Illuminate\\Pipeline\\Pipeline->Illuminate\\Pipeline\\{closure}(Object(Illuminate\\Http\\Request))
#48 C:\\Users\\stefanopoulos\\Desktop\\e-forms\\vendor\\laravel\\framework\\src\\Illuminate\\Pipeline\\Pipeline.php(180): Illuminate\\Http\\Middleware\\TrustProxies->handle(Object(Illuminate\\Http\\Request), Object(Closure))
#49 C:\\Users\\stefanopoulos\\Desktop\\e-forms\\vendor\\laravel\\framework\\src\\Illuminate\\Pipeline\\Pipeline.php(116): Illuminate\\Pipeline\\Pipeline->Illuminate\\Pipeline\\{closure}(Object(Illuminate\\Http\\Request))
#50 C:\\Users\\stefanopoulos\\Desktop\\e-forms\\vendor\\laravel\\framework\\src\\Illuminate\\Foundation\\Http\\Kernel.php(175): Illuminate\\Pipeline\\Pipeline->then(Object(Closure))
#51 C:\\Users\\stefanopoulos\\Desktop\\e-forms\\vendor\\laravel\\framework\\src\\Illuminate\\Foundation\\Http\\Kernel.php(144): Illuminate\\Foundation\\Http\\Kernel->sendRequestThroughRouter(Object(Illuminate\\Http\\Request))
#52 C:\\Users\\stefanopoulos\\Desktop\\e-forms\\public\\index.php(51): Illuminate\\Foundation\\Http\\Kernel->handle(Object(Illuminate\\Http\\Request))
#53 C:\\Users\\stefanopoulos\\Desktop\\e-forms\\vendor\\laravel\\framework\\src\\Illuminate\\Foundation\\resources\\server.php(16): require_once('C:\\\\Users\\\\stefan...')
#54 {main}

[previous exception] [object] (ErrorException(code: 0): Attempt to read property \"id\" on null at C:\\Users\\stefanopoulos\\Desktop\\e-forms\\storage\\framework\\views\\67800a60a210fb128232c9846d71636c.php:148)
[stacktrace]
#0 C:\\Users\\stefanopoulos\\Desktop\\e-forms\\vendor\\laravel\\framework\\src\\Illuminate\\Foundation\\Bootstrap\\HandleExceptions.php(254): Illuminate\\Foundation\\Bootstrap\\HandleExceptions->handleError(2, 'Attempt to read...', 'C:\\\\Users\\\\stefan...', 148)
#1 C:\\Users\\stefanopoulos\\Desktop\\e-forms\\storage\\framework\\views\\67800a60a210fb128232c9846d71636c.php(148): Illuminate\\Foundation\\Bootstrap\\HandleExceptions->Illuminate\\Foundation\\Bootstrap\\{closure}(2, 'Attempt to read...', 'C:\\\\Users\\\\stefan...', 148)
#2 C:\\Users\\stefanopoulos\\Desktop\\e-forms\\vendor\\laravel\\framework\\src\\Illuminate\\Filesystem\\Filesystem.php(124): require('C:\\\\Users\\\\stefan...')
#3 C:\\Users\\stefanopoulos\\Desktop\\e-forms\\vendor\\laravel\\framework\\src\\Illuminate\\Filesystem\\Filesystem.php(125): Illuminate\\Filesystem\\Filesystem::Illuminate\\Filesystem\\{closure}()
#4 C:\\Users\\stefanopoulos\\Desktop\\e-forms\\vendor\\laravel\\framework\\src\\Illuminate\\View\\Engines\\PhpEngine.php(58): Illuminate\\Filesystem\\Filesystem->getRequire('C:\\\\Users\\\\stefan...', Array)
#5 C:\\Users\\stefanopoulos\\Desktop\\e-forms\\vendor\\laravel\\framework\\src\\Illuminate\\View\\Engines\\CompilerEngine.php(70): Illuminate\\View\\Engines\\PhpEngine->evaluatePath('C:\\\\Users\\\\stefan...', Array)
#6 C:\\Users\\stefanopoulos\\Desktop\\e-forms\\vendor\\laravel\\framework\\src\\Illuminate\\View\\View.php(195): Illuminate\\View\\Engines\\CompilerEngine->get('C:\\\\Users\\\\stefan...', Array)
#7 C:\\Users\\stefanopoulos\\Desktop\\e-forms\\vendor\\laravel\\framework\\src\\Illuminate\\View\\View.php(178): Illuminate\\View\\View->getContents()
#8 C:\\Users\\stefanopoulos\\Desktop\\e-forms\\vendor\\laravel\\framework\\src\\Illuminate\\View\\View.php(147): Illuminate\\View\\View->renderContents()
#9 C:\\Users\\stefanopoulos\\Desktop\\e-forms\\vendor\\laravel\\framework\\src\\Illuminate\\Http\\Response.php(69): Illuminate\\View\\View->render()
#10 C:\\Users\\stefanopoulos\\Desktop\\e-forms\\vendor\\laravel\\framework\\src\\Illuminate\\Http\\Response.php(35): Illuminate\\Http\\Response->setContent(Object(Illuminate\\View\\View))
#11 C:\\Users\\stefanopoulos\\Desktop\\e-forms\\vendor\\laravel\\framework\\src\\Illuminate\\Routing\\Router.php(906): Illuminate\\Http\\Response->__construct(Object(Illuminate\\View\\View), 200, Array)
#12 C:\\Users\\stefanopoulos\\Desktop\\e-forms\\vendor\\laravel\\framework\\src\\Illuminate\\Routing\\Router.php(875): Illuminate\\Routing\\Router::toResponse(Object(Illuminate\\Http\\Request), Object(Illuminate\\View\\View))
#13 C:\\Users\\stefanopoulos\\Desktop\\e-forms\\vendor\\laravel\\framework\\src\\Illuminate\\Routing\\Router.php(797): Illuminate\\Routing\\Router->prepareResponse(Object(Illuminate\\Http\\Request), Object(Illuminate\\View\\View))
#14 C:\\Users\\stefanopoulos\\Desktop\\e-forms\\vendor\\laravel\\framework\\src\\Illuminate\\Pipeline\\Pipeline.php(141): Illuminate\\Routing\\Router->Illuminate\\Routing\\{closure}(Object(Illuminate\\Http\\Request))
#15 C:\\Users\\stefanopoulos\\Desktop\\e-forms\\vendor\\laravel\\framework\\src\\Illuminate\\Routing\\Middleware\\SubstituteBindings.php(50): Illuminate\\Pipeline\\Pipeline->Illuminate\\Pipeline\\{closure}(Object(Illuminate\\Http\\Request))
#16 C:\\Users\\stefanopoulos\\Desktop\\e-forms\\vendor\\laravel\\framework\\src\\Illuminate\\Pipeline\\Pipeline.php(180): Illuminate\\Routing\\Middleware\\SubstituteBindings->handle(Object(Illuminate\\Http\\Request), Object(Closure))
#17 C:\\Users\\stefanopoulos\\Desktop\\e-forms\\vendor\\laravel\\framework\\src\\Illuminate\\Foundation\\Http\\Middleware\\VerifyCsrfToken.php(78): Illuminate\\Pipeline\\Pipeline->Illuminate\\Pipeline\\{closure}(Object(Illuminate\\Http\\Request))
#18 C:\\Users\\stefanopoulos\\Desktop\\e-forms\\vendor\\laravel\\framework\\src\\Illuminate\\Pipeline\\Pipeline.php(180): Illuminate\\Foundation\\Http\\Middleware\\VerifyCsrfToken->handle(Object(Illuminate\\Http\\Request), Object(Closure))
#19 C:\\Users\\stefanopoulos\\Desktop\\e-forms\\vendor\\laravel\\framework\\src\\Illuminate\\View\\Middleware\\ShareErrorsFromSession.php(49): Illuminate\\Pipeline\\Pipeline->Illuminate\\Pipeline\\{closure}(Object(Illuminate\\Http\\Request))
#20 C:\\Users\\stefanopoulos\\Desktop\\e-forms\\vendor\\laravel\\framework\\src\\Illuminate\\Pipeline\\Pipeline.php(180): Illuminate\\View\\Middleware\\ShareErrorsFromSession->handle(Object(Illuminate\\Http\\Request), Object(Closure))
#21 C:\\Users\\stefanopoulos\\Desktop\\e-forms\\vendor\\laravel\\framework\\src\\Illuminate\\Session\\Middleware\\StartSession.php(121): Illuminate\\Pipeline\\Pipeline->Illuminate\\Pipeline\\{closure}(Object(Illuminate\\Http\\Request))
#22 C:\\Users\\stefanopoulos\\Desktop\\e-forms\\vendor\\laravel\\framework\\src\\Illuminate\\Session\\Middleware\\StartSession.php(64): Illuminate\\Session\\Middleware\\StartSession->handleStatefulRequest(Object(Illuminate\\Http\\Request), Object(Illuminate\\Session\\Store), Object(Closure))
#23 C:\\Users\\stefanopoulos\\Desktop\\e-forms\\vendor\\laravel\\framework\\src\\Illuminate\\Pipeline\\Pipeline.php(180): Illuminate\\Session\\Middleware\\StartSession->handle(Object(Illuminate\\Http\\Request), Object(Closure))
#24 C:\\Users\\stefanopoulos\\Desktop\\e-forms\\vendor\\laravel\\framework\\src\\Illuminate\\Cookie\\Middleware\\AddQueuedCookiesToResponse.php(37): Illuminate\\Pipeline\\Pipeline->Illuminate\\Pipeline\\{closure}(Object(Illuminate\\Http\\Request))
#25 C:\\Users\\stefanopoulos\\Desktop\\e-forms\\vendor\\laravel\\framework\\src\\Illuminate\\Pipeline\\Pipeline.php(180): Illuminate\\Cookie\\Middleware\\AddQueuedCookiesToResponse->handle(Object(Illuminate\\Http\\Request), Object(Closure))
#26 C:\\Users\\stefanopoulos\\Desktop\\e-forms\\vendor\\laravel\\framework\\src\\Illuminate\\Cookie\\Middleware\\EncryptCookies.php(67): Illuminate\\Pipeline\\Pipeline->Illuminate\\Pipeline\\{closure}(Object(Illuminate\\Http\\Request))
#27 C:\\Users\\stefanopoulos\\Desktop\\e-forms\\vendor\\laravel\\framework\\src\\Illuminate\\Pipeline\\Pipeline.php(180): Illuminate\\Cookie\\Middleware\\EncryptCookies->handle(Object(Illuminate\\Http\\Request), Object(Closure))
#28 C:\\Users\\stefanopoulos\\Desktop\\e-forms\\vendor\\laravel\\framework\\src\\Illuminate\\Pipeline\\Pipeline.php(116): Illuminate\\Pipeline\\Pipeline->Illuminate\\Pipeline\\{closure}(Object(Illuminate\\Http\\Request))
#29 C:\\Users\\stefanopoulos\\Desktop\\e-forms\\vendor\\laravel\\framework\\src\\Illuminate\\Routing\\Router.php(797): Illuminate\\Pipeline\\Pipeline->then(Object(Closure))
#30 C:\\Users\\stefanopoulos\\Desktop\\e-forms\\vendor\\laravel\\framework\\src\\Illuminate\\Routing\\Router.php(776): Illuminate\\Routing\\Router->runRouteWithinStack(Object(Illuminate\\Routing\\Route), Object(Illuminate\\Http\\Request))
#31 C:\\Users\\stefanopoulos\\Desktop\\e-forms\\vendor\\laravel\\framework\\src\\Illuminate\\Routing\\Router.php(740): Illuminate\\Routing\\Router->runRoute(Object(Illuminate\\Http\\Request), Object(Illuminate\\Routing\\Route))
#32 C:\\Users\\stefanopoulos\\Desktop\\e-forms\\vendor\\laravel\\framework\\src\\Illuminate\\Routing\\Router.php(729): Illuminate\\Routing\\Router->dispatchToRoute(Object(Illuminate\\Http\\Request))
#33 C:\\Users\\stefanopoulos\\Desktop\\e-forms\\vendor\\laravel\\framework\\src\\Illuminate\\Foundation\\Http\\Kernel.php(200): Illuminate\\Routing\\Router->dispatch(Object(Illuminate\\Http\\Request))
#34 C:\\Users\\stefanopoulos\\Desktop\\e-forms\\vendor\\laravel\\framework\\src\\Illuminate\\Pipeline\\Pipeline.php(141): Illuminate\\Foundation\\Http\\Kernel->Illuminate\\Foundation\\Http\\{closure}(Object(Illuminate\\Http\\Request))
#35 C:\\Users\\stefanopoulos\\Desktop\\e-forms\\vendor\\laravel\\framework\\src\\Illuminate\\Foundation\\Http\\Middleware\\TransformsRequest.php(21): Illuminate\\Pipeline\\Pipeline->Illuminate\\Pipeline\\{closure}(Object(Illuminate\\Http\\Request))
#36 C:\\Users\\stefanopoulos\\Desktop\\e-forms\\vendor\\laravel\\framework\\src\\Illuminate\\Foundation\\Http\\Middleware\\ConvertEmptyStringsToNull.php(31): Illuminate\\Foundation\\Http\\Middleware\\TransformsRequest->handle(Object(Illuminate\\Http\\Request), Object(Closure))
#37 C:\\Users\\stefanopoulos\\Desktop\\e-forms\\vendor\\laravel\\framework\\src\\Illuminate\\Pipeline\\Pipeline.php(180): Illuminate\\Foundation\\Http\\Middleware\\ConvertEmptyStringsToNull->handle(Object(Illuminate\\Http\\Request), Object(Closure))
#38 C:\\Users\\stefanopoulos\\Desktop\\e-forms\\vendor\\laravel\\framework\\src\\Illuminate\\Foundation\\Http\\Middleware\\TransformsRequest.php(21): Illuminate\\Pipeline\\Pipeline->Illuminate\\Pipeline\\{closure}(Object(Illuminate\\Http\\Request))
#39 C:\\Users\\stefanopoulos\\Desktop\\e-forms\\vendor\\laravel\\framework\\src\\Illuminate\\Foundation\\Http\\Middleware\\TrimStrings.php(40): Illuminate\\Foundation\\Http\\Middleware\\TransformsRequest->handle(Object(Illuminate\\Http\\Request), Object(Closure))
#40 C:\\Users\\stefanopoulos\\Desktop\\e-forms\\vendor\\laravel\\framework\\src\\Illuminate\\Pipeline\\Pipeline.php(180): Illuminate\\Foundation\\Http\\Middleware\\TrimStrings->handle(Object(Illuminate\\Http\\Request), Object(Closure))
#41 C:\\Users\\stefanopoulos\\Desktop\\e-forms\\vendor\\laravel\\framework\\src\\Illuminate\\Foundation\\Http\\Middleware\\ValidatePostSize.php(27): Illuminate\\Pipeline\\Pipeline->Illuminate\\Pipeline\\{closure}(Object(Illuminate\\Http\\Request))
#42 C:\\Users\\stefanopoulos\\Desktop\\e-forms\\vendor\\laravel\\framework\\src\\Illuminate\\Pipeline\\Pipeline.php(180): Illuminate\\Foundation\\Http\\Middleware\\ValidatePostSize->handle(Object(Illuminate\\Http\\Request), Object(Closure))
#43 C:\\Users\\stefanopoulos\\Desktop\\e-forms\\vendor\\laravel\\framework\\src\\Illuminate\\Foundation\\Http\\Middleware\\PreventRequestsDuringMaintenance.php(86): Illuminate\\Pipeline\\Pipeline->Illuminate\\Pipeline\\{closure}(Object(Illuminate\\Http\\Request))
#44 C:\\Users\\stefanopoulos\\Desktop\\e-forms\\vendor\\laravel\\framework\\src\\Illuminate\\Pipeline\\Pipeline.php(180): Illuminate\\Foundation\\Http\\Middleware\\PreventRequestsDuringMaintenance->handle(Object(Illuminate\\Http\\Request), Object(Closure))
#45 C:\\Users\\stefanopoulos\\Desktop\\e-forms\\vendor\\laravel\\framework\\src\\Illuminate\\Http\\Middleware\\HandleCors.php(49): Illuminate\\Pipeline\\Pipeline->Illuminate\\Pipeline\\{closure}(Object(Illuminate\\Http\\Request))
#46 C:\\Users\\stefanopoulos\\Desktop\\e-forms\\vendor\\laravel\\framework\\src\\Illuminate\\Pipeline\\Pipeline.php(180): Illuminate\\Http\\Middleware\\HandleCors->handle(Object(Illuminate\\Http\\Request), Object(Closure))
#47 C:\\Users\\stefanopoulos\\Desktop\\e-forms\\vendor\\laravel\\framework\\src\\Illuminate\\Http\\Middleware\\TrustProxies.php(39): Illuminate\\Pipeline\\Pipeline->Illuminate\\Pipeline\\{closure}(Object(Illuminate\\Http\\Request))
#48 C:\\Users\\stefanopoulos\\Desktop\\e-forms\\vendor\\laravel\\framework\\src\\Illuminate\\Pipeline\\Pipeline.php(180): Illuminate\\Http\\Middleware\\TrustProxies->handle(Object(Illuminate\\Http\\Request), Object(Closure))
#49 C:\\Users\\stefanopoulos\\Desktop\\e-forms\\vendor\\laravel\\framework\\src\\Illuminate\\Pipeline\\Pipeline.php(116): Illuminate\\Pipeline\\Pipeline->Illuminate\\Pipeline\\{closure}(Object(Illuminate\\Http\\Request))
#50 C:\\Users\\stefanopoulos\\Desktop\\e-forms\\vendor\\laravel\\framework\\src\\Illuminate\\Foundation\\Http\\Kernel.php(175): Illuminate\\Pipeline\\Pipeline->then(Object(Closure))
#51 C:\\Users\\stefanopoulos\\Desktop\\e-forms\\vendor\\laravel\\framework\\src\\Illuminate\\Foundation\\Http\\Kernel.php(144): Illuminate\\Foundation\\Http\\Kernel->sendRequestThroughRouter(Object(Illuminate\\Http\\Request))
#52 C:\\Users\\stefanopoulos\\Desktop\\e-forms\\public\\index.php(51): Illuminate\\Foundation\\Http\\Kernel->handle(Object(Illuminate\\Http\\Request))
#53 C:\\Users\\stefanopoulos\\Desktop\\e-forms\\vendor\\laravel\\framework\\src\\Illuminate\\Foundation\\resources\\server.php(16): require_once('C:\\\\Users\\\\stefan...')
#54 {main}
"} 
[2025-04-16 12:12:17] local.ERROR: Attempt to read property "id" on null {"view":{"view":"C:\\Users\\stefanopoulos\\Desktop\\e-forms\\resources\\views\\microapps\\actions\\index_school.blade.php","data":{"errors":"<pre class=sf-dump id=sf-dump-1589594266 data-indent-pad=\"  \"><span class=sf-dump-note>Illuminate\\Support\\ViewErrorBag</span> {<a class=sf-dump-ref>#1732</a><samp data-depth=1 class=sf-dump-expanded>
  #<span class=sf-dump-protected title=\"Protected property\">bags</span>: []
</samp>}
</pre><script>Sfdump(\"sf-dump-1589594266\", {\"maxDepth\":3,\"maxStringLength\":160})</script>
","request":"<pre class=sf-dump id=sf-dump-1111287905 data-indent-pad=\"  \"><span class=sf-dump-note>Illuminate\\Http\\Request</span> {<a class=sf-dump-ref>#44</a><samp data-depth=1 class=sf-dump-expanded>
  +<span class=sf-dump-public title=\"Public property\">attributes</span>: <span class=sf-dump-note title=\"Symfony\\Component\\HttpFoundation\\ParameterBag
\"><span class=\"sf-dump-ellipsis sf-dump-ellipsis-note\">Symfony\\Component\\HttpFoundation</span><span class=\"sf-dump-ellipsis sf-dump-ellipsis-note\">\\</span>ParameterBag</span> {<a class=sf-dump-ref>#46</a><samp data-depth=2 class=sf-dump-compact>
    #<span class=sf-dump-protected title=\"Protected property\">parameters</span>: []
  </samp>}
  +<span class=sf-dump-public title=\"Public property\">request</span>: <span class=sf-dump-note title=\"Symfony\\Component\\HttpFoundation\\InputBag
\"><span class=\"sf-dump-ellipsis sf-dump-ellipsis-note\">Symfony\\Component\\HttpFoundation</span><span class=\"sf-dump-ellipsis sf-dump-ellipsis-note\">\\</span>InputBag</span> {<a class=sf-dump-ref>#45</a><samp data-depth=2 class=sf-dump-compact>
    #<span class=sf-dump-protected title=\"Protected property\">parameters</span>: []
  </samp>}
  +<span class=sf-dump-public title=\"Public property\">query</span>: <span class=sf-dump-note title=\"Symfony\\Component\\HttpFoundation\\InputBag
\"><span class=\"sf-dump-ellipsis sf-dump-ellipsis-note\">Symfony\\Component\\HttpFoundation</span><span class=\"sf-dump-ellipsis sf-dump-ellipsis-note\">\\</span>InputBag</span> {<a class=sf-dump-ref>#52</a><samp data-depth=2 class=sf-dump-compact>
    #<span class=sf-dump-protected title=\"Protected property\">parameters</span>: []
  </samp>}
  +<span class=sf-dump-public title=\"Public property\">server</span>: <span class=sf-dump-note title=\"Symfony\\Component\\HttpFoundation\\ServerBag
\"><span class=\"sf-dump-ellipsis sf-dump-ellipsis-note\">Symfony\\Component\\HttpFoundation</span><span class=\"sf-dump-ellipsis sf-dump-ellipsis-note\">\\</span>ServerBag</span> {<a class=sf-dump-ref>#48</a><samp data-depth=2 class=sf-dump-compact>
    #<span class=sf-dump-protected title=\"Protected property\">parameters</span>: <span class=sf-dump-note>array:31</span> [<samp data-depth=3 class=sf-dump-compact>
      \"<span class=sf-dump-key>DOCUMENT_ROOT</span>\" => \"<span class=sf-dump-str title=\"45 characters\">C:\\Users\\stefanopoulos\\Desktop\\e-forms\\public</span>\"
      \"<span class=sf-dump-key>REMOTE_ADDR</span>\" => \"<span class=sf-dump-str title=\"9 characters\">127.0.0.1</span>\"
      \"<span class=sf-dump-key>REMOTE_PORT</span>\" => \"<span class=sf-dump-str title=\"5 characters\">54622</span>\"
      \"<span class=sf-dump-key>SERVER_SOFTWARE</span>\" => \"<span class=sf-dump-str title=\"28 characters\">PHP 8.2.3 Development Server</span>\"
      \"<span class=sf-dump-key>SERVER_PROTOCOL</span>\" => \"<span class=sf-dump-str title=\"8 characters\">HTTP/1.1</span>\"
      \"<span class=sf-dump-key>SERVER_NAME</span>\" => \"<span class=sf-dump-str title=\"9 characters\">127.0.0.1</span>\"
      \"<span class=sf-dump-key>SERVER_PORT</span>\" => \"<span class=sf-dump-str title=\"4 characters\">8000</span>\"
      \"<span class=sf-dump-key>REQUEST_URI</span>\" => \"<span class=sf-dump-str title=\"31 characters\">/actions/consultants_supervisor</span>\"
      \"<span class=sf-dump-key>REQUEST_METHOD</span>\" => \"<span class=sf-dump-str title=\"3 characters\">GET</span>\"
      \"<span class=sf-dump-key>SCRIPT_NAME</span>\" => \"<span class=sf-dump-str title=\"10 characters\">/index.php</span>\"
      \"<span class=sf-dump-key>SCRIPT_FILENAME</span>\" => \"<span class=sf-dump-str title=\"55 characters\">C:\\Users\\stefanopoulos\\Desktop\\e-forms\\public\\index.php</span>\"
      \"<span class=sf-dump-key>PATH_INFO</span>\" => \"<span class=sf-dump-str title=\"31 characters\">/actions/consultants_supervisor</span>\"
      \"<span class=sf-dump-key>PHP_SELF</span>\" => \"<span class=sf-dump-str title=\"41 characters\">/index.php/actions/consultants_supervisor</span>\"
      \"<span class=sf-dump-key>HTTP_HOST</span>\" => \"<span class=sf-dump-str title=\"14 characters\">localhost:8000</span>\"
      \"<span class=sf-dump-key>HTTP_USER_AGENT</span>\" => \"<span class=sf-dump-str title=\"80 characters\">Mozilla/5.0 (Windows NT 10.0; Win64; x64; rv:137.0) Gecko/20100101 Firefox/137.0</span>\"
      \"<span class=sf-dump-key>HTTP_ACCEPT</span>\" => \"<span class=sf-dump-str title=\"63 characters\">text/html,application/xhtml+xml,application/xml;q=0.9,*/*;q=0.8</span>\"
      \"<span class=sf-dump-key>HTTP_ACCEPT_LANGUAGE</span>\" => \"<span class=sf-dump-str title=\"14 characters\">en-US,en;q=0.5</span>\"
      \"<span class=sf-dump-key>HTTP_ACCEPT_ENCODING</span>\" => \"<span class=sf-dump-str title=\"23 characters\">gzip, deflate, br, zstd</span>\"
      \"<span class=sf-dump-key>HTTP_DNT</span>\" => \"<span class=sf-dump-str>1</span>\"
      \"<span class=sf-dump-key>HTTP_SEC_GPC</span>\" => \"<span class=sf-dump-str>1</span>\"
      \"<span class=sf-dump-key>HTTP_CONNECTION</span>\" => \"<span class=sf-dump-str title=\"10 characters\">keep-alive</span>\"
      \"<span class=sf-dump-key>HTTP_REFERER</span>\" => \"<span class=sf-dump-str title=\"38 characters\">http://localhost:8000/index_consultant</span>\"
      \"<span class=sf-dump-key>HTTP_COOKIE</span>\" => \"<span class=sf-dump-str title=\"747 characters\">XSRF-TOKEN=eyJpdiI6Ii9QSWszdUQ3dWJLVm5XV2ZwMmNqaWc9PSIsInZhbHVlIjoiN0RHekVGRGNHcEVzSU9NbklzOWQ0MHd5eUtZd0pZQ25uZDNSdzZZNDFLR0dSTnF5U3dENSt0U1VpSGZURWdDR3cxZzY4OU9IQVo3SHZXRjM5Ti9tMFhzdFJla1E4MExXM3J2SjUrbDE1NGMyUTkrdjhDTE0vbnIvTkVJY2ZCRzgiLCJtYWMiOiI4MDNjNjE2YmZhZjhlY2Y0Y2Q5MzNhMmYzNzdiMzFhYzY3ZDcyNTMzNzYxMGQwMzg3YTAzMzE0NjVmNjA1ZGViIiwidGFnIjoiIn0%3D; dieuthinsi_pe_akhaias_hlektronikes_formes_session=eyJpdiI6IkFPcTh0TytMd1U5b2VzU2tPMWk0dlE9PSIsInZhbHVlIjoiM3lHVElxZVdweEdscFFTV1Y5U2YrL3VoZHFNNlJnNzMrcm1Qbm5HMUNpQTA5V2ZlWFVkUjdaYkZ2RnBPMWl3OFBHb0t0WjlnL1FNb3pnRlNLUlNIUG5VZnd0WTR5OHo4SEV5cng2aWhLMnBZOXF0ODNXc0ZLd0lLVlA2bXgxNVQiLCJtYWMiOiJmOGYwMjMzODFkNGYwNzI1ZGYyOTQ1MDU3ODJkNTY5M2IxYzI3YWI2OWQ1OTUwODg0MzhkNDhjOWViMzIyYzM4IiwidGFnIjoiIn0%3D</span>\"
      \"<span class=sf-dump-key>HTTP_UPGRADE_INSECURE_REQUESTS</span>\" => \"<span class=sf-dump-str>1</span>\"
      \"<span class=sf-dump-key>HTTP_SEC_FETCH_DEST</span>\" => \"<span class=sf-dump-str title=\"8 characters\">document</span>\"
      \"<span class=sf-dump-key>HTTP_SEC_FETCH_MODE</span>\" => \"<span class=sf-dump-str title=\"8 characters\">navigate</span>\"
      \"<span class=sf-dump-key>HTTP_SEC_FETCH_SITE</span>\" => \"<span class=sf-dump-str title=\"11 characters\">same-origin</span>\"
      \"<span class=sf-dump-key>HTTP_SEC_FETCH_USER</span>\" => \"<span class=sf-dump-str title=\"2 characters\">?1</span>\"
      \"<span class=sf-dump-key>HTTP_PRIORITY</span>\" => \"<span class=sf-dump-str title=\"6 characters\">u=0, i</span>\"
      \"<span class=sf-dump-key>REQUEST_TIME_FLOAT</span>\" => <span class=sf-dump-num>1744794737.1318</span>
      \"<span class=sf-dump-key>REQUEST_TIME</span>\" => <span class=sf-dump-num>1744794737</span>
    </samp>]
  </samp>}
  +<span class=sf-dump-public title=\"Public property\">files</span>: <span class=sf-dump-note title=\"Symfony\\Component\\HttpFoundation\\FileBag
\"><span class=\"sf-dump-ellipsis sf-dump-ellipsis-note\">Symfony\\Component\\HttpFoundation</span><span class=\"sf-dump-ellipsis sf-dump-ellipsis-note\">\\</span>FileBag</span> {<a class=sf-dump-ref>#49</a><samp data-depth=2 class=sf-dump-compact>
    #<span class=sf-dump-protected title=\"Protected property\">parameters</span>: []
  </samp>}
  +<span class=sf-dump-public title=\"Public property\">cookies</span>: <span class=sf-dump-note title=\"Symfony\\Component\\HttpFoundation\\InputBag
\"><span class=\"sf-dump-ellipsis sf-dump-ellipsis-note\">Symfony\\Component\\HttpFoundation</span><span class=\"sf-dump-ellipsis sf-dump-ellipsis-note\">\\</span>InputBag</span> {<a class=sf-dump-ref>#47</a><samp data-depth=2 class=sf-dump-compact>
    #<span class=sf-dump-protected title=\"Protected property\">parameters</span>: <span class=sf-dump-note>array:2</span> [<samp data-depth=3 class=sf-dump-compact>
      \"<span class=sf-dump-key>XSRF-TOKEN</span>\" => \"<span class=sf-dump-str title=\"40 characters\">w7YF2vMfMfKzH03DJWOvxCtzcI3IgsLoCI6eekGY</span>\"
      \"<span class=sf-dump-key>dieuthinsi_pe_akhaias_hlektronikes_formes_session</span>\" => \"<span class=sf-dump-str title=\"40 characters\">aBWZs3xkCIRmRTFtKcKklUGqSS4C1XMFqLfuC6Rk</span>\"
    </samp>]
  </samp>}
  +<span class=sf-dump-public title=\"Public property\">headers</span>: <span class=sf-dump-note title=\"Symfony\\Component\\HttpFoundation\\HeaderBag
\"><span class=\"sf-dump-ellipsis sf-dump-ellipsis-note\">Symfony\\Component\\HttpFoundation</span><span class=\"sf-dump-ellipsis sf-dump-ellipsis-note\">\\</span>HeaderBag</span> {<a class=sf-dump-ref>#50</a><samp data-depth=2 class=sf-dump-compact>
    #<span class=sf-dump-protected title=\"Protected property\">headers</span>: <span class=sf-dump-note>array:16</span> [<samp data-depth=3 class=sf-dump-compact>
      \"<span class=sf-dump-key>host</span>\" => <span class=sf-dump-note>array:1</span> [ &#8230;1]
      \"<span class=sf-dump-key>user-agent</span>\" => <span class=sf-dump-note>array:1</span> [ &#8230;1]
      \"<span class=sf-dump-key>accept</span>\" => <span class=sf-dump-note>array:1</span> [ &#8230;1]
      \"<span class=sf-dump-key>accept-language</span>\" => <span class=sf-dump-note>array:1</span> [ &#8230;1]
      \"<span class=sf-dump-key>accept-encoding</span>\" => <span class=sf-dump-note>array:1</span> [ &#8230;1]
      \"<span class=sf-dump-key>dnt</span>\" => <span class=sf-dump-note>array:1</span> [ &#8230;1]
      \"<span class=sf-dump-key>sec-gpc</span>\" => <span class=sf-dump-note>array:1</span> [ &#8230;1]
      \"<span class=sf-dump-key>connection</span>\" => <span class=sf-dump-note>array:1</span> [ &#8230;1]
      \"<span class=sf-dump-key>referer</span>\" => <span class=sf-dump-note>array:1</span> [ &#8230;1]
      \"<span class=sf-dump-key>cookie</span>\" => <span class=sf-dump-note>array:1</span> [ &#8230;1]
      \"<span class=sf-dump-key>upgrade-insecure-requests</span>\" => <span class=sf-dump-note>array:1</span> [ &#8230;1]
      \"<span class=sf-dump-key>sec-fetch-dest</span>\" => <span class=sf-dump-note>array:1</span> [ &#8230;1]
      \"<span class=sf-dump-key>sec-fetch-mode</span>\" => <span class=sf-dump-note>array:1</span> [ &#8230;1]
      \"<span class=sf-dump-key>sec-fetch-site</span>\" => <span class=sf-dump-note>array:1</span> [ &#8230;1]
      \"<span class=sf-dump-key>sec-fetch-user</span>\" => <span class=sf-dump-note>array:1</span> [ &#8230;1]
      \"<span class=sf-dump-key>priority</span>\" => <span class=sf-dump-note>array:1</span> [ &#8230;1]
    </samp>]
    #<span class=sf-dump-protected title=\"Protected property\">cacheControl</span>: []
  </samp>}
  #<span class=sf-dump-protected title=\"Protected property\">content</span>: <span class=sf-dump-const>null</span>
  #<span class=sf-dump-protected title=\"Protected property\">languages</span>: <span class=sf-dump-const>null</span>
  #<span class=sf-dump-protected title=\"Protected property\">charsets</span>: <span class=sf-dump-const>null</span>
  #<span class=sf-dump-protected title=\"Protected property\">encodings</span>: <span class=sf-dump-const>null</span>
  #<span class=sf-dump-protected title=\"Protected property\">acceptableContentTypes</span>: <span class=sf-dump-const>null</span>
  #<span class=sf-dump-protected title=\"Protected property\">pathInfo</span>: \"<span class=sf-dump-str title=\"31 characters\">/actions/consultants_supervisor</span>\"
  #<span class=sf-dump-protected title=\"Protected property\">requestUri</span>: \"<span class=sf-dump-str title=\"31 characters\">/actions/consultants_supervisor</span>\"
  #<span class=sf-dump-protected title=\"Protected property\">baseUrl</span>: \"\"
  #<span class=sf-dump-protected title=\"Protected property\">basePath</span>: <span class=sf-dump-const>null</span>
  #<span class=sf-dump-protected title=\"Protected property\">method</span>: \"<span class=sf-dump-str title=\"3 characters\">GET</span>\"
  #<span class=sf-dump-protected title=\"Protected property\">format</span>: <span class=sf-dump-const>null</span>
  #<span class=sf-dump-protected title=\"Protected property\">session</span>: <span class=sf-dump-note title=\"Illuminate\\Session\\Store
\"><span class=\"sf-dump-ellipsis sf-dump-ellipsis-note\">Illuminate\\Session</span><span class=\"sf-dump-ellipsis sf-dump-ellipsis-note\">\\</span>Store</span> {<a class=sf-dump-ref>#1728</a><samp data-depth=2 class=sf-dump-compact>
    #<span class=sf-dump-protected title=\"Protected property\">id</span>: \"<span class=sf-dump-str title=\"40 characters\">aBWZs3xkCIRmRTFtKcKklUGqSS4C1XMFqLfuC6Rk</span>\"
    #<span class=sf-dump-protected title=\"Protected property\">name</span>: \"<span class=sf-dump-str title=\"49 characters\">dieuthinsi_pe_akhaias_hlektronikes_formes_session</span>\"
    #<span class=sf-dump-protected title=\"Protected property\">attributes</span>: <span class=sf-dump-note>array:4</span> [<samp data-depth=3 class=sf-dump-compact>
      \"<span class=sf-dump-key>_token</span>\" => \"<span class=sf-dump-str title=\"40 characters\">w7YF2vMfMfKzH03DJWOvxCtzcI3IgsLoCI6eekGY</span>\"
      \"<span class=sf-dump-key>login_consultant_59ba36addc2b2f9401580f014c7f58ea4e30989d</span>\" => <span class=sf-dump-num>6</span>
      \"<span class=sf-dump-key>_flash</span>\" => <span class=sf-dump-note>array:2</span> [ &#8230;2]
      \"<span class=sf-dump-key>_previous</span>\" => <span class=sf-dump-note>array:1</span> [ &#8230;1]
    </samp>]
    #<span class=sf-dump-protected title=\"Protected property\">handler</span>: <span class=sf-dump-note title=\"Illuminate\\Session\\FileSessionHandler
\"><span class=\"sf-dump-ellipsis sf-dump-ellipsis-note\">Illuminate\\Session</span><span class=\"sf-dump-ellipsis sf-dump-ellipsis-note\">\\</span>FileSessionHandler</span> {<a class=sf-dump-ref>#1727</a><samp data-depth=3 class=sf-dump-compact>
      #<span class=sf-dump-protected title=\"Protected property\">files</span>: <span class=sf-dump-note title=\"Illuminate\\Filesystem\\Filesystem
\"><span class=\"sf-dump-ellipsis sf-dump-ellipsis-note\">Illuminate\\Filesystem</span><span class=\"sf-dump-ellipsis sf-dump-ellipsis-note\">\\</span>Filesystem</span> {<a class=sf-dump-ref>#169</a>}
      #<span class=sf-dump-protected title=\"Protected property\">path</span>: \"<span class=sf-dump-str title=\"65 characters\">C:\\Users\\stefanopoulos\\Desktop\\e-forms\\storage\\framework/sessions</span>\"
      #<span class=sf-dump-protected title=\"Protected property\">minutes</span>: \"<span class=sf-dump-str title=\"3 characters\">120</span>\"
    </samp>}
    #<span class=sf-dump-protected title=\"Protected property\">serialization</span>: \"<span class=sf-dump-str title=\"3 characters\">php</span>\"
    #<span class=sf-dump-protected title=\"Protected property\">started</span>: <span class=sf-dump-const>true</span>
  </samp>}
  #<span class=sf-dump-protected title=\"Protected property\">locale</span>: <span class=sf-dump-const>null</span>
  #<span class=sf-dump-protected title=\"Protected property\">defaultLocale</span>: \"<span class=sf-dump-str title=\"2 characters\">en</span>\"
  -<span class=sf-dump-private title=\"Private property defined in class:&#10;`Symfony\\Component\\HttpFoundation\\Request`\">preferredFormat</span>: <span class=sf-dump-const>null</span>
  -<span class=sf-dump-private title=\"Private property defined in class:&#10;`Symfony\\Component\\HttpFoundation\\Request`\">isHostValid</span>: <span class=sf-dump-const>true</span>
  -<span class=sf-dump-private title=\"Private property defined in class:&#10;`Symfony\\Component\\HttpFoundation\\Request`\">isForwardedValid</span>: <span class=sf-dump-const>true</span>
  #<span class=sf-dump-protected title=\"Protected property\">json</span>: <span class=sf-dump-const>null</span>
  #<span class=sf-dump-protected title=\"Protected property\">convertedFiles</span>: []
  #<span class=sf-dump-protected title=\"Protected property\">userResolver</span>: <span class=sf-dump-note>Closure($guard = null)</span> {<a class=sf-dump-ref>#1582</a><samp data-depth=2 class=sf-dump-compact>
    <span class=sf-dump-meta>class</span>: \"<span class=sf-dump-str title=\"Illuminate\\Auth\\AuthServiceProvider
35 characters\"><span class=\"sf-dump-ellipsis sf-dump-ellipsis-class\">Illuminate\\Auth</span><span class=\"sf-dump-ellipsis sf-dump-ellipsis-class\">\\</span>AuthServiceProvider</span>\"
    <span class=sf-dump-meta>this</span>: <span class=sf-dump-note title=\"Illuminate\\Auth\\AuthServiceProvider
\"><span class=\"sf-dump-ellipsis sf-dump-ellipsis-note\">Illuminate\\Auth</span><span class=\"sf-dump-ellipsis sf-dump-ellipsis-note\">\\</span>AuthServiceProvider</span> {<a class=sf-dump-ref>#165</a> &#8230;}
    <span class=sf-dump-meta>use</span>: {<samp data-depth=3 class=sf-dump-compact>
      <span class=sf-dump-meta>$app</span>: <span class=sf-dump-note title=\"Illuminate\\Foundation\\Application
\"><span class=\"sf-dump-ellipsis sf-dump-ellipsis-note\">Illuminate\\Foundation</span><span class=\"sf-dump-ellipsis sf-dump-ellipsis-note\">\\</span>Application</span> {<a class=sf-dump-ref>#2</a> &#8230;}
    </samp>}
    <span class=sf-dump-meta>file</span>: \"<span class=sf-dump-str title=\"C:\\Users\\stefanopoulos\\Desktop\\e-forms\\vendor\\laravel\\framework\\src\\Illuminate\\Auth\\AuthServiceProvider.php
107 characters\"><span class=\"sf-dump-ellipsis sf-dump-ellipsis-path\">C:\\Users\\stefanopoulos\\Desktop\\e-forms\\vendor</span><span class=\"sf-dump-ellipsis sf-dump-ellipsis-path\">\\laravel\\framework\\</span>src\\Illuminate\\Auth\\AuthServiceProvider.php</span>\"
    <span class=sf-dump-meta>line</span>: \"<span class=sf-dump-str title=\"8 characters\">88 to 90</span>\"
  </samp>}
  #<span class=sf-dump-protected title=\"Protected property\">routeResolver</span>: <span class=sf-dump-note>Closure()</span> {<a class=sf-dump-ref>#1591</a><samp data-depth=2 class=sf-dump-compact>
    <span class=sf-dump-meta>class</span>: \"<span class=sf-dump-str title=\"Illuminate\\Routing\\Router
25 characters\"><span class=\"sf-dump-ellipsis sf-dump-ellipsis-class\">Illuminate\\Routing</span><span class=\"sf-dump-ellipsis sf-dump-ellipsis-class\">\\</span>Router</span>\"
    <span class=sf-dump-meta>this</span>: <span class=sf-dump-note title=\"Illuminate\\Routing\\Router
\"><span class=\"sf-dump-ellipsis sf-dump-ellipsis-note\">Illuminate\\Routing</span><span class=\"sf-dump-ellipsis sf-dump-ellipsis-note\">\\</span>Router</span> {<a class=sf-dump-ref>#27</a> &#8230;}
    <span class=sf-dump-meta>use</span>: {<samp data-depth=3 class=sf-dump-compact>
      <span class=sf-dump-meta>$route</span>: <span class=sf-dump-note title=\"Illuminate\\Routing\\Route
\"><span class=\"sf-dump-ellipsis sf-dump-ellipsis-note\">Illuminate\\Routing</span><span class=\"sf-dump-ellipsis sf-dump-ellipsis-note\">\\</span>Route</span> {<a class=sf-dump-ref>#1427</a> &#8230;}
    </samp>}
    <span class=sf-dump-meta>file</span>: \"<span class=sf-dump-str title=\"C:\\Users\\stefanopoulos\\Desktop\\e-forms\\vendor\\laravel\\framework\\src\\Illuminate\\Routing\\Router.php
97 characters\"><span class=\"sf-dump-ellipsis sf-dump-ellipsis-path\">C:\\Users\\stefanopoulos\\Desktop\\e-forms\\vendor</span><span class=\"sf-dump-ellipsis sf-dump-ellipsis-path\">\\laravel\\framework\\</span>src\\Illuminate\\Routing\\Router.php</span>\"
    <span class=sf-dump-meta>line</span>: \"<span class=sf-dump-str title=\"10 characters\">771 to 771</span>\"
  </samp>}
  <span class=sf-dump-meta>basePath</span>: \"\"
  <span class=sf-dump-meta>format</span>: \"<span class=sf-dump-str title=\"4 characters\">html</span>\"
</samp>}
</pre><script>Sfdump(\"sf-dump-1111287905\", {\"maxDepth\":3,\"maxStringLength\":160})</script>
"}},"exception":"[object] (Spatie\\LaravelIgnition\\Exceptions\\ViewException(code: 0): Attempt to read property \"id\" on null at C:\\Users\\stefanopoulos\\Desktop\\e-forms\\resources\\views\\microapps\\actions\\index_school.blade.php:138)
[stacktrace]
#0 C:\\Users\\stefanopoulos\\Desktop\\e-forms\\vendor\\laravel\\framework\\src\\Illuminate\\Foundation\\Bootstrap\\HandleExceptions.php(254): Illuminate\\Foundation\\Bootstrap\\HandleExceptions->handleError(2, 'Attempt to read...', 'C:\\\\Users\\\\stefan...', 148)
#1 C:\\Users\\stefanopoulos\\Desktop\\e-forms\\resources\\views\\microapps\\actions\\index_school.blade.php(138): Illuminate\\Foundation\\Bootstrap\\HandleExceptions->Illuminate\\Foundation\\Bootstrap\\{closure}(2, 'Attempt to read...', 'C:\\\\Users\\\\stefan...', 148)
#2 C:\\Users\\stefanopoulos\\Desktop\\e-forms\\vendor\\laravel\\framework\\src\\Illuminate\\Filesystem\\Filesystem.php(124): require('C:\\\\Users\\\\stefan...')
#3 C:\\Users\\stefanopoulos\\Desktop\\e-forms\\vendor\\laravel\\framework\\src\\Illuminate\\Filesystem\\Filesystem.php(125): Illuminate\\Filesystem\\Filesystem::Illuminate\\Filesystem\\{closure}()
#4 C:\\Users\\stefanopoulos\\Desktop\\e-forms\\vendor\\laravel\\framework\\src\\Illuminate\\View\\Engines\\PhpEngine.php(58): Illuminate\\Filesystem\\Filesystem->getRequire('C:\\\\Users\\\\stefan...', Array)
#5 C:\\Users\\stefanopoulos\\Desktop\\e-forms\\vendor\\laravel\\framework\\src\\Illuminate\\View\\Engines\\CompilerEngine.php(70): Illuminate\\View\\Engines\\PhpEngine->evaluatePath('C:\\\\Users\\\\stefan...', Array)
#6 C:\\Users\\stefanopoulos\\Desktop\\e-forms\\vendor\\laravel\\framework\\src\\Illuminate\\View\\View.php(195): Illuminate\\View\\Engines\\CompilerEngine->get('C:\\\\Users\\\\stefan...', Array)
#7 C:\\Users\\stefanopoulos\\Desktop\\e-forms\\vendor\\laravel\\framework\\src\\Illuminate\\View\\View.php(178): Illuminate\\View\\View->getContents()
#8 C:\\Users\\stefanopoulos\\Desktop\\e-forms\\vendor\\laravel\\framework\\src\\Illuminate\\View\\View.php(147): Illuminate\\View\\View->renderContents()
#9 C:\\Users\\stefanopoulos\\Desktop\\e-forms\\vendor\\laravel\\framework\\src\\Illuminate\\Http\\Response.php(69): Illuminate\\View\\View->render()
#10 C:\\Users\\stefanopoulos\\Desktop\\e-forms\\vendor\\laravel\\framework\\src\\Illuminate\\Http\\Response.php(35): Illuminate\\Http\\Response->setContent(Object(Illuminate\\View\\View))
#11 C:\\Users\\stefanopoulos\\Desktop\\e-forms\\vendor\\laravel\\framework\\src\\Illuminate\\Routing\\Router.php(906): Illuminate\\Http\\Response->__construct(Object(Illuminate\\View\\View), 200, Array)
#12 C:\\Users\\stefanopoulos\\Desktop\\e-forms\\vendor\\laravel\\framework\\src\\Illuminate\\Routing\\Router.php(875): Illuminate\\Routing\\Router::toResponse(Object(Illuminate\\Http\\Request), Object(Illuminate\\View\\View))
#13 C:\\Users\\stefanopoulos\\Desktop\\e-forms\\vendor\\laravel\\framework\\src\\Illuminate\\Routing\\Router.php(797): Illuminate\\Routing\\Router->prepareResponse(Object(Illuminate\\Http\\Request), Object(Illuminate\\View\\View))
#14 C:\\Users\\stefanopoulos\\Desktop\\e-forms\\vendor\\laravel\\framework\\src\\Illuminate\\Pipeline\\Pipeline.php(141): Illuminate\\Routing\\Router->Illuminate\\Routing\\{closure}(Object(Illuminate\\Http\\Request))
#15 C:\\Users\\stefanopoulos\\Desktop\\e-forms\\vendor\\laravel\\framework\\src\\Illuminate\\Routing\\Middleware\\SubstituteBindings.php(50): Illuminate\\Pipeline\\Pipeline->Illuminate\\Pipeline\\{closure}(Object(Illuminate\\Http\\Request))
#16 C:\\Users\\stefanopoulos\\Desktop\\e-forms\\vendor\\laravel\\framework\\src\\Illuminate\\Pipeline\\Pipeline.php(180): Illuminate\\Routing\\Middleware\\SubstituteBindings->handle(Object(Illuminate\\Http\\Request), Object(Closure))
#17 C:\\Users\\stefanopoulos\\Desktop\\e-forms\\vendor\\laravel\\framework\\src\\Illuminate\\Foundation\\Http\\Middleware\\VerifyCsrfToken.php(78): Illuminate\\Pipeline\\Pipeline->Illuminate\\Pipeline\\{closure}(Object(Illuminate\\Http\\Request))
#18 C:\\Users\\stefanopoulos\\Desktop\\e-forms\\vendor\\laravel\\framework\\src\\Illuminate\\Pipeline\\Pipeline.php(180): Illuminate\\Foundation\\Http\\Middleware\\VerifyCsrfToken->handle(Object(Illuminate\\Http\\Request), Object(Closure))
#19 C:\\Users\\stefanopoulos\\Desktop\\e-forms\\vendor\\laravel\\framework\\src\\Illuminate\\View\\Middleware\\ShareErrorsFromSession.php(49): Illuminate\\Pipeline\\Pipeline->Illuminate\\Pipeline\\{closure}(Object(Illuminate\\Http\\Request))
#20 C:\\Users\\stefanopoulos\\Desktop\\e-forms\\vendor\\laravel\\framework\\src\\Illuminate\\Pipeline\\Pipeline.php(180): Illuminate\\View\\Middleware\\ShareErrorsFromSession->handle(Object(Illuminate\\Http\\Request), Object(Closure))
#21 C:\\Users\\stefanopoulos\\Desktop\\e-forms\\vendor\\laravel\\framework\\src\\Illuminate\\Session\\Middleware\\StartSession.php(121): Illuminate\\Pipeline\\Pipeline->Illuminate\\Pipeline\\{closure}(Object(Illuminate\\Http\\Request))
#22 C:\\Users\\stefanopoulos\\Desktop\\e-forms\\vendor\\laravel\\framework\\src\\Illuminate\\Session\\Middleware\\StartSession.php(64): Illuminate\\Session\\Middleware\\StartSession->handleStatefulRequest(Object(Illuminate\\Http\\Request), Object(Illuminate\\Session\\Store), Object(Closure))
#23 C:\\Users\\stefanopoulos\\Desktop\\e-forms\\vendor\\laravel\\framework\\src\\Illuminate\\Pipeline\\Pipeline.php(180): Illuminate\\Session\\Middleware\\StartSession->handle(Object(Illuminate\\Http\\Request), Object(Closure))
#24 C:\\Users\\stefanopoulos\\Desktop\\e-forms\\vendor\\laravel\\framework\\src\\Illuminate\\Cookie\\Middleware\\AddQueuedCookiesToResponse.php(37): Illuminate\\Pipeline\\Pipeline->Illuminate\\Pipeline\\{closure}(Object(Illuminate\\Http\\Request))
#25 C:\\Users\\stefanopoulos\\Desktop\\e-forms\\vendor\\laravel\\framework\\src\\Illuminate\\Pipeline\\Pipeline.php(180): Illuminate\\Cookie\\Middleware\\AddQueuedCookiesToResponse->handle(Object(Illuminate\\Http\\Request), Object(Closure))
#26 C:\\Users\\stefanopoulos\\Desktop\\e-forms\\vendor\\laravel\\framework\\src\\Illuminate\\Cookie\\Middleware\\EncryptCookies.php(67): Illuminate\\Pipeline\\Pipeline->Illuminate\\Pipeline\\{closure}(Object(Illuminate\\Http\\Request))
#27 C:\\Users\\stefanopoulos\\Desktop\\e-forms\\vendor\\laravel\\framework\\src\\Illuminate\\Pipeline\\Pipeline.php(180): Illuminate\\Cookie\\Middleware\\EncryptCookies->handle(Object(Illuminate\\Http\\Request), Object(Closure))
#28 C:\\Users\\stefanopoulos\\Desktop\\e-forms\\vendor\\laravel\\framework\\src\\Illuminate\\Pipeline\\Pipeline.php(116): Illuminate\\Pipeline\\Pipeline->Illuminate\\Pipeline\\{closure}(Object(Illuminate\\Http\\Request))
#29 C:\\Users\\stefanopoulos\\Desktop\\e-forms\\vendor\\laravel\\framework\\src\\Illuminate\\Routing\\Router.php(797): Illuminate\\Pipeline\\Pipeline->then(Object(Closure))
#30 C:\\Users\\stefanopoulos\\Desktop\\e-forms\\vendor\\laravel\\framework\\src\\Illuminate\\Routing\\Router.php(776): Illuminate\\Routing\\Router->runRouteWithinStack(Object(Illuminate\\Routing\\Route), Object(Illuminate\\Http\\Request))
#31 C:\\Users\\stefanopoulos\\Desktop\\e-forms\\vendor\\laravel\\framework\\src\\Illuminate\\Routing\\Router.php(740): Illuminate\\Routing\\Router->runRoute(Object(Illuminate\\Http\\Request), Object(Illuminate\\Routing\\Route))
#32 C:\\Users\\stefanopoulos\\Desktop\\e-forms\\vendor\\laravel\\framework\\src\\Illuminate\\Routing\\Router.php(729): Illuminate\\Routing\\Router->dispatchToRoute(Object(Illuminate\\Http\\Request))
#33 C:\\Users\\stefanopoulos\\Desktop\\e-forms\\vendor\\laravel\\framework\\src\\Illuminate\\Foundation\\Http\\Kernel.php(200): Illuminate\\Routing\\Router->dispatch(Object(Illuminate\\Http\\Request))
#34 C:\\Users\\stefanopoulos\\Desktop\\e-forms\\vendor\\laravel\\framework\\src\\Illuminate\\Pipeline\\Pipeline.php(141): Illuminate\\Foundation\\Http\\Kernel->Illuminate\\Foundation\\Http\\{closure}(Object(Illuminate\\Http\\Request))
#35 C:\\Users\\stefanopoulos\\Desktop\\e-forms\\vendor\\laravel\\framework\\src\\Illuminate\\Foundation\\Http\\Middleware\\TransformsRequest.php(21): Illuminate\\Pipeline\\Pipeline->Illuminate\\Pipeline\\{closure}(Object(Illuminate\\Http\\Request))
#36 C:\\Users\\stefanopoulos\\Desktop\\e-forms\\vendor\\laravel\\framework\\src\\Illuminate\\Foundation\\Http\\Middleware\\ConvertEmptyStringsToNull.php(31): Illuminate\\Foundation\\Http\\Middleware\\TransformsRequest->handle(Object(Illuminate\\Http\\Request), Object(Closure))
#37 C:\\Users\\stefanopoulos\\Desktop\\e-forms\\vendor\\laravel\\framework\\src\\Illuminate\\Pipeline\\Pipeline.php(180): Illuminate\\Foundation\\Http\\Middleware\\ConvertEmptyStringsToNull->handle(Object(Illuminate\\Http\\Request), Object(Closure))
#38 C:\\Users\\stefanopoulos\\Desktop\\e-forms\\vendor\\laravel\\framework\\src\\Illuminate\\Foundation\\Http\\Middleware\\TransformsRequest.php(21): Illuminate\\Pipeline\\Pipeline->Illuminate\\Pipeline\\{closure}(Object(Illuminate\\Http\\Request))
#39 C:\\Users\\stefanopoulos\\Desktop\\e-forms\\vendor\\laravel\\framework\\src\\Illuminate\\Foundation\\Http\\Middleware\\TrimStrings.php(40): Illuminate\\Foundation\\Http\\Middleware\\TransformsRequest->handle(Object(Illuminate\\Http\\Request), Object(Closure))
#40 C:\\Users\\stefanopoulos\\Desktop\\e-forms\\vendor\\laravel\\framework\\src\\Illuminate\\Pipeline\\Pipeline.php(180): Illuminate\\Foundation\\Http\\Middleware\\TrimStrings->handle(Object(Illuminate\\Http\\Request), Object(Closure))
#41 C:\\Users\\stefanopoulos\\Desktop\\e-forms\\vendor\\laravel\\framework\\src\\Illuminate\\Foundation\\Http\\Middleware\\ValidatePostSize.php(27): Illuminate\\Pipeline\\Pipeline->Illuminate\\Pipeline\\{closure}(Object(Illuminate\\Http\\Request))
#42 C:\\Users\\stefanopoulos\\Desktop\\e-forms\\vendor\\laravel\\framework\\src\\Illuminate\\Pipeline\\Pipeline.php(180): Illuminate\\Foundation\\Http\\Middleware\\ValidatePostSize->handle(Object(Illuminate\\Http\\Request), Object(Closure))
#43 C:\\Users\\stefanopoulos\\Desktop\\e-forms\\vendor\\laravel\\framework\\src\\Illuminate\\Foundation\\Http\\Middleware\\PreventRequestsDuringMaintenance.php(86): Illuminate\\Pipeline\\Pipeline->Illuminate\\Pipeline\\{closure}(Object(Illuminate\\Http\\Request))
#44 C:\\Users\\stefanopoulos\\Desktop\\e-forms\\vendor\\laravel\\framework\\src\\Illuminate\\Pipeline\\Pipeline.php(180): Illuminate\\Foundation\\Http\\Middleware\\PreventRequestsDuringMaintenance->handle(Object(Illuminate\\Http\\Request), Object(Closure))
#45 C:\\Users\\stefanopoulos\\Desktop\\e-forms\\vendor\\laravel\\framework\\src\\Illuminate\\Http\\Middleware\\HandleCors.php(49): Illuminate\\Pipeline\\Pipeline->Illuminate\\Pipeline\\{closure}(Object(Illuminate\\Http\\Request))
#46 C:\\Users\\stefanopoulos\\Desktop\\e-forms\\vendor\\laravel\\framework\\src\\Illuminate\\Pipeline\\Pipeline.php(180): Illuminate\\Http\\Middleware\\HandleCors->handle(Object(Illuminate\\Http\\Request), Object(Closure))
#47 C:\\Users\\stefanopoulos\\Desktop\\e-forms\\vendor\\laravel\\framework\\src\\Illuminate\\Http\\Middleware\\TrustProxies.php(39): Illuminate\\Pipeline\\Pipeline->Illuminate\\Pipeline\\{closure}(Object(Illuminate\\Http\\Request))
#48 C:\\Users\\stefanopoulos\\Desktop\\e-forms\\vendor\\laravel\\framework\\src\\Illuminate\\Pipeline\\Pipeline.php(180): Illuminate\\Http\\Middleware\\TrustProxies->handle(Object(Illuminate\\Http\\Request), Object(Closure))
#49 C:\\Users\\stefanopoulos\\Desktop\\e-forms\\vendor\\laravel\\framework\\src\\Illuminate\\Pipeline\\Pipeline.php(116): Illuminate\\Pipeline\\Pipeline->Illuminate\\Pipeline\\{closure}(Object(Illuminate\\Http\\Request))
#50 C:\\Users\\stefanopoulos\\Desktop\\e-forms\\vendor\\laravel\\framework\\src\\Illuminate\\Foundation\\Http\\Kernel.php(175): Illuminate\\Pipeline\\Pipeline->then(Object(Closure))
#51 C:\\Users\\stefanopoulos\\Desktop\\e-forms\\vendor\\laravel\\framework\\src\\Illuminate\\Foundation\\Http\\Kernel.php(144): Illuminate\\Foundation\\Http\\Kernel->sendRequestThroughRouter(Object(Illuminate\\Http\\Request))
#52 C:\\Users\\stefanopoulos\\Desktop\\e-forms\\public\\index.php(51): Illuminate\\Foundation\\Http\\Kernel->handle(Object(Illuminate\\Http\\Request))
#53 C:\\Users\\stefanopoulos\\Desktop\\e-forms\\vendor\\laravel\\framework\\src\\Illuminate\\Foundation\\resources\\server.php(16): require_once('C:\\\\Users\\\\stefan...')
#54 {main}

[previous exception] [object] (ErrorException(code: 0): Attempt to read property \"id\" on null at C:\\Users\\stefanopoulos\\Desktop\\e-forms\\storage\\framework\\views\\67800a60a210fb128232c9846d71636c.php:148)
[stacktrace]
#0 C:\\Users\\stefanopoulos\\Desktop\\e-forms\\vendor\\laravel\\framework\\src\\Illuminate\\Foundation\\Bootstrap\\HandleExceptions.php(254): Illuminate\\Foundation\\Bootstrap\\HandleExceptions->handleError(2, 'Attempt to read...', 'C:\\\\Users\\\\stefan...', 148)
#1 C:\\Users\\stefanopoulos\\Desktop\\e-forms\\storage\\framework\\views\\67800a60a210fb128232c9846d71636c.php(148): Illuminate\\Foundation\\Bootstrap\\HandleExceptions->Illuminate\\Foundation\\Bootstrap\\{closure}(2, 'Attempt to read...', 'C:\\\\Users\\\\stefan...', 148)
#2 C:\\Users\\stefanopoulos\\Desktop\\e-forms\\vendor\\laravel\\framework\\src\\Illuminate\\Filesystem\\Filesystem.php(124): require('C:\\\\Users\\\\stefan...')
#3 C:\\Users\\stefanopoulos\\Desktop\\e-forms\\vendor\\laravel\\framework\\src\\Illuminate\\Filesystem\\Filesystem.php(125): Illuminate\\Filesystem\\Filesystem::Illuminate\\Filesystem\\{closure}()
#4 C:\\Users\\stefanopoulos\\Desktop\\e-forms\\vendor\\laravel\\framework\\src\\Illuminate\\View\\Engines\\PhpEngine.php(58): Illuminate\\Filesystem\\Filesystem->getRequire('C:\\\\Users\\\\stefan...', Array)
#5 C:\\Users\\stefanopoulos\\Desktop\\e-forms\\vendor\\laravel\\framework\\src\\Illuminate\\View\\Engines\\CompilerEngine.php(70): Illuminate\\View\\Engines\\PhpEngine->evaluatePath('C:\\\\Users\\\\stefan...', Array)
#6 C:\\Users\\stefanopoulos\\Desktop\\e-forms\\vendor\\laravel\\framework\\src\\Illuminate\\View\\View.php(195): Illuminate\\View\\Engines\\CompilerEngine->get('C:\\\\Users\\\\stefan...', Array)
#7 C:\\Users\\stefanopoulos\\Desktop\\e-forms\\vendor\\laravel\\framework\\src\\Illuminate\\View\\View.php(178): Illuminate\\View\\View->getContents()
#8 C:\\Users\\stefanopoulos\\Desktop\\e-forms\\vendor\\laravel\\framework\\src\\Illuminate\\View\\View.php(147): Illuminate\\View\\View->renderContents()
#9 C:\\Users\\stefanopoulos\\Desktop\\e-forms\\vendor\\laravel\\framework\\src\\Illuminate\\Http\\Response.php(69): Illuminate\\View\\View->render()
#10 C:\\Users\\stefanopoulos\\Desktop\\e-forms\\vendor\\laravel\\framework\\src\\Illuminate\\Http\\Response.php(35): Illuminate\\Http\\Response->setContent(Object(Illuminate\\View\\View))
#11 C:\\Users\\stefanopoulos\\Desktop\\e-forms\\vendor\\laravel\\framework\\src\\Illuminate\\Routing\\Router.php(906): Illuminate\\Http\\Response->__construct(Object(Illuminate\\View\\View), 200, Array)
#12 C:\\Users\\stefanopoulos\\Desktop\\e-forms\\vendor\\laravel\\framework\\src\\Illuminate\\Routing\\Router.php(875): Illuminate\\Routing\\Router::toResponse(Object(Illuminate\\Http\\Request), Object(Illuminate\\View\\View))
#13 C:\\Users\\stefanopoulos\\Desktop\\e-forms\\vendor\\laravel\\framework\\src\\Illuminate\\Routing\\Router.php(797): Illuminate\\Routing\\Router->prepareResponse(Object(Illuminate\\Http\\Request), Object(Illuminate\\View\\View))
#14 C:\\Users\\stefanopoulos\\Desktop\\e-forms\\vendor\\laravel\\framework\\src\\Illuminate\\Pipeline\\Pipeline.php(141): Illuminate\\Routing\\Router->Illuminate\\Routing\\{closure}(Object(Illuminate\\Http\\Request))
#15 C:\\Users\\stefanopoulos\\Desktop\\e-forms\\vendor\\laravel\\framework\\src\\Illuminate\\Routing\\Middleware\\SubstituteBindings.php(50): Illuminate\\Pipeline\\Pipeline->Illuminate\\Pipeline\\{closure}(Object(Illuminate\\Http\\Request))
#16 C:\\Users\\stefanopoulos\\Desktop\\e-forms\\vendor\\laravel\\framework\\src\\Illuminate\\Pipeline\\Pipeline.php(180): Illuminate\\Routing\\Middleware\\SubstituteBindings->handle(Object(Illuminate\\Http\\Request), Object(Closure))
#17 C:\\Users\\stefanopoulos\\Desktop\\e-forms\\vendor\\laravel\\framework\\src\\Illuminate\\Foundation\\Http\\Middleware\\VerifyCsrfToken.php(78): Illuminate\\Pipeline\\Pipeline->Illuminate\\Pipeline\\{closure}(Object(Illuminate\\Http\\Request))
#18 C:\\Users\\stefanopoulos\\Desktop\\e-forms\\vendor\\laravel\\framework\\src\\Illuminate\\Pipeline\\Pipeline.php(180): Illuminate\\Foundation\\Http\\Middleware\\VerifyCsrfToken->handle(Object(Illuminate\\Http\\Request), Object(Closure))
#19 C:\\Users\\stefanopoulos\\Desktop\\e-forms\\vendor\\laravel\\framework\\src\\Illuminate\\View\\Middleware\\ShareErrorsFromSession.php(49): Illuminate\\Pipeline\\Pipeline->Illuminate\\Pipeline\\{closure}(Object(Illuminate\\Http\\Request))
#20 C:\\Users\\stefanopoulos\\Desktop\\e-forms\\vendor\\laravel\\framework\\src\\Illuminate\\Pipeline\\Pipeline.php(180): Illuminate\\View\\Middleware\\ShareErrorsFromSession->handle(Object(Illuminate\\Http\\Request), Object(Closure))
#21 C:\\Users\\stefanopoulos\\Desktop\\e-forms\\vendor\\laravel\\framework\\src\\Illuminate\\Session\\Middleware\\StartSession.php(121): Illuminate\\Pipeline\\Pipeline->Illuminate\\Pipeline\\{closure}(Object(Illuminate\\Http\\Request))
#22 C:\\Users\\stefanopoulos\\Desktop\\e-forms\\vendor\\laravel\\framework\\src\\Illuminate\\Session\\Middleware\\StartSession.php(64): Illuminate\\Session\\Middleware\\StartSession->handleStatefulRequest(Object(Illuminate\\Http\\Request), Object(Illuminate\\Session\\Store), Object(Closure))
#23 C:\\Users\\stefanopoulos\\Desktop\\e-forms\\vendor\\laravel\\framework\\src\\Illuminate\\Pipeline\\Pipeline.php(180): Illuminate\\Session\\Middleware\\StartSession->handle(Object(Illuminate\\Http\\Request), Object(Closure))
#24 C:\\Users\\stefanopoulos\\Desktop\\e-forms\\vendor\\laravel\\framework\\src\\Illuminate\\Cookie\\Middleware\\AddQueuedCookiesToResponse.php(37): Illuminate\\Pipeline\\Pipeline->Illuminate\\Pipeline\\{closure}(Object(Illuminate\\Http\\Request))
#25 C:\\Users\\stefanopoulos\\Desktop\\e-forms\\vendor\\laravel\\framework\\src\\Illuminate\\Pipeline\\Pipeline.php(180): Illuminate\\Cookie\\Middleware\\AddQueuedCookiesToResponse->handle(Object(Illuminate\\Http\\Request), Object(Closure))
#26 C:\\Users\\stefanopoulos\\Desktop\\e-forms\\vendor\\laravel\\framework\\src\\Illuminate\\Cookie\\Middleware\\EncryptCookies.php(67): Illuminate\\Pipeline\\Pipeline->Illuminate\\Pipeline\\{closure}(Object(Illuminate\\Http\\Request))
#27 C:\\Users\\stefanopoulos\\Desktop\\e-forms\\vendor\\laravel\\framework\\src\\Illuminate\\Pipeline\\Pipeline.php(180): Illuminate\\Cookie\\Middleware\\EncryptCookies->handle(Object(Illuminate\\Http\\Request), Object(Closure))
#28 C:\\Users\\stefanopoulos\\Desktop\\e-forms\\vendor\\laravel\\framework\\src\\Illuminate\\Pipeline\\Pipeline.php(116): Illuminate\\Pipeline\\Pipeline->Illuminate\\Pipeline\\{closure}(Object(Illuminate\\Http\\Request))
#29 C:\\Users\\stefanopoulos\\Desktop\\e-forms\\vendor\\laravel\\framework\\src\\Illuminate\\Routing\\Router.php(797): Illuminate\\Pipeline\\Pipeline->then(Object(Closure))
#30 C:\\Users\\stefanopoulos\\Desktop\\e-forms\\vendor\\laravel\\framework\\src\\Illuminate\\Routing\\Router.php(776): Illuminate\\Routing\\Router->runRouteWithinStack(Object(Illuminate\\Routing\\Route), Object(Illuminate\\Http\\Request))
#31 C:\\Users\\stefanopoulos\\Desktop\\e-forms\\vendor\\laravel\\framework\\src\\Illuminate\\Routing\\Router.php(740): Illuminate\\Routing\\Router->runRoute(Object(Illuminate\\Http\\Request), Object(Illuminate\\Routing\\Route))
#32 C:\\Users\\stefanopoulos\\Desktop\\e-forms\\vendor\\laravel\\framework\\src\\Illuminate\\Routing\\Router.php(729): Illuminate\\Routing\\Router->dispatchToRoute(Object(Illuminate\\Http\\Request))
#33 C:\\Users\\stefanopoulos\\Desktop\\e-forms\\vendor\\laravel\\framework\\src\\Illuminate\\Foundation\\Http\\Kernel.php(200): Illuminate\\Routing\\Router->dispatch(Object(Illuminate\\Http\\Request))
#34 C:\\Users\\stefanopoulos\\Desktop\\e-forms\\vendor\\laravel\\framework\\src\\Illuminate\\Pipeline\\Pipeline.php(141): Illuminate\\Foundation\\Http\\Kernel->Illuminate\\Foundation\\Http\\{closure}(Object(Illuminate\\Http\\Request))
#35 C:\\Users\\stefanopoulos\\Desktop\\e-forms\\vendor\\laravel\\framework\\src\\Illuminate\\Foundation\\Http\\Middleware\\TransformsRequest.php(21): Illuminate\\Pipeline\\Pipeline->Illuminate\\Pipeline\\{closure}(Object(Illuminate\\Http\\Request))
#36 C:\\Users\\stefanopoulos\\Desktop\\e-forms\\vendor\\laravel\\framework\\src\\Illuminate\\Foundation\\Http\\Middleware\\ConvertEmptyStringsToNull.php(31): Illuminate\\Foundation\\Http\\Middleware\\TransformsRequest->handle(Object(Illuminate\\Http\\Request), Object(Closure))
#37 C:\\Users\\stefanopoulos\\Desktop\\e-forms\\vendor\\laravel\\framework\\src\\Illuminate\\Pipeline\\Pipeline.php(180): Illuminate\\Foundation\\Http\\Middleware\\ConvertEmptyStringsToNull->handle(Object(Illuminate\\Http\\Request), Object(Closure))
#38 C:\\Users\\stefanopoulos\\Desktop\\e-forms\\vendor\\laravel\\framework\\src\\Illuminate\\Foundation\\Http\\Middleware\\TransformsRequest.php(21): Illuminate\\Pipeline\\Pipeline->Illuminate\\Pipeline\\{closure}(Object(Illuminate\\Http\\Request))
#39 C:\\Users\\stefanopoulos\\Desktop\\e-forms\\vendor\\laravel\\framework\\src\\Illuminate\\Foundation\\Http\\Middleware\\TrimStrings.php(40): Illuminate\\Foundation\\Http\\Middleware\\TransformsRequest->handle(Object(Illuminate\\Http\\Request), Object(Closure))
#40 C:\\Users\\stefanopoulos\\Desktop\\e-forms\\vendor\\laravel\\framework\\src\\Illuminate\\Pipeline\\Pipeline.php(180): Illuminate\\Foundation\\Http\\Middleware\\TrimStrings->handle(Object(Illuminate\\Http\\Request), Object(Closure))
#41 C:\\Users\\stefanopoulos\\Desktop\\e-forms\\vendor\\laravel\\framework\\src\\Illuminate\\Foundation\\Http\\Middleware\\ValidatePostSize.php(27): Illuminate\\Pipeline\\Pipeline->Illuminate\\Pipeline\\{closure}(Object(Illuminate\\Http\\Request))
#42 C:\\Users\\stefanopoulos\\Desktop\\e-forms\\vendor\\laravel\\framework\\src\\Illuminate\\Pipeline\\Pipeline.php(180): Illuminate\\Foundation\\Http\\Middleware\\ValidatePostSize->handle(Object(Illuminate\\Http\\Request), Object(Closure))
#43 C:\\Users\\stefanopoulos\\Desktop\\e-forms\\vendor\\laravel\\framework\\src\\Illuminate\\Foundation\\Http\\Middleware\\PreventRequestsDuringMaintenance.php(86): Illuminate\\Pipeline\\Pipeline->Illuminate\\Pipeline\\{closure}(Object(Illuminate\\Http\\Request))
#44 C:\\Users\\stefanopoulos\\Desktop\\e-forms\\vendor\\laravel\\framework\\src\\Illuminate\\Pipeline\\Pipeline.php(180): Illuminate\\Foundation\\Http\\Middleware\\PreventRequestsDuringMaintenance->handle(Object(Illuminate\\Http\\Request), Object(Closure))
#45 C:\\Users\\stefanopoulos\\Desktop\\e-forms\\vendor\\laravel\\framework\\src\\Illuminate\\Http\\Middleware\\HandleCors.php(49): Illuminate\\Pipeline\\Pipeline->Illuminate\\Pipeline\\{closure}(Object(Illuminate\\Http\\Request))
#46 C:\\Users\\stefanopoulos\\Desktop\\e-forms\\vendor\\laravel\\framework\\src\\Illuminate\\Pipeline\\Pipeline.php(180): Illuminate\\Http\\Middleware\\HandleCors->handle(Object(Illuminate\\Http\\Request), Object(Closure))
#47 C:\\Users\\stefanopoulos\\Desktop\\e-forms\\vendor\\laravel\\framework\\src\\Illuminate\\Http\\Middleware\\TrustProxies.php(39): Illuminate\\Pipeline\\Pipeline->Illuminate\\Pipeline\\{closure}(Object(Illuminate\\Http\\Request))
#48 C:\\Users\\stefanopoulos\\Desktop\\e-forms\\vendor\\laravel\\framework\\src\\Illuminate\\Pipeline\\Pipeline.php(180): Illuminate\\Http\\Middleware\\TrustProxies->handle(Object(Illuminate\\Http\\Request), Object(Closure))
#49 C:\\Users\\stefanopoulos\\Desktop\\e-forms\\vendor\\laravel\\framework\\src\\Illuminate\\Pipeline\\Pipeline.php(116): Illuminate\\Pipeline\\Pipeline->Illuminate\\Pipeline\\{closure}(Object(Illuminate\\Http\\Request))
#50 C:\\Users\\stefanopoulos\\Desktop\\e-forms\\vendor\\laravel\\framework\\src\\Illuminate\\Foundation\\Http\\Kernel.php(175): Illuminate\\Pipeline\\Pipeline->then(Object(Closure))
#51 C:\\Users\\stefanopoulos\\Desktop\\e-forms\\vendor\\laravel\\framework\\src\\Illuminate\\Foundation\\Http\\Kernel.php(144): Illuminate\\Foundation\\Http\\Kernel->sendRequestThroughRouter(Object(Illuminate\\Http\\Request))
#52 C:\\Users\\stefanopoulos\\Desktop\\e-forms\\public\\index.php(51): Illuminate\\Foundation\\Http\\Kernel->handle(Object(Illuminate\\Http\\Request))
#53 C:\\Users\\stefanopoulos\\Desktop\\e-forms\\vendor\\laravel\\framework\\src\\Illuminate\\Foundation\\resources\\server.php(16): require_once('C:\\\\Users\\\\stefan...')
#54 {main}
"} 
[2025-04-16 12:12:40] local.ERROR: Attempt to read property "id" on null {"view":{"view":"C:\\Users\\stefanopoulos\\Desktop\\e-forms\\resources\\views\\microapps\\actions\\index_school.blade.php","data":{"errors":"<pre class=sf-dump id=sf-dump-1814899033 data-indent-pad=\"  \"><span class=sf-dump-note>Illuminate\\Support\\ViewErrorBag</span> {<a class=sf-dump-ref>#1732</a><samp data-depth=1 class=sf-dump-expanded>
  #<span class=sf-dump-protected title=\"Protected property\">bags</span>: []
</samp>}
</pre><script>Sfdump(\"sf-dump-1814899033\", {\"maxDepth\":3,\"maxStringLength\":160})</script>
","request":"<pre class=sf-dump id=sf-dump-352684720 data-indent-pad=\"  \"><span class=sf-dump-note>Illuminate\\Http\\Request</span> {<a class=sf-dump-ref>#44</a><samp data-depth=1 class=sf-dump-expanded>
  +<span class=sf-dump-public title=\"Public property\">attributes</span>: <span class=sf-dump-note title=\"Symfony\\Component\\HttpFoundation\\ParameterBag
\"><span class=\"sf-dump-ellipsis sf-dump-ellipsis-note\">Symfony\\Component\\HttpFoundation</span><span class=\"sf-dump-ellipsis sf-dump-ellipsis-note\">\\</span>ParameterBag</span> {<a class=sf-dump-ref>#46</a><samp data-depth=2 class=sf-dump-compact>
    #<span class=sf-dump-protected title=\"Protected property\">parameters</span>: []
  </samp>}
  +<span class=sf-dump-public title=\"Public property\">request</span>: <span class=sf-dump-note title=\"Symfony\\Component\\HttpFoundation\\InputBag
\"><span class=\"sf-dump-ellipsis sf-dump-ellipsis-note\">Symfony\\Component\\HttpFoundation</span><span class=\"sf-dump-ellipsis sf-dump-ellipsis-note\">\\</span>InputBag</span> {<a class=sf-dump-ref>#45</a><samp data-depth=2 class=sf-dump-compact>
    #<span class=sf-dump-protected title=\"Protected property\">parameters</span>: []
  </samp>}
  +<span class=sf-dump-public title=\"Public property\">query</span>: <span class=sf-dump-note title=\"Symfony\\Component\\HttpFoundation\\InputBag
\"><span class=\"sf-dump-ellipsis sf-dump-ellipsis-note\">Symfony\\Component\\HttpFoundation</span><span class=\"sf-dump-ellipsis sf-dump-ellipsis-note\">\\</span>InputBag</span> {<a class=sf-dump-ref>#52</a><samp data-depth=2 class=sf-dump-compact>
    #<span class=sf-dump-protected title=\"Protected property\">parameters</span>: []
  </samp>}
  +<span class=sf-dump-public title=\"Public property\">server</span>: <span class=sf-dump-note title=\"Symfony\\Component\\HttpFoundation\\ServerBag
\"><span class=\"sf-dump-ellipsis sf-dump-ellipsis-note\">Symfony\\Component\\HttpFoundation</span><span class=\"sf-dump-ellipsis sf-dump-ellipsis-note\">\\</span>ServerBag</span> {<a class=sf-dump-ref>#48</a><samp data-depth=2 class=sf-dump-compact>
    #<span class=sf-dump-protected title=\"Protected property\">parameters</span>: <span class=sf-dump-note>array:31</span> [<samp data-depth=3 class=sf-dump-compact>
      \"<span class=sf-dump-key>DOCUMENT_ROOT</span>\" => \"<span class=sf-dump-str title=\"45 characters\">C:\\Users\\stefanopoulos\\Desktop\\e-forms\\public</span>\"
      \"<span class=sf-dump-key>REMOTE_ADDR</span>\" => \"<span class=sf-dump-str title=\"9 characters\">127.0.0.1</span>\"
      \"<span class=sf-dump-key>REMOTE_PORT</span>\" => \"<span class=sf-dump-str title=\"5 characters\">54863</span>\"
      \"<span class=sf-dump-key>SERVER_SOFTWARE</span>\" => \"<span class=sf-dump-str title=\"28 characters\">PHP 8.2.3 Development Server</span>\"
      \"<span class=sf-dump-key>SERVER_PROTOCOL</span>\" => \"<span class=sf-dump-str title=\"8 characters\">HTTP/1.1</span>\"
      \"<span class=sf-dump-key>SERVER_NAME</span>\" => \"<span class=sf-dump-str title=\"9 characters\">127.0.0.1</span>\"
      \"<span class=sf-dump-key>SERVER_PORT</span>\" => \"<span class=sf-dump-str title=\"4 characters\">8000</span>\"
      \"<span class=sf-dump-key>REQUEST_URI</span>\" => \"<span class=sf-dump-str title=\"31 characters\">/actions/consultants_supervisor</span>\"
      \"<span class=sf-dump-key>REQUEST_METHOD</span>\" => \"<span class=sf-dump-str title=\"3 characters\">GET</span>\"
      \"<span class=sf-dump-key>SCRIPT_NAME</span>\" => \"<span class=sf-dump-str title=\"10 characters\">/index.php</span>\"
      \"<span class=sf-dump-key>SCRIPT_FILENAME</span>\" => \"<span class=sf-dump-str title=\"55 characters\">C:\\Users\\stefanopoulos\\Desktop\\e-forms\\public\\index.php</span>\"
      \"<span class=sf-dump-key>PATH_INFO</span>\" => \"<span class=sf-dump-str title=\"31 characters\">/actions/consultants_supervisor</span>\"
      \"<span class=sf-dump-key>PHP_SELF</span>\" => \"<span class=sf-dump-str title=\"41 characters\">/index.php/actions/consultants_supervisor</span>\"
      \"<span class=sf-dump-key>HTTP_HOST</span>\" => \"<span class=sf-dump-str title=\"14 characters\">localhost:8000</span>\"
      \"<span class=sf-dump-key>HTTP_USER_AGENT</span>\" => \"<span class=sf-dump-str title=\"80 characters\">Mozilla/5.0 (Windows NT 10.0; Win64; x64; rv:137.0) Gecko/20100101 Firefox/137.0</span>\"
      \"<span class=sf-dump-key>HTTP_ACCEPT</span>\" => \"<span class=sf-dump-str title=\"63 characters\">text/html,application/xhtml+xml,application/xml;q=0.9,*/*;q=0.8</span>\"
      \"<span class=sf-dump-key>HTTP_ACCEPT_LANGUAGE</span>\" => \"<span class=sf-dump-str title=\"14 characters\">en-US,en;q=0.5</span>\"
      \"<span class=sf-dump-key>HTTP_ACCEPT_ENCODING</span>\" => \"<span class=sf-dump-str title=\"23 characters\">gzip, deflate, br, zstd</span>\"
      \"<span class=sf-dump-key>HTTP_DNT</span>\" => \"<span class=sf-dump-str>1</span>\"
      \"<span class=sf-dump-key>HTTP_SEC_GPC</span>\" => \"<span class=sf-dump-str>1</span>\"
      \"<span class=sf-dump-key>HTTP_CONNECTION</span>\" => \"<span class=sf-dump-str title=\"10 characters\">keep-alive</span>\"
      \"<span class=sf-dump-key>HTTP_REFERER</span>\" => \"<span class=sf-dump-str title=\"38 characters\">http://localhost:8000/index_consultant</span>\"
      \"<span class=sf-dump-key>HTTP_COOKIE</span>\" => \"<span class=sf-dump-str title=\"747 characters\">XSRF-TOKEN=eyJpdiI6InhPWllNc1BuTlJyWkpOMDA0N3p4WUE9PSIsInZhbHVlIjoieUdXbzVGM0tLOTdLUVFlRU1RR1RQM3lObEVTZm92VGpTSDBibUYzVWFLNHZGd2tLbGJ5Ti85ckNIeExIcFcwQUZBbkx3czlnMzVjMDFLUXlucUl0elpiYkk1c3grbGE3OFdlalFWRGRLd2FDZWttUVlJdkJuZXpZSUJGakVDUG8iLCJtYWMiOiI3NDg0OTgxOTc4MjJiMGM4ZGNkMjllNzljZGVlNDVlMmMyZmM5ODYxN2EwOWUwYWQ4YWE4ZGNmMzkyYjRmMTY5IiwidGFnIjoiIn0%3D; dieuthinsi_pe_akhaias_hlektronikes_formes_session=eyJpdiI6Im5UZ2VETXY5UWdCSDVlV1ZrMGFyZ0E9PSIsInZhbHVlIjoiZHFacDgxdkxKRzZiRSt6SHNoNm82NmFhdHBXL0w5bDJ1YUQ4VUZqZ2hUOUdkckI1cW5aZmtIdWJnU2VRUEsweUtNSEVBQUNiQjNNcDN2TW1xUTU4Z3BpOVVOQUFNQU1aZEs0dGZiTGlUNzJOZWpwdE96M0hwVFRETm9mZFJ2UmciLCJtYWMiOiI2ODk4YzdmN2RhMjJhM2MxOWJiMTIyYmY0ODlmNjlhYjZmNzkzMWVmMGFkNzk3NjJjN2RmOTUxODQ2MGY3NjM2IiwidGFnIjoiIn0%3D</span>\"
      \"<span class=sf-dump-key>HTTP_UPGRADE_INSECURE_REQUESTS</span>\" => \"<span class=sf-dump-str>1</span>\"
      \"<span class=sf-dump-key>HTTP_SEC_FETCH_DEST</span>\" => \"<span class=sf-dump-str title=\"8 characters\">document</span>\"
      \"<span class=sf-dump-key>HTTP_SEC_FETCH_MODE</span>\" => \"<span class=sf-dump-str title=\"8 characters\">navigate</span>\"
      \"<span class=sf-dump-key>HTTP_SEC_FETCH_SITE</span>\" => \"<span class=sf-dump-str title=\"11 characters\">same-origin</span>\"
      \"<span class=sf-dump-key>HTTP_SEC_FETCH_USER</span>\" => \"<span class=sf-dump-str title=\"2 characters\">?1</span>\"
      \"<span class=sf-dump-key>HTTP_PRIORITY</span>\" => \"<span class=sf-dump-str title=\"6 characters\">u=0, i</span>\"
      \"<span class=sf-dump-key>REQUEST_TIME_FLOAT</span>\" => <span class=sf-dump-num>1744794760.0658</span>
      \"<span class=sf-dump-key>REQUEST_TIME</span>\" => <span class=sf-dump-num>1744794760</span>
    </samp>]
  </samp>}
  +<span class=sf-dump-public title=\"Public property\">files</span>: <span class=sf-dump-note title=\"Symfony\\Component\\HttpFoundation\\FileBag
\"><span class=\"sf-dump-ellipsis sf-dump-ellipsis-note\">Symfony\\Component\\HttpFoundation</span><span class=\"sf-dump-ellipsis sf-dump-ellipsis-note\">\\</span>FileBag</span> {<a class=sf-dump-ref>#49</a><samp data-depth=2 class=sf-dump-compact>
    #<span class=sf-dump-protected title=\"Protected property\">parameters</span>: []
  </samp>}
  +<span class=sf-dump-public title=\"Public property\">cookies</span>: <span class=sf-dump-note title=\"Symfony\\Component\\HttpFoundation\\InputBag
\"><span class=\"sf-dump-ellipsis sf-dump-ellipsis-note\">Symfony\\Component\\HttpFoundation</span><span class=\"sf-dump-ellipsis sf-dump-ellipsis-note\">\\</span>InputBag</span> {<a class=sf-dump-ref>#47</a><samp data-depth=2 class=sf-dump-compact>
    #<span class=sf-dump-protected title=\"Protected property\">parameters</span>: <span class=sf-dump-note>array:2</span> [<samp data-depth=3 class=sf-dump-compact>
      \"<span class=sf-dump-key>XSRF-TOKEN</span>\" => \"<span class=sf-dump-str title=\"40 characters\">w7YF2vMfMfKzH03DJWOvxCtzcI3IgsLoCI6eekGY</span>\"
      \"<span class=sf-dump-key>dieuthinsi_pe_akhaias_hlektronikes_formes_session</span>\" => \"<span class=sf-dump-str title=\"40 characters\">aBWZs3xkCIRmRTFtKcKklUGqSS4C1XMFqLfuC6Rk</span>\"
    </samp>]
  </samp>}
  +<span class=sf-dump-public title=\"Public property\">headers</span>: <span class=sf-dump-note title=\"Symfony\\Component\\HttpFoundation\\HeaderBag
\"><span class=\"sf-dump-ellipsis sf-dump-ellipsis-note\">Symfony\\Component\\HttpFoundation</span><span class=\"sf-dump-ellipsis sf-dump-ellipsis-note\">\\</span>HeaderBag</span> {<a class=sf-dump-ref>#50</a><samp data-depth=2 class=sf-dump-compact>
    #<span class=sf-dump-protected title=\"Protected property\">headers</span>: <span class=sf-dump-note>array:16</span> [<samp data-depth=3 class=sf-dump-compact>
      \"<span class=sf-dump-key>host</span>\" => <span class=sf-dump-note>array:1</span> [ &#8230;1]
      \"<span class=sf-dump-key>user-agent</span>\" => <span class=sf-dump-note>array:1</span> [ &#8230;1]
      \"<span class=sf-dump-key>accept</span>\" => <span class=sf-dump-note>array:1</span> [ &#8230;1]
      \"<span class=sf-dump-key>accept-language</span>\" => <span class=sf-dump-note>array:1</span> [ &#8230;1]
      \"<span class=sf-dump-key>accept-encoding</span>\" => <span class=sf-dump-note>array:1</span> [ &#8230;1]
      \"<span class=sf-dump-key>dnt</span>\" => <span class=sf-dump-note>array:1</span> [ &#8230;1]
      \"<span class=sf-dump-key>sec-gpc</span>\" => <span class=sf-dump-note>array:1</span> [ &#8230;1]
      \"<span class=sf-dump-key>connection</span>\" => <span class=sf-dump-note>array:1</span> [ &#8230;1]
      \"<span class=sf-dump-key>referer</span>\" => <span class=sf-dump-note>array:1</span> [ &#8230;1]
      \"<span class=sf-dump-key>cookie</span>\" => <span class=sf-dump-note>array:1</span> [ &#8230;1]
      \"<span class=sf-dump-key>upgrade-insecure-requests</span>\" => <span class=sf-dump-note>array:1</span> [ &#8230;1]
      \"<span class=sf-dump-key>sec-fetch-dest</span>\" => <span class=sf-dump-note>array:1</span> [ &#8230;1]
      \"<span class=sf-dump-key>sec-fetch-mode</span>\" => <span class=sf-dump-note>array:1</span> [ &#8230;1]
      \"<span class=sf-dump-key>sec-fetch-site</span>\" => <span class=sf-dump-note>array:1</span> [ &#8230;1]
      \"<span class=sf-dump-key>sec-fetch-user</span>\" => <span class=sf-dump-note>array:1</span> [ &#8230;1]
      \"<span class=sf-dump-key>priority</span>\" => <span class=sf-dump-note>array:1</span> [ &#8230;1]
    </samp>]
    #<span class=sf-dump-protected title=\"Protected property\">cacheControl</span>: []
  </samp>}
  #<span class=sf-dump-protected title=\"Protected property\">content</span>: <span class=sf-dump-const>null</span>
  #<span class=sf-dump-protected title=\"Protected property\">languages</span>: <span class=sf-dump-const>null</span>
  #<span class=sf-dump-protected title=\"Protected property\">charsets</span>: <span class=sf-dump-const>null</span>
  #<span class=sf-dump-protected title=\"Protected property\">encodings</span>: <span class=sf-dump-const>null</span>
  #<span class=sf-dump-protected title=\"Protected property\">acceptableContentTypes</span>: <span class=sf-dump-const>null</span>
  #<span class=sf-dump-protected title=\"Protected property\">pathInfo</span>: \"<span class=sf-dump-str title=\"31 characters\">/actions/consultants_supervisor</span>\"
  #<span class=sf-dump-protected title=\"Protected property\">requestUri</span>: \"<span class=sf-dump-str title=\"31 characters\">/actions/consultants_supervisor</span>\"
  #<span class=sf-dump-protected title=\"Protected property\">baseUrl</span>: \"\"
  #<span class=sf-dump-protected title=\"Protected property\">basePath</span>: <span class=sf-dump-const>null</span>
  #<span class=sf-dump-protected title=\"Protected property\">method</span>: \"<span class=sf-dump-str title=\"3 characters\">GET</span>\"
  #<span class=sf-dump-protected title=\"Protected property\">format</span>: <span class=sf-dump-const>null</span>
  #<span class=sf-dump-protected title=\"Protected property\">session</span>: <span class=sf-dump-note title=\"Illuminate\\Session\\Store
\"><span class=\"sf-dump-ellipsis sf-dump-ellipsis-note\">Illuminate\\Session</span><span class=\"sf-dump-ellipsis sf-dump-ellipsis-note\">\\</span>Store</span> {<a class=sf-dump-ref>#1728</a><samp data-depth=2 class=sf-dump-compact>
    #<span class=sf-dump-protected title=\"Protected property\">id</span>: \"<span class=sf-dump-str title=\"40 characters\">aBWZs3xkCIRmRTFtKcKklUGqSS4C1XMFqLfuC6Rk</span>\"
    #<span class=sf-dump-protected title=\"Protected property\">name</span>: \"<span class=sf-dump-str title=\"49 characters\">dieuthinsi_pe_akhaias_hlektronikes_formes_session</span>\"
    #<span class=sf-dump-protected title=\"Protected property\">attributes</span>: <span class=sf-dump-note>array:4</span> [<samp data-depth=3 class=sf-dump-compact>
      \"<span class=sf-dump-key>_token</span>\" => \"<span class=sf-dump-str title=\"40 characters\">w7YF2vMfMfKzH03DJWOvxCtzcI3IgsLoCI6eekGY</span>\"
      \"<span class=sf-dump-key>login_consultant_59ba36addc2b2f9401580f014c7f58ea4e30989d</span>\" => <span class=sf-dump-num>6</span>
      \"<span class=sf-dump-key>_flash</span>\" => <span class=sf-dump-note>array:2</span> [ &#8230;2]
      \"<span class=sf-dump-key>_previous</span>\" => <span class=sf-dump-note>array:1</span> [ &#8230;1]
    </samp>]
    #<span class=sf-dump-protected title=\"Protected property\">handler</span>: <span class=sf-dump-note title=\"Illuminate\\Session\\FileSessionHandler
\"><span class=\"sf-dump-ellipsis sf-dump-ellipsis-note\">Illuminate\\Session</span><span class=\"sf-dump-ellipsis sf-dump-ellipsis-note\">\\</span>FileSessionHandler</span> {<a class=sf-dump-ref>#1727</a><samp data-depth=3 class=sf-dump-compact>
      #<span class=sf-dump-protected title=\"Protected property\">files</span>: <span class=sf-dump-note title=\"Illuminate\\Filesystem\\Filesystem
\"><span class=\"sf-dump-ellipsis sf-dump-ellipsis-note\">Illuminate\\Filesystem</span><span class=\"sf-dump-ellipsis sf-dump-ellipsis-note\">\\</span>Filesystem</span> {<a class=sf-dump-ref>#169</a>}
      #<span class=sf-dump-protected title=\"Protected property\">path</span>: \"<span class=sf-dump-str title=\"65 characters\">C:\\Users\\stefanopoulos\\Desktop\\e-forms\\storage\\framework/sessions</span>\"
      #<span class=sf-dump-protected title=\"Protected property\">minutes</span>: \"<span class=sf-dump-str title=\"3 characters\">120</span>\"
    </samp>}
    #<span class=sf-dump-protected title=\"Protected property\">serialization</span>: \"<span class=sf-dump-str title=\"3 characters\">php</span>\"
    #<span class=sf-dump-protected title=\"Protected property\">started</span>: <span class=sf-dump-const>true</span>
  </samp>}
  #<span class=sf-dump-protected title=\"Protected property\">locale</span>: <span class=sf-dump-const>null</span>
  #<span class=sf-dump-protected title=\"Protected property\">defaultLocale</span>: \"<span class=sf-dump-str title=\"2 characters\">en</span>\"
  -<span class=sf-dump-private title=\"Private property defined in class:&#10;`Symfony\\Component\\HttpFoundation\\Request`\">preferredFormat</span>: <span class=sf-dump-const>null</span>
  -<span class=sf-dump-private title=\"Private property defined in class:&#10;`Symfony\\Component\\HttpFoundation\\Request`\">isHostValid</span>: <span class=sf-dump-const>true</span>
  -<span class=sf-dump-private title=\"Private property defined in class:&#10;`Symfony\\Component\\HttpFoundation\\Request`\">isForwardedValid</span>: <span class=sf-dump-const>true</span>
  #<span class=sf-dump-protected title=\"Protected property\">json</span>: <span class=sf-dump-const>null</span>
  #<span class=sf-dump-protected title=\"Protected property\">convertedFiles</span>: []
  #<span class=sf-dump-protected title=\"Protected property\">userResolver</span>: <span class=sf-dump-note>Closure($guard = null)</span> {<a class=sf-dump-ref>#1582</a><samp data-depth=2 class=sf-dump-compact>
    <span class=sf-dump-meta>class</span>: \"<span class=sf-dump-str title=\"Illuminate\\Auth\\AuthServiceProvider
35 characters\"><span class=\"sf-dump-ellipsis sf-dump-ellipsis-class\">Illuminate\\Auth</span><span class=\"sf-dump-ellipsis sf-dump-ellipsis-class\">\\</span>AuthServiceProvider</span>\"
    <span class=sf-dump-meta>this</span>: <span class=sf-dump-note title=\"Illuminate\\Auth\\AuthServiceProvider
\"><span class=\"sf-dump-ellipsis sf-dump-ellipsis-note\">Illuminate\\Auth</span><span class=\"sf-dump-ellipsis sf-dump-ellipsis-note\">\\</span>AuthServiceProvider</span> {<a class=sf-dump-ref>#165</a> &#8230;}
    <span class=sf-dump-meta>use</span>: {<samp data-depth=3 class=sf-dump-compact>
      <span class=sf-dump-meta>$app</span>: <span class=sf-dump-note title=\"Illuminate\\Foundation\\Application
\"><span class=\"sf-dump-ellipsis sf-dump-ellipsis-note\">Illuminate\\Foundation</span><span class=\"sf-dump-ellipsis sf-dump-ellipsis-note\">\\</span>Application</span> {<a class=sf-dump-ref>#2</a> &#8230;}
    </samp>}
    <span class=sf-dump-meta>file</span>: \"<span class=sf-dump-str title=\"C:\\Users\\stefanopoulos\\Desktop\\e-forms\\vendor\\laravel\\framework\\src\\Illuminate\\Auth\\AuthServiceProvider.php
107 characters\"><span class=\"sf-dump-ellipsis sf-dump-ellipsis-path\">C:\\Users\\stefanopoulos\\Desktop\\e-forms\\vendor</span><span class=\"sf-dump-ellipsis sf-dump-ellipsis-path\">\\laravel\\framework\\</span>src\\Illuminate\\Auth\\AuthServiceProvider.php</span>\"
    <span class=sf-dump-meta>line</span>: \"<span class=sf-dump-str title=\"8 characters\">88 to 90</span>\"
  </samp>}
  #<span class=sf-dump-protected title=\"Protected property\">routeResolver</span>: <span class=sf-dump-note>Closure()</span> {<a class=sf-dump-ref>#1591</a><samp data-depth=2 class=sf-dump-compact>
    <span class=sf-dump-meta>class</span>: \"<span class=sf-dump-str title=\"Illuminate\\Routing\\Router
25 characters\"><span class=\"sf-dump-ellipsis sf-dump-ellipsis-class\">Illuminate\\Routing</span><span class=\"sf-dump-ellipsis sf-dump-ellipsis-class\">\\</span>Router</span>\"
    <span class=sf-dump-meta>this</span>: <span class=sf-dump-note title=\"Illuminate\\Routing\\Router
\"><span class=\"sf-dump-ellipsis sf-dump-ellipsis-note\">Illuminate\\Routing</span><span class=\"sf-dump-ellipsis sf-dump-ellipsis-note\">\\</span>Router</span> {<a class=sf-dump-ref>#27</a> &#8230;}
    <span class=sf-dump-meta>use</span>: {<samp data-depth=3 class=sf-dump-compact>
      <span class=sf-dump-meta>$route</span>: <span class=sf-dump-note title=\"Illuminate\\Routing\\Route
\"><span class=\"sf-dump-ellipsis sf-dump-ellipsis-note\">Illuminate\\Routing</span><span class=\"sf-dump-ellipsis sf-dump-ellipsis-note\">\\</span>Route</span> {<a class=sf-dump-ref>#1427</a> &#8230;}
    </samp>}
    <span class=sf-dump-meta>file</span>: \"<span class=sf-dump-str title=\"C:\\Users\\stefanopoulos\\Desktop\\e-forms\\vendor\\laravel\\framework\\src\\Illuminate\\Routing\\Router.php
97 characters\"><span class=\"sf-dump-ellipsis sf-dump-ellipsis-path\">C:\\Users\\stefanopoulos\\Desktop\\e-forms\\vendor</span><span class=\"sf-dump-ellipsis sf-dump-ellipsis-path\">\\laravel\\framework\\</span>src\\Illuminate\\Routing\\Router.php</span>\"
    <span class=sf-dump-meta>line</span>: \"<span class=sf-dump-str title=\"10 characters\">771 to 771</span>\"
  </samp>}
  <span class=sf-dump-meta>basePath</span>: \"\"
  <span class=sf-dump-meta>format</span>: \"<span class=sf-dump-str title=\"4 characters\">html</span>\"
</samp>}
</pre><script>Sfdump(\"sf-dump-352684720\", {\"maxDepth\":3,\"maxStringLength\":160})</script>
"}},"exception":"[object] (Spatie\\LaravelIgnition\\Exceptions\\ViewException(code: 0): Attempt to read property \"id\" on null at C:\\Users\\stefanopoulos\\Desktop\\e-forms\\resources\\views\\microapps\\actions\\index_school.blade.php:138)
[stacktrace]
#0 C:\\Users\\stefanopoulos\\Desktop\\e-forms\\vendor\\laravel\\framework\\src\\Illuminate\\Foundation\\Bootstrap\\HandleExceptions.php(254): Illuminate\\Foundation\\Bootstrap\\HandleExceptions->handleError(2, 'Attempt to read...', 'C:\\\\Users\\\\stefan...', 148)
#1 C:\\Users\\stefanopoulos\\Desktop\\e-forms\\resources\\views\\microapps\\actions\\index_school.blade.php(138): Illuminate\\Foundation\\Bootstrap\\HandleExceptions->Illuminate\\Foundation\\Bootstrap\\{closure}(2, 'Attempt to read...', 'C:\\\\Users\\\\stefan...', 148)
#2 C:\\Users\\stefanopoulos\\Desktop\\e-forms\\vendor\\laravel\\framework\\src\\Illuminate\\Filesystem\\Filesystem.php(124): require('C:\\\\Users\\\\stefan...')
#3 C:\\Users\\stefanopoulos\\Desktop\\e-forms\\vendor\\laravel\\framework\\src\\Illuminate\\Filesystem\\Filesystem.php(125): Illuminate\\Filesystem\\Filesystem::Illuminate\\Filesystem\\{closure}()
#4 C:\\Users\\stefanopoulos\\Desktop\\e-forms\\vendor\\laravel\\framework\\src\\Illuminate\\View\\Engines\\PhpEngine.php(58): Illuminate\\Filesystem\\Filesystem->getRequire('C:\\\\Users\\\\stefan...', Array)
#5 C:\\Users\\stefanopoulos\\Desktop\\e-forms\\vendor\\laravel\\framework\\src\\Illuminate\\View\\Engines\\CompilerEngine.php(70): Illuminate\\View\\Engines\\PhpEngine->evaluatePath('C:\\\\Users\\\\stefan...', Array)
#6 C:\\Users\\stefanopoulos\\Desktop\\e-forms\\vendor\\laravel\\framework\\src\\Illuminate\\View\\View.php(195): Illuminate\\View\\Engines\\CompilerEngine->get('C:\\\\Users\\\\stefan...', Array)
#7 C:\\Users\\stefanopoulos\\Desktop\\e-forms\\vendor\\laravel\\framework\\src\\Illuminate\\View\\View.php(178): Illuminate\\View\\View->getContents()
#8 C:\\Users\\stefanopoulos\\Desktop\\e-forms\\vendor\\laravel\\framework\\src\\Illuminate\\View\\View.php(147): Illuminate\\View\\View->renderContents()
#9 C:\\Users\\stefanopoulos\\Desktop\\e-forms\\vendor\\laravel\\framework\\src\\Illuminate\\Http\\Response.php(69): Illuminate\\View\\View->render()
#10 C:\\Users\\stefanopoulos\\Desktop\\e-forms\\vendor\\laravel\\framework\\src\\Illuminate\\Http\\Response.php(35): Illuminate\\Http\\Response->setContent(Object(Illuminate\\View\\View))
#11 C:\\Users\\stefanopoulos\\Desktop\\e-forms\\vendor\\laravel\\framework\\src\\Illuminate\\Routing\\Router.php(906): Illuminate\\Http\\Response->__construct(Object(Illuminate\\View\\View), 200, Array)
#12 C:\\Users\\stefanopoulos\\Desktop\\e-forms\\vendor\\laravel\\framework\\src\\Illuminate\\Routing\\Router.php(875): Illuminate\\Routing\\Router::toResponse(Object(Illuminate\\Http\\Request), Object(Illuminate\\View\\View))
#13 C:\\Users\\stefanopoulos\\Desktop\\e-forms\\vendor\\laravel\\framework\\src\\Illuminate\\Routing\\Router.php(797): Illuminate\\Routing\\Router->prepareResponse(Object(Illuminate\\Http\\Request), Object(Illuminate\\View\\View))
#14 C:\\Users\\stefanopoulos\\Desktop\\e-forms\\vendor\\laravel\\framework\\src\\Illuminate\\Pipeline\\Pipeline.php(141): Illuminate\\Routing\\Router->Illuminate\\Routing\\{closure}(Object(Illuminate\\Http\\Request))
#15 C:\\Users\\stefanopoulos\\Desktop\\e-forms\\vendor\\laravel\\framework\\src\\Illuminate\\Routing\\Middleware\\SubstituteBindings.php(50): Illuminate\\Pipeline\\Pipeline->Illuminate\\Pipeline\\{closure}(Object(Illuminate\\Http\\Request))
#16 C:\\Users\\stefanopoulos\\Desktop\\e-forms\\vendor\\laravel\\framework\\src\\Illuminate\\Pipeline\\Pipeline.php(180): Illuminate\\Routing\\Middleware\\SubstituteBindings->handle(Object(Illuminate\\Http\\Request), Object(Closure))
#17 C:\\Users\\stefanopoulos\\Desktop\\e-forms\\vendor\\laravel\\framework\\src\\Illuminate\\Foundation\\Http\\Middleware\\VerifyCsrfToken.php(78): Illuminate\\Pipeline\\Pipeline->Illuminate\\Pipeline\\{closure}(Object(Illuminate\\Http\\Request))
#18 C:\\Users\\stefanopoulos\\Desktop\\e-forms\\vendor\\laravel\\framework\\src\\Illuminate\\Pipeline\\Pipeline.php(180): Illuminate\\Foundation\\Http\\Middleware\\VerifyCsrfToken->handle(Object(Illuminate\\Http\\Request), Object(Closure))
#19 C:\\Users\\stefanopoulos\\Desktop\\e-forms\\vendor\\laravel\\framework\\src\\Illuminate\\View\\Middleware\\ShareErrorsFromSession.php(49): Illuminate\\Pipeline\\Pipeline->Illuminate\\Pipeline\\{closure}(Object(Illuminate\\Http\\Request))
#20 C:\\Users\\stefanopoulos\\Desktop\\e-forms\\vendor\\laravel\\framework\\src\\Illuminate\\Pipeline\\Pipeline.php(180): Illuminate\\View\\Middleware\\ShareErrorsFromSession->handle(Object(Illuminate\\Http\\Request), Object(Closure))
#21 C:\\Users\\stefanopoulos\\Desktop\\e-forms\\vendor\\laravel\\framework\\src\\Illuminate\\Session\\Middleware\\StartSession.php(121): Illuminate\\Pipeline\\Pipeline->Illuminate\\Pipeline\\{closure}(Object(Illuminate\\Http\\Request))
#22 C:\\Users\\stefanopoulos\\Desktop\\e-forms\\vendor\\laravel\\framework\\src\\Illuminate\\Session\\Middleware\\StartSession.php(64): Illuminate\\Session\\Middleware\\StartSession->handleStatefulRequest(Object(Illuminate\\Http\\Request), Object(Illuminate\\Session\\Store), Object(Closure))
#23 C:\\Users\\stefanopoulos\\Desktop\\e-forms\\vendor\\laravel\\framework\\src\\Illuminate\\Pipeline\\Pipeline.php(180): Illuminate\\Session\\Middleware\\StartSession->handle(Object(Illuminate\\Http\\Request), Object(Closure))
#24 C:\\Users\\stefanopoulos\\Desktop\\e-forms\\vendor\\laravel\\framework\\src\\Illuminate\\Cookie\\Middleware\\AddQueuedCookiesToResponse.php(37): Illuminate\\Pipeline\\Pipeline->Illuminate\\Pipeline\\{closure}(Object(Illuminate\\Http\\Request))
#25 C:\\Users\\stefanopoulos\\Desktop\\e-forms\\vendor\\laravel\\framework\\src\\Illuminate\\Pipeline\\Pipeline.php(180): Illuminate\\Cookie\\Middleware\\AddQueuedCookiesToResponse->handle(Object(Illuminate\\Http\\Request), Object(Closure))
#26 C:\\Users\\stefanopoulos\\Desktop\\e-forms\\vendor\\laravel\\framework\\src\\Illuminate\\Cookie\\Middleware\\EncryptCookies.php(67): Illuminate\\Pipeline\\Pipeline->Illuminate\\Pipeline\\{closure}(Object(Illuminate\\Http\\Request))
#27 C:\\Users\\stefanopoulos\\Desktop\\e-forms\\vendor\\laravel\\framework\\src\\Illuminate\\Pipeline\\Pipeline.php(180): Illuminate\\Cookie\\Middleware\\EncryptCookies->handle(Object(Illuminate\\Http\\Request), Object(Closure))
#28 C:\\Users\\stefanopoulos\\Desktop\\e-forms\\vendor\\laravel\\framework\\src\\Illuminate\\Pipeline\\Pipeline.php(116): Illuminate\\Pipeline\\Pipeline->Illuminate\\Pipeline\\{closure}(Object(Illuminate\\Http\\Request))
#29 C:\\Users\\stefanopoulos\\Desktop\\e-forms\\vendor\\laravel\\framework\\src\\Illuminate\\Routing\\Router.php(797): Illuminate\\Pipeline\\Pipeline->then(Object(Closure))
#30 C:\\Users\\stefanopoulos\\Desktop\\e-forms\\vendor\\laravel\\framework\\src\\Illuminate\\Routing\\Router.php(776): Illuminate\\Routing\\Router->runRouteWithinStack(Object(Illuminate\\Routing\\Route), Object(Illuminate\\Http\\Request))
#31 C:\\Users\\stefanopoulos\\Desktop\\e-forms\\vendor\\laravel\\framework\\src\\Illuminate\\Routing\\Router.php(740): Illuminate\\Routing\\Router->runRoute(Object(Illuminate\\Http\\Request), Object(Illuminate\\Routing\\Route))
#32 C:\\Users\\stefanopoulos\\Desktop\\e-forms\\vendor\\laravel\\framework\\src\\Illuminate\\Routing\\Router.php(729): Illuminate\\Routing\\Router->dispatchToRoute(Object(Illuminate\\Http\\Request))
#33 C:\\Users\\stefanopoulos\\Desktop\\e-forms\\vendor\\laravel\\framework\\src\\Illuminate\\Foundation\\Http\\Kernel.php(200): Illuminate\\Routing\\Router->dispatch(Object(Illuminate\\Http\\Request))
#34 C:\\Users\\stefanopoulos\\Desktop\\e-forms\\vendor\\laravel\\framework\\src\\Illuminate\\Pipeline\\Pipeline.php(141): Illuminate\\Foundation\\Http\\Kernel->Illuminate\\Foundation\\Http\\{closure}(Object(Illuminate\\Http\\Request))
#35 C:\\Users\\stefanopoulos\\Desktop\\e-forms\\vendor\\laravel\\framework\\src\\Illuminate\\Foundation\\Http\\Middleware\\TransformsRequest.php(21): Illuminate\\Pipeline\\Pipeline->Illuminate\\Pipeline\\{closure}(Object(Illuminate\\Http\\Request))
#36 C:\\Users\\stefanopoulos\\Desktop\\e-forms\\vendor\\laravel\\framework\\src\\Illuminate\\Foundation\\Http\\Middleware\\ConvertEmptyStringsToNull.php(31): Illuminate\\Foundation\\Http\\Middleware\\TransformsRequest->handle(Object(Illuminate\\Http\\Request), Object(Closure))
#37 C:\\Users\\stefanopoulos\\Desktop\\e-forms\\vendor\\laravel\\framework\\src\\Illuminate\\Pipeline\\Pipeline.php(180): Illuminate\\Foundation\\Http\\Middleware\\ConvertEmptyStringsToNull->handle(Object(Illuminate\\Http\\Request), Object(Closure))
#38 C:\\Users\\stefanopoulos\\Desktop\\e-forms\\vendor\\laravel\\framework\\src\\Illuminate\\Foundation\\Http\\Middleware\\TransformsRequest.php(21): Illuminate\\Pipeline\\Pipeline->Illuminate\\Pipeline\\{closure}(Object(Illuminate\\Http\\Request))
#39 C:\\Users\\stefanopoulos\\Desktop\\e-forms\\vendor\\laravel\\framework\\src\\Illuminate\\Foundation\\Http\\Middleware\\TrimStrings.php(40): Illuminate\\Foundation\\Http\\Middleware\\TransformsRequest->handle(Object(Illuminate\\Http\\Request), Object(Closure))
#40 C:\\Users\\stefanopoulos\\Desktop\\e-forms\\vendor\\laravel\\framework\\src\\Illuminate\\Pipeline\\Pipeline.php(180): Illuminate\\Foundation\\Http\\Middleware\\TrimStrings->handle(Object(Illuminate\\Http\\Request), Object(Closure))
#41 C:\\Users\\stefanopoulos\\Desktop\\e-forms\\vendor\\laravel\\framework\\src\\Illuminate\\Foundation\\Http\\Middleware\\ValidatePostSize.php(27): Illuminate\\Pipeline\\Pipeline->Illuminate\\Pipeline\\{closure}(Object(Illuminate\\Http\\Request))
#42 C:\\Users\\stefanopoulos\\Desktop\\e-forms\\vendor\\laravel\\framework\\src\\Illuminate\\Pipeline\\Pipeline.php(180): Illuminate\\Foundation\\Http\\Middleware\\ValidatePostSize->handle(Object(Illuminate\\Http\\Request), Object(Closure))
#43 C:\\Users\\stefanopoulos\\Desktop\\e-forms\\vendor\\laravel\\framework\\src\\Illuminate\\Foundation\\Http\\Middleware\\PreventRequestsDuringMaintenance.php(86): Illuminate\\Pipeline\\Pipeline->Illuminate\\Pipeline\\{closure}(Object(Illuminate\\Http\\Request))
#44 C:\\Users\\stefanopoulos\\Desktop\\e-forms\\vendor\\laravel\\framework\\src\\Illuminate\\Pipeline\\Pipeline.php(180): Illuminate\\Foundation\\Http\\Middleware\\PreventRequestsDuringMaintenance->handle(Object(Illuminate\\Http\\Request), Object(Closure))
#45 C:\\Users\\stefanopoulos\\Desktop\\e-forms\\vendor\\laravel\\framework\\src\\Illuminate\\Http\\Middleware\\HandleCors.php(49): Illuminate\\Pipeline\\Pipeline->Illuminate\\Pipeline\\{closure}(Object(Illuminate\\Http\\Request))
#46 C:\\Users\\stefanopoulos\\Desktop\\e-forms\\vendor\\laravel\\framework\\src\\Illuminate\\Pipeline\\Pipeline.php(180): Illuminate\\Http\\Middleware\\HandleCors->handle(Object(Illuminate\\Http\\Request), Object(Closure))
#47 C:\\Users\\stefanopoulos\\Desktop\\e-forms\\vendor\\laravel\\framework\\src\\Illuminate\\Http\\Middleware\\TrustProxies.php(39): Illuminate\\Pipeline\\Pipeline->Illuminate\\Pipeline\\{closure}(Object(Illuminate\\Http\\Request))
#48 C:\\Users\\stefanopoulos\\Desktop\\e-forms\\vendor\\laravel\\framework\\src\\Illuminate\\Pipeline\\Pipeline.php(180): Illuminate\\Http\\Middleware\\TrustProxies->handle(Object(Illuminate\\Http\\Request), Object(Closure))
#49 C:\\Users\\stefanopoulos\\Desktop\\e-forms\\vendor\\laravel\\framework\\src\\Illuminate\\Pipeline\\Pipeline.php(116): Illuminate\\Pipeline\\Pipeline->Illuminate\\Pipeline\\{closure}(Object(Illuminate\\Http\\Request))
#50 C:\\Users\\stefanopoulos\\Desktop\\e-forms\\vendor\\laravel\\framework\\src\\Illuminate\\Foundation\\Http\\Kernel.php(175): Illuminate\\Pipeline\\Pipeline->then(Object(Closure))
#51 C:\\Users\\stefanopoulos\\Desktop\\e-forms\\vendor\\laravel\\framework\\src\\Illuminate\\Foundation\\Http\\Kernel.php(144): Illuminate\\Foundation\\Http\\Kernel->sendRequestThroughRouter(Object(Illuminate\\Http\\Request))
#52 C:\\Users\\stefanopoulos\\Desktop\\e-forms\\public\\index.php(51): Illuminate\\Foundation\\Http\\Kernel->handle(Object(Illuminate\\Http\\Request))
#53 C:\\Users\\stefanopoulos\\Desktop\\e-forms\\vendor\\laravel\\framework\\src\\Illuminate\\Foundation\\resources\\server.php(16): require_once('C:\\\\Users\\\\stefan...')
#54 {main}

[previous exception] [object] (ErrorException(code: 0): Attempt to read property \"id\" on null at C:\\Users\\stefanopoulos\\Desktop\\e-forms\\storage\\framework\\views\\67800a60a210fb128232c9846d71636c.php:148)
[stacktrace]
#0 C:\\Users\\stefanopoulos\\Desktop\\e-forms\\vendor\\laravel\\framework\\src\\Illuminate\\Foundation\\Bootstrap\\HandleExceptions.php(254): Illuminate\\Foundation\\Bootstrap\\HandleExceptions->handleError(2, 'Attempt to read...', 'C:\\\\Users\\\\stefan...', 148)
#1 C:\\Users\\stefanopoulos\\Desktop\\e-forms\\storage\\framework\\views\\67800a60a210fb128232c9846d71636c.php(148): Illuminate\\Foundation\\Bootstrap\\HandleExceptions->Illuminate\\Foundation\\Bootstrap\\{closure}(2, 'Attempt to read...', 'C:\\\\Users\\\\stefan...', 148)
#2 C:\\Users\\stefanopoulos\\Desktop\\e-forms\\vendor\\laravel\\framework\\src\\Illuminate\\Filesystem\\Filesystem.php(124): require('C:\\\\Users\\\\stefan...')
#3 C:\\Users\\stefanopoulos\\Desktop\\e-forms\\vendor\\laravel\\framework\\src\\Illuminate\\Filesystem\\Filesystem.php(125): Illuminate\\Filesystem\\Filesystem::Illuminate\\Filesystem\\{closure}()
#4 C:\\Users\\stefanopoulos\\Desktop\\e-forms\\vendor\\laravel\\framework\\src\\Illuminate\\View\\Engines\\PhpEngine.php(58): Illuminate\\Filesystem\\Filesystem->getRequire('C:\\\\Users\\\\stefan...', Array)
#5 C:\\Users\\stefanopoulos\\Desktop\\e-forms\\vendor\\laravel\\framework\\src\\Illuminate\\View\\Engines\\CompilerEngine.php(70): Illuminate\\View\\Engines\\PhpEngine->evaluatePath('C:\\\\Users\\\\stefan...', Array)
#6 C:\\Users\\stefanopoulos\\Desktop\\e-forms\\vendor\\laravel\\framework\\src\\Illuminate\\View\\View.php(195): Illuminate\\View\\Engines\\CompilerEngine->get('C:\\\\Users\\\\stefan...', Array)
#7 C:\\Users\\stefanopoulos\\Desktop\\e-forms\\vendor\\laravel\\framework\\src\\Illuminate\\View\\View.php(178): Illuminate\\View\\View->getContents()
#8 C:\\Users\\stefanopoulos\\Desktop\\e-forms\\vendor\\laravel\\framework\\src\\Illuminate\\View\\View.php(147): Illuminate\\View\\View->renderContents()
#9 C:\\Users\\stefanopoulos\\Desktop\\e-forms\\vendor\\laravel\\framework\\src\\Illuminate\\Http\\Response.php(69): Illuminate\\View\\View->render()
#10 C:\\Users\\stefanopoulos\\Desktop\\e-forms\\vendor\\laravel\\framework\\src\\Illuminate\\Http\\Response.php(35): Illuminate\\Http\\Response->setContent(Object(Illuminate\\View\\View))
#11 C:\\Users\\stefanopoulos\\Desktop\\e-forms\\vendor\\laravel\\framework\\src\\Illuminate\\Routing\\Router.php(906): Illuminate\\Http\\Response->__construct(Object(Illuminate\\View\\View), 200, Array)
#12 C:\\Users\\stefanopoulos\\Desktop\\e-forms\\vendor\\laravel\\framework\\src\\Illuminate\\Routing\\Router.php(875): Illuminate\\Routing\\Router::toResponse(Object(Illuminate\\Http\\Request), Object(Illuminate\\View\\View))
#13 C:\\Users\\stefanopoulos\\Desktop\\e-forms\\vendor\\laravel\\framework\\src\\Illuminate\\Routing\\Router.php(797): Illuminate\\Routing\\Router->prepareResponse(Object(Illuminate\\Http\\Request), Object(Illuminate\\View\\View))
#14 C:\\Users\\stefanopoulos\\Desktop\\e-forms\\vendor\\laravel\\framework\\src\\Illuminate\\Pipeline\\Pipeline.php(141): Illuminate\\Routing\\Router->Illuminate\\Routing\\{closure}(Object(Illuminate\\Http\\Request))
#15 C:\\Users\\stefanopoulos\\Desktop\\e-forms\\vendor\\laravel\\framework\\src\\Illuminate\\Routing\\Middleware\\SubstituteBindings.php(50): Illuminate\\Pipeline\\Pipeline->Illuminate\\Pipeline\\{closure}(Object(Illuminate\\Http\\Request))
#16 C:\\Users\\stefanopoulos\\Desktop\\e-forms\\vendor\\laravel\\framework\\src\\Illuminate\\Pipeline\\Pipeline.php(180): Illuminate\\Routing\\Middleware\\SubstituteBindings->handle(Object(Illuminate\\Http\\Request), Object(Closure))
#17 C:\\Users\\stefanopoulos\\Desktop\\e-forms\\vendor\\laravel\\framework\\src\\Illuminate\\Foundation\\Http\\Middleware\\VerifyCsrfToken.php(78): Illuminate\\Pipeline\\Pipeline->Illuminate\\Pipeline\\{closure}(Object(Illuminate\\Http\\Request))
#18 C:\\Users\\stefanopoulos\\Desktop\\e-forms\\vendor\\laravel\\framework\\src\\Illuminate\\Pipeline\\Pipeline.php(180): Illuminate\\Foundation\\Http\\Middleware\\VerifyCsrfToken->handle(Object(Illuminate\\Http\\Request), Object(Closure))
#19 C:\\Users\\stefanopoulos\\Desktop\\e-forms\\vendor\\laravel\\framework\\src\\Illuminate\\View\\Middleware\\ShareErrorsFromSession.php(49): Illuminate\\Pipeline\\Pipeline->Illuminate\\Pipeline\\{closure}(Object(Illuminate\\Http\\Request))
#20 C:\\Users\\stefanopoulos\\Desktop\\e-forms\\vendor\\laravel\\framework\\src\\Illuminate\\Pipeline\\Pipeline.php(180): Illuminate\\View\\Middleware\\ShareErrorsFromSession->handle(Object(Illuminate\\Http\\Request), Object(Closure))
#21 C:\\Users\\stefanopoulos\\Desktop\\e-forms\\vendor\\laravel\\framework\\src\\Illuminate\\Session\\Middleware\\StartSession.php(121): Illuminate\\Pipeline\\Pipeline->Illuminate\\Pipeline\\{closure}(Object(Illuminate\\Http\\Request))
#22 C:\\Users\\stefanopoulos\\Desktop\\e-forms\\vendor\\laravel\\framework\\src\\Illuminate\\Session\\Middleware\\StartSession.php(64): Illuminate\\Session\\Middleware\\StartSession->handleStatefulRequest(Object(Illuminate\\Http\\Request), Object(Illuminate\\Session\\Store), Object(Closure))
#23 C:\\Users\\stefanopoulos\\Desktop\\e-forms\\vendor\\laravel\\framework\\src\\Illuminate\\Pipeline\\Pipeline.php(180): Illuminate\\Session\\Middleware\\StartSession->handle(Object(Illuminate\\Http\\Request), Object(Closure))
#24 C:\\Users\\stefanopoulos\\Desktop\\e-forms\\vendor\\laravel\\framework\\src\\Illuminate\\Cookie\\Middleware\\AddQueuedCookiesToResponse.php(37): Illuminate\\Pipeline\\Pipeline->Illuminate\\Pipeline\\{closure}(Object(Illuminate\\Http\\Request))
#25 C:\\Users\\stefanopoulos\\Desktop\\e-forms\\vendor\\laravel\\framework\\src\\Illuminate\\Pipeline\\Pipeline.php(180): Illuminate\\Cookie\\Middleware\\AddQueuedCookiesToResponse->handle(Object(Illuminate\\Http\\Request), Object(Closure))
#26 C:\\Users\\stefanopoulos\\Desktop\\e-forms\\vendor\\laravel\\framework\\src\\Illuminate\\Cookie\\Middleware\\EncryptCookies.php(67): Illuminate\\Pipeline\\Pipeline->Illuminate\\Pipeline\\{closure}(Object(Illuminate\\Http\\Request))
#27 C:\\Users\\stefanopoulos\\Desktop\\e-forms\\vendor\\laravel\\framework\\src\\Illuminate\\Pipeline\\Pipeline.php(180): Illuminate\\Cookie\\Middleware\\EncryptCookies->handle(Object(Illuminate\\Http\\Request), Object(Closure))
#28 C:\\Users\\stefanopoulos\\Desktop\\e-forms\\vendor\\laravel\\framework\\src\\Illuminate\\Pipeline\\Pipeline.php(116): Illuminate\\Pipeline\\Pipeline->Illuminate\\Pipeline\\{closure}(Object(Illuminate\\Http\\Request))
#29 C:\\Users\\stefanopoulos\\Desktop\\e-forms\\vendor\\laravel\\framework\\src\\Illuminate\\Routing\\Router.php(797): Illuminate\\Pipeline\\Pipeline->then(Object(Closure))
#30 C:\\Users\\stefanopoulos\\Desktop\\e-forms\\vendor\\laravel\\framework\\src\\Illuminate\\Routing\\Router.php(776): Illuminate\\Routing\\Router->runRouteWithinStack(Object(Illuminate\\Routing\\Route), Object(Illuminate\\Http\\Request))
#31 C:\\Users\\stefanopoulos\\Desktop\\e-forms\\vendor\\laravel\\framework\\src\\Illuminate\\Routing\\Router.php(740): Illuminate\\Routing\\Router->runRoute(Object(Illuminate\\Http\\Request), Object(Illuminate\\Routing\\Route))
#32 C:\\Users\\stefanopoulos\\Desktop\\e-forms\\vendor\\laravel\\framework\\src\\Illuminate\\Routing\\Router.php(729): Illuminate\\Routing\\Router->dispatchToRoute(Object(Illuminate\\Http\\Request))
#33 C:\\Users\\stefanopoulos\\Desktop\\e-forms\\vendor\\laravel\\framework\\src\\Illuminate\\Foundation\\Http\\Kernel.php(200): Illuminate\\Routing\\Router->dispatch(Object(Illuminate\\Http\\Request))
#34 C:\\Users\\stefanopoulos\\Desktop\\e-forms\\vendor\\laravel\\framework\\src\\Illuminate\\Pipeline\\Pipeline.php(141): Illuminate\\Foundation\\Http\\Kernel->Illuminate\\Foundation\\Http\\{closure}(Object(Illuminate\\Http\\Request))
#35 C:\\Users\\stefanopoulos\\Desktop\\e-forms\\vendor\\laravel\\framework\\src\\Illuminate\\Foundation\\Http\\Middleware\\TransformsRequest.php(21): Illuminate\\Pipeline\\Pipeline->Illuminate\\Pipeline\\{closure}(Object(Illuminate\\Http\\Request))
#36 C:\\Users\\stefanopoulos\\Desktop\\e-forms\\vendor\\laravel\\framework\\src\\Illuminate\\Foundation\\Http\\Middleware\\ConvertEmptyStringsToNull.php(31): Illuminate\\Foundation\\Http\\Middleware\\TransformsRequest->handle(Object(Illuminate\\Http\\Request), Object(Closure))
#37 C:\\Users\\stefanopoulos\\Desktop\\e-forms\\vendor\\laravel\\framework\\src\\Illuminate\\Pipeline\\Pipeline.php(180): Illuminate\\Foundation\\Http\\Middleware\\ConvertEmptyStringsToNull->handle(Object(Illuminate\\Http\\Request), Object(Closure))
#38 C:\\Users\\stefanopoulos\\Desktop\\e-forms\\vendor\\laravel\\framework\\src\\Illuminate\\Foundation\\Http\\Middleware\\TransformsRequest.php(21): Illuminate\\Pipeline\\Pipeline->Illuminate\\Pipeline\\{closure}(Object(Illuminate\\Http\\Request))
#39 C:\\Users\\stefanopoulos\\Desktop\\e-forms\\vendor\\laravel\\framework\\src\\Illuminate\\Foundation\\Http\\Middleware\\TrimStrings.php(40): Illuminate\\Foundation\\Http\\Middleware\\TransformsRequest->handle(Object(Illuminate\\Http\\Request), Object(Closure))
#40 C:\\Users\\stefanopoulos\\Desktop\\e-forms\\vendor\\laravel\\framework\\src\\Illuminate\\Pipeline\\Pipeline.php(180): Illuminate\\Foundation\\Http\\Middleware\\TrimStrings->handle(Object(Illuminate\\Http\\Request), Object(Closure))
#41 C:\\Users\\stefanopoulos\\Desktop\\e-forms\\vendor\\laravel\\framework\\src\\Illuminate\\Foundation\\Http\\Middleware\\ValidatePostSize.php(27): Illuminate\\Pipeline\\Pipeline->Illuminate\\Pipeline\\{closure}(Object(Illuminate\\Http\\Request))
#42 C:\\Users\\stefanopoulos\\Desktop\\e-forms\\vendor\\laravel\\framework\\src\\Illuminate\\Pipeline\\Pipeline.php(180): Illuminate\\Foundation\\Http\\Middleware\\ValidatePostSize->handle(Object(Illuminate\\Http\\Request), Object(Closure))
#43 C:\\Users\\stefanopoulos\\Desktop\\e-forms\\vendor\\laravel\\framework\\src\\Illuminate\\Foundation\\Http\\Middleware\\PreventRequestsDuringMaintenance.php(86): Illuminate\\Pipeline\\Pipeline->Illuminate\\Pipeline\\{closure}(Object(Illuminate\\Http\\Request))
#44 C:\\Users\\stefanopoulos\\Desktop\\e-forms\\vendor\\laravel\\framework\\src\\Illuminate\\Pipeline\\Pipeline.php(180): Illuminate\\Foundation\\Http\\Middleware\\PreventRequestsDuringMaintenance->handle(Object(Illuminate\\Http\\Request), Object(Closure))
#45 C:\\Users\\stefanopoulos\\Desktop\\e-forms\\vendor\\laravel\\framework\\src\\Illuminate\\Http\\Middleware\\HandleCors.php(49): Illuminate\\Pipeline\\Pipeline->Illuminate\\Pipeline\\{closure}(Object(Illuminate\\Http\\Request))
#46 C:\\Users\\stefanopoulos\\Desktop\\e-forms\\vendor\\laravel\\framework\\src\\Illuminate\\Pipeline\\Pipeline.php(180): Illuminate\\Http\\Middleware\\HandleCors->handle(Object(Illuminate\\Http\\Request), Object(Closure))
#47 C:\\Users\\stefanopoulos\\Desktop\\e-forms\\vendor\\laravel\\framework\\src\\Illuminate\\Http\\Middleware\\TrustProxies.php(39): Illuminate\\Pipeline\\Pipeline->Illuminate\\Pipeline\\{closure}(Object(Illuminate\\Http\\Request))
#48 C:\\Users\\stefanopoulos\\Desktop\\e-forms\\vendor\\laravel\\framework\\src\\Illuminate\\Pipeline\\Pipeline.php(180): Illuminate\\Http\\Middleware\\TrustProxies->handle(Object(Illuminate\\Http\\Request), Object(Closure))
#49 C:\\Users\\stefanopoulos\\Desktop\\e-forms\\vendor\\laravel\\framework\\src\\Illuminate\\Pipeline\\Pipeline.php(116): Illuminate\\Pipeline\\Pipeline->Illuminate\\Pipeline\\{closure}(Object(Illuminate\\Http\\Request))
#50 C:\\Users\\stefanopoulos\\Desktop\\e-forms\\vendor\\laravel\\framework\\src\\Illuminate\\Foundation\\Http\\Kernel.php(175): Illuminate\\Pipeline\\Pipeline->then(Object(Closure))
#51 C:\\Users\\stefanopoulos\\Desktop\\e-forms\\vendor\\laravel\\framework\\src\\Illuminate\\Foundation\\Http\\Kernel.php(144): Illuminate\\Foundation\\Http\\Kernel->sendRequestThroughRouter(Object(Illuminate\\Http\\Request))
#52 C:\\Users\\stefanopoulos\\Desktop\\e-forms\\public\\index.php(51): Illuminate\\Foundation\\Http\\Kernel->handle(Object(Illuminate\\Http\\Request))
#53 C:\\Users\\stefanopoulos\\Desktop\\e-forms\\vendor\\laravel\\framework\\src\\Illuminate\\Foundation\\resources\\server.php(16): require_once('C:\\\\Users\\\\stefan...')
#54 {main}
"} 
[2025-04-16 12:14:24] local.ERROR: Attempt to read property "id" on null {"view":{"view":"C:\\Users\\stefanopoulos\\Desktop\\e-forms\\resources\\views\\microapps\\actions\\index_school.blade.php","data":{"errors":"<pre class=sf-dump id=sf-dump-1712119752 data-indent-pad=\"  \"><span class=sf-dump-note>Illuminate\\Support\\ViewErrorBag</span> {<a class=sf-dump-ref>#1732</a><samp data-depth=1 class=sf-dump-expanded>
  #<span class=sf-dump-protected title=\"Protected property\">bags</span>: []
</samp>}
</pre><script>Sfdump(\"sf-dump-1712119752\", {\"maxDepth\":3,\"maxStringLength\":160})</script>
","request":"<pre class=sf-dump id=sf-dump-1035081197 data-indent-pad=\"  \"><span class=sf-dump-note>Illuminate\\Http\\Request</span> {<a class=sf-dump-ref>#44</a><samp data-depth=1 class=sf-dump-expanded>
  +<span class=sf-dump-public title=\"Public property\">attributes</span>: <span class=sf-dump-note title=\"Symfony\\Component\\HttpFoundation\\ParameterBag
\"><span class=\"sf-dump-ellipsis sf-dump-ellipsis-note\">Symfony\\Component\\HttpFoundation</span><span class=\"sf-dump-ellipsis sf-dump-ellipsis-note\">\\</span>ParameterBag</span> {<a class=sf-dump-ref>#46</a><samp data-depth=2 class=sf-dump-compact>
    #<span class=sf-dump-protected title=\"Protected property\">parameters</span>: []
  </samp>}
  +<span class=sf-dump-public title=\"Public property\">request</span>: <span class=sf-dump-note title=\"Symfony\\Component\\HttpFoundation\\InputBag
\"><span class=\"sf-dump-ellipsis sf-dump-ellipsis-note\">Symfony\\Component\\HttpFoundation</span><span class=\"sf-dump-ellipsis sf-dump-ellipsis-note\">\\</span>InputBag</span> {<a class=sf-dump-ref>#45</a><samp data-depth=2 class=sf-dump-compact>
    #<span class=sf-dump-protected title=\"Protected property\">parameters</span>: []
  </samp>}
  +<span class=sf-dump-public title=\"Public property\">query</span>: <span class=sf-dump-note title=\"Symfony\\Component\\HttpFoundation\\InputBag
\"><span class=\"sf-dump-ellipsis sf-dump-ellipsis-note\">Symfony\\Component\\HttpFoundation</span><span class=\"sf-dump-ellipsis sf-dump-ellipsis-note\">\\</span>InputBag</span> {<a class=sf-dump-ref>#52</a><samp data-depth=2 class=sf-dump-compact>
    #<span class=sf-dump-protected title=\"Protected property\">parameters</span>: []
  </samp>}
  +<span class=sf-dump-public title=\"Public property\">server</span>: <span class=sf-dump-note title=\"Symfony\\Component\\HttpFoundation\\ServerBag
\"><span class=\"sf-dump-ellipsis sf-dump-ellipsis-note\">Symfony\\Component\\HttpFoundation</span><span class=\"sf-dump-ellipsis sf-dump-ellipsis-note\">\\</span>ServerBag</span> {<a class=sf-dump-ref>#48</a><samp data-depth=2 class=sf-dump-compact>
    #<span class=sf-dump-protected title=\"Protected property\">parameters</span>: <span class=sf-dump-note>array:31</span> [<samp data-depth=3 class=sf-dump-compact>
      \"<span class=sf-dump-key>DOCUMENT_ROOT</span>\" => \"<span class=sf-dump-str title=\"45 characters\">C:\\Users\\stefanopoulos\\Desktop\\e-forms\\public</span>\"
      \"<span class=sf-dump-key>REMOTE_ADDR</span>\" => \"<span class=sf-dump-str title=\"9 characters\">127.0.0.1</span>\"
      \"<span class=sf-dump-key>REMOTE_PORT</span>\" => \"<span class=sf-dump-str title=\"5 characters\">55845</span>\"
      \"<span class=sf-dump-key>SERVER_SOFTWARE</span>\" => \"<span class=sf-dump-str title=\"28 characters\">PHP 8.2.3 Development Server</span>\"
      \"<span class=sf-dump-key>SERVER_PROTOCOL</span>\" => \"<span class=sf-dump-str title=\"8 characters\">HTTP/1.1</span>\"
      \"<span class=sf-dump-key>SERVER_NAME</span>\" => \"<span class=sf-dump-str title=\"9 characters\">127.0.0.1</span>\"
      \"<span class=sf-dump-key>SERVER_PORT</span>\" => \"<span class=sf-dump-str title=\"4 characters\">8000</span>\"
      \"<span class=sf-dump-key>REQUEST_URI</span>\" => \"<span class=sf-dump-str title=\"31 characters\">/actions/consultants_supervisor</span>\"
      \"<span class=sf-dump-key>REQUEST_METHOD</span>\" => \"<span class=sf-dump-str title=\"3 characters\">GET</span>\"
      \"<span class=sf-dump-key>SCRIPT_NAME</span>\" => \"<span class=sf-dump-str title=\"10 characters\">/index.php</span>\"
      \"<span class=sf-dump-key>SCRIPT_FILENAME</span>\" => \"<span class=sf-dump-str title=\"55 characters\">C:\\Users\\stefanopoulos\\Desktop\\e-forms\\public\\index.php</span>\"
      \"<span class=sf-dump-key>PATH_INFO</span>\" => \"<span class=sf-dump-str title=\"31 characters\">/actions/consultants_supervisor</span>\"
      \"<span class=sf-dump-key>PHP_SELF</span>\" => \"<span class=sf-dump-str title=\"41 characters\">/index.php/actions/consultants_supervisor</span>\"
      \"<span class=sf-dump-key>HTTP_HOST</span>\" => \"<span class=sf-dump-str title=\"14 characters\">localhost:8000</span>\"
      \"<span class=sf-dump-key>HTTP_USER_AGENT</span>\" => \"<span class=sf-dump-str title=\"80 characters\">Mozilla/5.0 (Windows NT 10.0; Win64; x64; rv:137.0) Gecko/20100101 Firefox/137.0</span>\"
      \"<span class=sf-dump-key>HTTP_ACCEPT</span>\" => \"<span class=sf-dump-str title=\"63 characters\">text/html,application/xhtml+xml,application/xml;q=0.9,*/*;q=0.8</span>\"
      \"<span class=sf-dump-key>HTTP_ACCEPT_LANGUAGE</span>\" => \"<span class=sf-dump-str title=\"14 characters\">en-US,en;q=0.5</span>\"
      \"<span class=sf-dump-key>HTTP_ACCEPT_ENCODING</span>\" => \"<span class=sf-dump-str title=\"23 characters\">gzip, deflate, br, zstd</span>\"
      \"<span class=sf-dump-key>HTTP_DNT</span>\" => \"<span class=sf-dump-str>1</span>\"
      \"<span class=sf-dump-key>HTTP_SEC_GPC</span>\" => \"<span class=sf-dump-str>1</span>\"
      \"<span class=sf-dump-key>HTTP_CONNECTION</span>\" => \"<span class=sf-dump-str title=\"10 characters\">keep-alive</span>\"
      \"<span class=sf-dump-key>HTTP_REFERER</span>\" => \"<span class=sf-dump-str title=\"38 characters\">http://localhost:8000/index_consultant</span>\"
      \"<span class=sf-dump-key>HTTP_COOKIE</span>\" => \"<span class=sf-dump-str title=\"747 characters\">XSRF-TOKEN=eyJpdiI6ImM1N2hxaFVVWXhXNTBCOXZqbVpQYmc9PSIsInZhbHVlIjoiV2NyNFp3K1IvNFVsTC9nbm5kTmF4am1CdUhsL3VqQWkvQUVYcy9aWFpaMS84Q0RTV2REQm4vbUpObmhZajE1dnlQRXQrT2t4VGNJbGxnMDV6YmpNa0REeU5PZUNHc0RpMWF0eko4RnMva1VRZGdCWVQ5NEN2ZVgxdVcycUgzRk0iLCJtYWMiOiJhZGVlZmIxNWRhMWZlODExYjBiODk4OTMzYTk4NDM3ZTQ3NDJlZTg4MGIzNmIxYjkyYTE2ZmFlNDBjZGJlZjczIiwidGFnIjoiIn0%3D; dieuthinsi_pe_akhaias_hlektronikes_formes_session=eyJpdiI6IndPclJSaTRCWURaUzRpZ3MyQ2U1SFE9PSIsInZhbHVlIjoiSWJjd0xqVFF6bXFYR3dtZ0FGUkFWOEsvdWZiK1VxQnhKbldTc1Nxa29peTYvV01HMEl3Y3lnbnJVYU5mSkEzSVA4UkRacmxsMDhXczNjUzBJMytGNXpXNFh1SWYwMFYzK1kvc2J2RHp5SnFXRlZ0LzRVdFkreGhzbndPN1huTmIiLCJtYWMiOiJmYjZjMzdiZmJhMzNiMjVlMWUxYjMyYWY4YTVjYzYxZmMyNmY2NjA4ZjcyNTE4ZTRhODkwOTNhNTQzYmMzNTY2IiwidGFnIjoiIn0%3D</span>\"
      \"<span class=sf-dump-key>HTTP_UPGRADE_INSECURE_REQUESTS</span>\" => \"<span class=sf-dump-str>1</span>\"
      \"<span class=sf-dump-key>HTTP_SEC_FETCH_DEST</span>\" => \"<span class=sf-dump-str title=\"8 characters\">document</span>\"
      \"<span class=sf-dump-key>HTTP_SEC_FETCH_MODE</span>\" => \"<span class=sf-dump-str title=\"8 characters\">navigate</span>\"
      \"<span class=sf-dump-key>HTTP_SEC_FETCH_SITE</span>\" => \"<span class=sf-dump-str title=\"11 characters\">same-origin</span>\"
      \"<span class=sf-dump-key>HTTP_SEC_FETCH_USER</span>\" => \"<span class=sf-dump-str title=\"2 characters\">?1</span>\"
      \"<span class=sf-dump-key>HTTP_PRIORITY</span>\" => \"<span class=sf-dump-str title=\"6 characters\">u=0, i</span>\"
      \"<span class=sf-dump-key>REQUEST_TIME_FLOAT</span>\" => <span class=sf-dump-num>1744794864.6023</span>
      \"<span class=sf-dump-key>REQUEST_TIME</span>\" => <span class=sf-dump-num>1744794864</span>
    </samp>]
  </samp>}
  +<span class=sf-dump-public title=\"Public property\">files</span>: <span class=sf-dump-note title=\"Symfony\\Component\\HttpFoundation\\FileBag
\"><span class=\"sf-dump-ellipsis sf-dump-ellipsis-note\">Symfony\\Component\\HttpFoundation</span><span class=\"sf-dump-ellipsis sf-dump-ellipsis-note\">\\</span>FileBag</span> {<a class=sf-dump-ref>#49</a><samp data-depth=2 class=sf-dump-compact>
    #<span class=sf-dump-protected title=\"Protected property\">parameters</span>: []
  </samp>}
  +<span class=sf-dump-public title=\"Public property\">cookies</span>: <span class=sf-dump-note title=\"Symfony\\Component\\HttpFoundation\\InputBag
\"><span class=\"sf-dump-ellipsis sf-dump-ellipsis-note\">Symfony\\Component\\HttpFoundation</span><span class=\"sf-dump-ellipsis sf-dump-ellipsis-note\">\\</span>InputBag</span> {<a class=sf-dump-ref>#47</a><samp data-depth=2 class=sf-dump-compact>
    #<span class=sf-dump-protected title=\"Protected property\">parameters</span>: <span class=sf-dump-note>array:2</span> [<samp data-depth=3 class=sf-dump-compact>
      \"<span class=sf-dump-key>XSRF-TOKEN</span>\" => \"<span class=sf-dump-str title=\"40 characters\">w7YF2vMfMfKzH03DJWOvxCtzcI3IgsLoCI6eekGY</span>\"
      \"<span class=sf-dump-key>dieuthinsi_pe_akhaias_hlektronikes_formes_session</span>\" => \"<span class=sf-dump-str title=\"40 characters\">aBWZs3xkCIRmRTFtKcKklUGqSS4C1XMFqLfuC6Rk</span>\"
    </samp>]
  </samp>}
  +<span class=sf-dump-public title=\"Public property\">headers</span>: <span class=sf-dump-note title=\"Symfony\\Component\\HttpFoundation\\HeaderBag
\"><span class=\"sf-dump-ellipsis sf-dump-ellipsis-note\">Symfony\\Component\\HttpFoundation</span><span class=\"sf-dump-ellipsis sf-dump-ellipsis-note\">\\</span>HeaderBag</span> {<a class=sf-dump-ref>#50</a><samp data-depth=2 class=sf-dump-compact>
    #<span class=sf-dump-protected title=\"Protected property\">headers</span>: <span class=sf-dump-note>array:16</span> [<samp data-depth=3 class=sf-dump-compact>
      \"<span class=sf-dump-key>host</span>\" => <span class=sf-dump-note>array:1</span> [ &#8230;1]
      \"<span class=sf-dump-key>user-agent</span>\" => <span class=sf-dump-note>array:1</span> [ &#8230;1]
      \"<span class=sf-dump-key>accept</span>\" => <span class=sf-dump-note>array:1</span> [ &#8230;1]
      \"<span class=sf-dump-key>accept-language</span>\" => <span class=sf-dump-note>array:1</span> [ &#8230;1]
      \"<span class=sf-dump-key>accept-encoding</span>\" => <span class=sf-dump-note>array:1</span> [ &#8230;1]
      \"<span class=sf-dump-key>dnt</span>\" => <span class=sf-dump-note>array:1</span> [ &#8230;1]
      \"<span class=sf-dump-key>sec-gpc</span>\" => <span class=sf-dump-note>array:1</span> [ &#8230;1]
      \"<span class=sf-dump-key>connection</span>\" => <span class=sf-dump-note>array:1</span> [ &#8230;1]
      \"<span class=sf-dump-key>referer</span>\" => <span class=sf-dump-note>array:1</span> [ &#8230;1]
      \"<span class=sf-dump-key>cookie</span>\" => <span class=sf-dump-note>array:1</span> [ &#8230;1]
      \"<span class=sf-dump-key>upgrade-insecure-requests</span>\" => <span class=sf-dump-note>array:1</span> [ &#8230;1]
      \"<span class=sf-dump-key>sec-fetch-dest</span>\" => <span class=sf-dump-note>array:1</span> [ &#8230;1]
      \"<span class=sf-dump-key>sec-fetch-mode</span>\" => <span class=sf-dump-note>array:1</span> [ &#8230;1]
      \"<span class=sf-dump-key>sec-fetch-site</span>\" => <span class=sf-dump-note>array:1</span> [ &#8230;1]
      \"<span class=sf-dump-key>sec-fetch-user</span>\" => <span class=sf-dump-note>array:1</span> [ &#8230;1]
      \"<span class=sf-dump-key>priority</span>\" => <span class=sf-dump-note>array:1</span> [ &#8230;1]
    </samp>]
    #<span class=sf-dump-protected title=\"Protected property\">cacheControl</span>: []
  </samp>}
  #<span class=sf-dump-protected title=\"Protected property\">content</span>: <span class=sf-dump-const>null</span>
  #<span class=sf-dump-protected title=\"Protected property\">languages</span>: <span class=sf-dump-const>null</span>
  #<span class=sf-dump-protected title=\"Protected property\">charsets</span>: <span class=sf-dump-const>null</span>
  #<span class=sf-dump-protected title=\"Protected property\">encodings</span>: <span class=sf-dump-const>null</span>
  #<span class=sf-dump-protected title=\"Protected property\">acceptableContentTypes</span>: <span class=sf-dump-const>null</span>
  #<span class=sf-dump-protected title=\"Protected property\">pathInfo</span>: \"<span class=sf-dump-str title=\"31 characters\">/actions/consultants_supervisor</span>\"
  #<span class=sf-dump-protected title=\"Protected property\">requestUri</span>: \"<span class=sf-dump-str title=\"31 characters\">/actions/consultants_supervisor</span>\"
  #<span class=sf-dump-protected title=\"Protected property\">baseUrl</span>: \"\"
  #<span class=sf-dump-protected title=\"Protected property\">basePath</span>: <span class=sf-dump-const>null</span>
  #<span class=sf-dump-protected title=\"Protected property\">method</span>: \"<span class=sf-dump-str title=\"3 characters\">GET</span>\"
  #<span class=sf-dump-protected title=\"Protected property\">format</span>: <span class=sf-dump-const>null</span>
  #<span class=sf-dump-protected title=\"Protected property\">session</span>: <span class=sf-dump-note title=\"Illuminate\\Session\\Store
\"><span class=\"sf-dump-ellipsis sf-dump-ellipsis-note\">Illuminate\\Session</span><span class=\"sf-dump-ellipsis sf-dump-ellipsis-note\">\\</span>Store</span> {<a class=sf-dump-ref>#1728</a><samp data-depth=2 class=sf-dump-compact>
    #<span class=sf-dump-protected title=\"Protected property\">id</span>: \"<span class=sf-dump-str title=\"40 characters\">aBWZs3xkCIRmRTFtKcKklUGqSS4C1XMFqLfuC6Rk</span>\"
    #<span class=sf-dump-protected title=\"Protected property\">name</span>: \"<span class=sf-dump-str title=\"49 characters\">dieuthinsi_pe_akhaias_hlektronikes_formes_session</span>\"
    #<span class=sf-dump-protected title=\"Protected property\">attributes</span>: <span class=sf-dump-note>array:4</span> [<samp data-depth=3 class=sf-dump-compact>
      \"<span class=sf-dump-key>_token</span>\" => \"<span class=sf-dump-str title=\"40 characters\">w7YF2vMfMfKzH03DJWOvxCtzcI3IgsLoCI6eekGY</span>\"
      \"<span class=sf-dump-key>login_consultant_59ba36addc2b2f9401580f014c7f58ea4e30989d</span>\" => <span class=sf-dump-num>6</span>
      \"<span class=sf-dump-key>_flash</span>\" => <span class=sf-dump-note>array:2</span> [ &#8230;2]
      \"<span class=sf-dump-key>_previous</span>\" => <span class=sf-dump-note>array:1</span> [ &#8230;1]
    </samp>]
    #<span class=sf-dump-protected title=\"Protected property\">handler</span>: <span class=sf-dump-note title=\"Illuminate\\Session\\FileSessionHandler
\"><span class=\"sf-dump-ellipsis sf-dump-ellipsis-note\">Illuminate\\Session</span><span class=\"sf-dump-ellipsis sf-dump-ellipsis-note\">\\</span>FileSessionHandler</span> {<a class=sf-dump-ref>#1727</a><samp data-depth=3 class=sf-dump-compact>
      #<span class=sf-dump-protected title=\"Protected property\">files</span>: <span class=sf-dump-note title=\"Illuminate\\Filesystem\\Filesystem
\"><span class=\"sf-dump-ellipsis sf-dump-ellipsis-note\">Illuminate\\Filesystem</span><span class=\"sf-dump-ellipsis sf-dump-ellipsis-note\">\\</span>Filesystem</span> {<a class=sf-dump-ref>#169</a>}
      #<span class=sf-dump-protected title=\"Protected property\">path</span>: \"<span class=sf-dump-str title=\"65 characters\">C:\\Users\\stefanopoulos\\Desktop\\e-forms\\storage\\framework/sessions</span>\"
      #<span class=sf-dump-protected title=\"Protected property\">minutes</span>: \"<span class=sf-dump-str title=\"3 characters\">120</span>\"
    </samp>}
    #<span class=sf-dump-protected title=\"Protected property\">serialization</span>: \"<span class=sf-dump-str title=\"3 characters\">php</span>\"
    #<span class=sf-dump-protected title=\"Protected property\">started</span>: <span class=sf-dump-const>true</span>
  </samp>}
  #<span class=sf-dump-protected title=\"Protected property\">locale</span>: <span class=sf-dump-const>null</span>
  #<span class=sf-dump-protected title=\"Protected property\">defaultLocale</span>: \"<span class=sf-dump-str title=\"2 characters\">en</span>\"
  -<span class=sf-dump-private title=\"Private property defined in class:&#10;`Symfony\\Component\\HttpFoundation\\Request`\">preferredFormat</span>: <span class=sf-dump-const>null</span>
  -<span class=sf-dump-private title=\"Private property defined in class:&#10;`Symfony\\Component\\HttpFoundation\\Request`\">isHostValid</span>: <span class=sf-dump-const>true</span>
  -<span class=sf-dump-private title=\"Private property defined in class:&#10;`Symfony\\Component\\HttpFoundation\\Request`\">isForwardedValid</span>: <span class=sf-dump-const>true</span>
  #<span class=sf-dump-protected title=\"Protected property\">json</span>: <span class=sf-dump-const>null</span>
  #<span class=sf-dump-protected title=\"Protected property\">convertedFiles</span>: []
  #<span class=sf-dump-protected title=\"Protected property\">userResolver</span>: <span class=sf-dump-note>Closure($guard = null)</span> {<a class=sf-dump-ref>#1582</a><samp data-depth=2 class=sf-dump-compact>
    <span class=sf-dump-meta>class</span>: \"<span class=sf-dump-str title=\"Illuminate\\Auth\\AuthServiceProvider
35 characters\"><span class=\"sf-dump-ellipsis sf-dump-ellipsis-class\">Illuminate\\Auth</span><span class=\"sf-dump-ellipsis sf-dump-ellipsis-class\">\\</span>AuthServiceProvider</span>\"
    <span class=sf-dump-meta>this</span>: <span class=sf-dump-note title=\"Illuminate\\Auth\\AuthServiceProvider
\"><span class=\"sf-dump-ellipsis sf-dump-ellipsis-note\">Illuminate\\Auth</span><span class=\"sf-dump-ellipsis sf-dump-ellipsis-note\">\\</span>AuthServiceProvider</span> {<a class=sf-dump-ref>#165</a> &#8230;}
    <span class=sf-dump-meta>use</span>: {<samp data-depth=3 class=sf-dump-compact>
      <span class=sf-dump-meta>$app</span>: <span class=sf-dump-note title=\"Illuminate\\Foundation\\Application
\"><span class=\"sf-dump-ellipsis sf-dump-ellipsis-note\">Illuminate\\Foundation</span><span class=\"sf-dump-ellipsis sf-dump-ellipsis-note\">\\</span>Application</span> {<a class=sf-dump-ref>#2</a> &#8230;}
    </samp>}
    <span class=sf-dump-meta>file</span>: \"<span class=sf-dump-str title=\"C:\\Users\\stefanopoulos\\Desktop\\e-forms\\vendor\\laravel\\framework\\src\\Illuminate\\Auth\\AuthServiceProvider.php
107 characters\"><span class=\"sf-dump-ellipsis sf-dump-ellipsis-path\">C:\\Users\\stefanopoulos\\Desktop\\e-forms\\vendor</span><span class=\"sf-dump-ellipsis sf-dump-ellipsis-path\">\\laravel\\framework\\</span>src\\Illuminate\\Auth\\AuthServiceProvider.php</span>\"
    <span class=sf-dump-meta>line</span>: \"<span class=sf-dump-str title=\"8 characters\">88 to 90</span>\"
  </samp>}
  #<span class=sf-dump-protected title=\"Protected property\">routeResolver</span>: <span class=sf-dump-note>Closure()</span> {<a class=sf-dump-ref>#1591</a><samp data-depth=2 class=sf-dump-compact>
    <span class=sf-dump-meta>class</span>: \"<span class=sf-dump-str title=\"Illuminate\\Routing\\Router
25 characters\"><span class=\"sf-dump-ellipsis sf-dump-ellipsis-class\">Illuminate\\Routing</span><span class=\"sf-dump-ellipsis sf-dump-ellipsis-class\">\\</span>Router</span>\"
    <span class=sf-dump-meta>this</span>: <span class=sf-dump-note title=\"Illuminate\\Routing\\Router
\"><span class=\"sf-dump-ellipsis sf-dump-ellipsis-note\">Illuminate\\Routing</span><span class=\"sf-dump-ellipsis sf-dump-ellipsis-note\">\\</span>Router</span> {<a class=sf-dump-ref>#27</a> &#8230;}
    <span class=sf-dump-meta>use</span>: {<samp data-depth=3 class=sf-dump-compact>
      <span class=sf-dump-meta>$route</span>: <span class=sf-dump-note title=\"Illuminate\\Routing\\Route
\"><span class=\"sf-dump-ellipsis sf-dump-ellipsis-note\">Illuminate\\Routing</span><span class=\"sf-dump-ellipsis sf-dump-ellipsis-note\">\\</span>Route</span> {<a class=sf-dump-ref>#1427</a> &#8230;}
    </samp>}
    <span class=sf-dump-meta>file</span>: \"<span class=sf-dump-str title=\"C:\\Users\\stefanopoulos\\Desktop\\e-forms\\vendor\\laravel\\framework\\src\\Illuminate\\Routing\\Router.php
97 characters\"><span class=\"sf-dump-ellipsis sf-dump-ellipsis-path\">C:\\Users\\stefanopoulos\\Desktop\\e-forms\\vendor</span><span class=\"sf-dump-ellipsis sf-dump-ellipsis-path\">\\laravel\\framework\\</span>src\\Illuminate\\Routing\\Router.php</span>\"
    <span class=sf-dump-meta>line</span>: \"<span class=sf-dump-str title=\"10 characters\">771 to 771</span>\"
  </samp>}
  <span class=sf-dump-meta>basePath</span>: \"\"
  <span class=sf-dump-meta>format</span>: \"<span class=sf-dump-str title=\"4 characters\">html</span>\"
</samp>}
</pre><script>Sfdump(\"sf-dump-1035081197\", {\"maxDepth\":3,\"maxStringLength\":160})</script>
"}},"exception":"[object] (Spatie\\LaravelIgnition\\Exceptions\\ViewException(code: 0): Attempt to read property \"id\" on null at C:\\Users\\stefanopoulos\\Desktop\\e-forms\\resources\\views\\microapps\\actions\\index_school.blade.php:138)
[stacktrace]
#0 C:\\Users\\stefanopoulos\\Desktop\\e-forms\\vendor\\laravel\\framework\\src\\Illuminate\\Foundation\\Bootstrap\\HandleExceptions.php(254): Illuminate\\Foundation\\Bootstrap\\HandleExceptions->handleError(2, 'Attempt to read...', 'C:\\\\Users\\\\stefan...', 148)
#1 C:\\Users\\stefanopoulos\\Desktop\\e-forms\\resources\\views\\microapps\\actions\\index_school.blade.php(138): Illuminate\\Foundation\\Bootstrap\\HandleExceptions->Illuminate\\Foundation\\Bootstrap\\{closure}(2, 'Attempt to read...', 'C:\\\\Users\\\\stefan...', 148)
#2 C:\\Users\\stefanopoulos\\Desktop\\e-forms\\vendor\\laravel\\framework\\src\\Illuminate\\Filesystem\\Filesystem.php(124): require('C:\\\\Users\\\\stefan...')
#3 C:\\Users\\stefanopoulos\\Desktop\\e-forms\\vendor\\laravel\\framework\\src\\Illuminate\\Filesystem\\Filesystem.php(125): Illuminate\\Filesystem\\Filesystem::Illuminate\\Filesystem\\{closure}()
#4 C:\\Users\\stefanopoulos\\Desktop\\e-forms\\vendor\\laravel\\framework\\src\\Illuminate\\View\\Engines\\PhpEngine.php(58): Illuminate\\Filesystem\\Filesystem->getRequire('C:\\\\Users\\\\stefan...', Array)
#5 C:\\Users\\stefanopoulos\\Desktop\\e-forms\\vendor\\laravel\\framework\\src\\Illuminate\\View\\Engines\\CompilerEngine.php(70): Illuminate\\View\\Engines\\PhpEngine->evaluatePath('C:\\\\Users\\\\stefan...', Array)
#6 C:\\Users\\stefanopoulos\\Desktop\\e-forms\\vendor\\laravel\\framework\\src\\Illuminate\\View\\View.php(195): Illuminate\\View\\Engines\\CompilerEngine->get('C:\\\\Users\\\\stefan...', Array)
#7 C:\\Users\\stefanopoulos\\Desktop\\e-forms\\vendor\\laravel\\framework\\src\\Illuminate\\View\\View.php(178): Illuminate\\View\\View->getContents()
#8 C:\\Users\\stefanopoulos\\Desktop\\e-forms\\vendor\\laravel\\framework\\src\\Illuminate\\View\\View.php(147): Illuminate\\View\\View->renderContents()
#9 C:\\Users\\stefanopoulos\\Desktop\\e-forms\\vendor\\laravel\\framework\\src\\Illuminate\\Http\\Response.php(69): Illuminate\\View\\View->render()
#10 C:\\Users\\stefanopoulos\\Desktop\\e-forms\\vendor\\laravel\\framework\\src\\Illuminate\\Http\\Response.php(35): Illuminate\\Http\\Response->setContent(Object(Illuminate\\View\\View))
#11 C:\\Users\\stefanopoulos\\Desktop\\e-forms\\vendor\\laravel\\framework\\src\\Illuminate\\Routing\\Router.php(906): Illuminate\\Http\\Response->__construct(Object(Illuminate\\View\\View), 200, Array)
#12 C:\\Users\\stefanopoulos\\Desktop\\e-forms\\vendor\\laravel\\framework\\src\\Illuminate\\Routing\\Router.php(875): Illuminate\\Routing\\Router::toResponse(Object(Illuminate\\Http\\Request), Object(Illuminate\\View\\View))
#13 C:\\Users\\stefanopoulos\\Desktop\\e-forms\\vendor\\laravel\\framework\\src\\Illuminate\\Routing\\Router.php(797): Illuminate\\Routing\\Router->prepareResponse(Object(Illuminate\\Http\\Request), Object(Illuminate\\View\\View))
#14 C:\\Users\\stefanopoulos\\Desktop\\e-forms\\vendor\\laravel\\framework\\src\\Illuminate\\Pipeline\\Pipeline.php(141): Illuminate\\Routing\\Router->Illuminate\\Routing\\{closure}(Object(Illuminate\\Http\\Request))
#15 C:\\Users\\stefanopoulos\\Desktop\\e-forms\\vendor\\laravel\\framework\\src\\Illuminate\\Routing\\Middleware\\SubstituteBindings.php(50): Illuminate\\Pipeline\\Pipeline->Illuminate\\Pipeline\\{closure}(Object(Illuminate\\Http\\Request))
#16 C:\\Users\\stefanopoulos\\Desktop\\e-forms\\vendor\\laravel\\framework\\src\\Illuminate\\Pipeline\\Pipeline.php(180): Illuminate\\Routing\\Middleware\\SubstituteBindings->handle(Object(Illuminate\\Http\\Request), Object(Closure))
#17 C:\\Users\\stefanopoulos\\Desktop\\e-forms\\vendor\\laravel\\framework\\src\\Illuminate\\Foundation\\Http\\Middleware\\VerifyCsrfToken.php(78): Illuminate\\Pipeline\\Pipeline->Illuminate\\Pipeline\\{closure}(Object(Illuminate\\Http\\Request))
#18 C:\\Users\\stefanopoulos\\Desktop\\e-forms\\vendor\\laravel\\framework\\src\\Illuminate\\Pipeline\\Pipeline.php(180): Illuminate\\Foundation\\Http\\Middleware\\VerifyCsrfToken->handle(Object(Illuminate\\Http\\Request), Object(Closure))
#19 C:\\Users\\stefanopoulos\\Desktop\\e-forms\\vendor\\laravel\\framework\\src\\Illuminate\\View\\Middleware\\ShareErrorsFromSession.php(49): Illuminate\\Pipeline\\Pipeline->Illuminate\\Pipeline\\{closure}(Object(Illuminate\\Http\\Request))
#20 C:\\Users\\stefanopoulos\\Desktop\\e-forms\\vendor\\laravel\\framework\\src\\Illuminate\\Pipeline\\Pipeline.php(180): Illuminate\\View\\Middleware\\ShareErrorsFromSession->handle(Object(Illuminate\\Http\\Request), Object(Closure))
#21 C:\\Users\\stefanopoulos\\Desktop\\e-forms\\vendor\\laravel\\framework\\src\\Illuminate\\Session\\Middleware\\StartSession.php(121): Illuminate\\Pipeline\\Pipeline->Illuminate\\Pipeline\\{closure}(Object(Illuminate\\Http\\Request))
#22 C:\\Users\\stefanopoulos\\Desktop\\e-forms\\vendor\\laravel\\framework\\src\\Illuminate\\Session\\Middleware\\StartSession.php(64): Illuminate\\Session\\Middleware\\StartSession->handleStatefulRequest(Object(Illuminate\\Http\\Request), Object(Illuminate\\Session\\Store), Object(Closure))
#23 C:\\Users\\stefanopoulos\\Desktop\\e-forms\\vendor\\laravel\\framework\\src\\Illuminate\\Pipeline\\Pipeline.php(180): Illuminate\\Session\\Middleware\\StartSession->handle(Object(Illuminate\\Http\\Request), Object(Closure))
#24 C:\\Users\\stefanopoulos\\Desktop\\e-forms\\vendor\\laravel\\framework\\src\\Illuminate\\Cookie\\Middleware\\AddQueuedCookiesToResponse.php(37): Illuminate\\Pipeline\\Pipeline->Illuminate\\Pipeline\\{closure}(Object(Illuminate\\Http\\Request))
#25 C:\\Users\\stefanopoulos\\Desktop\\e-forms\\vendor\\laravel\\framework\\src\\Illuminate\\Pipeline\\Pipeline.php(180): Illuminate\\Cookie\\Middleware\\AddQueuedCookiesToResponse->handle(Object(Illuminate\\Http\\Request), Object(Closure))
#26 C:\\Users\\stefanopoulos\\Desktop\\e-forms\\vendor\\laravel\\framework\\src\\Illuminate\\Cookie\\Middleware\\EncryptCookies.php(67): Illuminate\\Pipeline\\Pipeline->Illuminate\\Pipeline\\{closure}(Object(Illuminate\\Http\\Request))
#27 C:\\Users\\stefanopoulos\\Desktop\\e-forms\\vendor\\laravel\\framework\\src\\Illuminate\\Pipeline\\Pipeline.php(180): Illuminate\\Cookie\\Middleware\\EncryptCookies->handle(Object(Illuminate\\Http\\Request), Object(Closure))
#28 C:\\Users\\stefanopoulos\\Desktop\\e-forms\\vendor\\laravel\\framework\\src\\Illuminate\\Pipeline\\Pipeline.php(116): Illuminate\\Pipeline\\Pipeline->Illuminate\\Pipeline\\{closure}(Object(Illuminate\\Http\\Request))
#29 C:\\Users\\stefanopoulos\\Desktop\\e-forms\\vendor\\laravel\\framework\\src\\Illuminate\\Routing\\Router.php(797): Illuminate\\Pipeline\\Pipeline->then(Object(Closure))
#30 C:\\Users\\stefanopoulos\\Desktop\\e-forms\\vendor\\laravel\\framework\\src\\Illuminate\\Routing\\Router.php(776): Illuminate\\Routing\\Router->runRouteWithinStack(Object(Illuminate\\Routing\\Route), Object(Illuminate\\Http\\Request))
#31 C:\\Users\\stefanopoulos\\Desktop\\e-forms\\vendor\\laravel\\framework\\src\\Illuminate\\Routing\\Router.php(740): Illuminate\\Routing\\Router->runRoute(Object(Illuminate\\Http\\Request), Object(Illuminate\\Routing\\Route))
#32 C:\\Users\\stefanopoulos\\Desktop\\e-forms\\vendor\\laravel\\framework\\src\\Illuminate\\Routing\\Router.php(729): Illuminate\\Routing\\Router->dispatchToRoute(Object(Illuminate\\Http\\Request))
#33 C:\\Users\\stefanopoulos\\Desktop\\e-forms\\vendor\\laravel\\framework\\src\\Illuminate\\Foundation\\Http\\Kernel.php(200): Illuminate\\Routing\\Router->dispatch(Object(Illuminate\\Http\\Request))
#34 C:\\Users\\stefanopoulos\\Desktop\\e-forms\\vendor\\laravel\\framework\\src\\Illuminate\\Pipeline\\Pipeline.php(141): Illuminate\\Foundation\\Http\\Kernel->Illuminate\\Foundation\\Http\\{closure}(Object(Illuminate\\Http\\Request))
#35 C:\\Users\\stefanopoulos\\Desktop\\e-forms\\vendor\\laravel\\framework\\src\\Illuminate\\Foundation\\Http\\Middleware\\TransformsRequest.php(21): Illuminate\\Pipeline\\Pipeline->Illuminate\\Pipeline\\{closure}(Object(Illuminate\\Http\\Request))
#36 C:\\Users\\stefanopoulos\\Desktop\\e-forms\\vendor\\laravel\\framework\\src\\Illuminate\\Foundation\\Http\\Middleware\\ConvertEmptyStringsToNull.php(31): Illuminate\\Foundation\\Http\\Middleware\\TransformsRequest->handle(Object(Illuminate\\Http\\Request), Object(Closure))
#37 C:\\Users\\stefanopoulos\\Desktop\\e-forms\\vendor\\laravel\\framework\\src\\Illuminate\\Pipeline\\Pipeline.php(180): Illuminate\\Foundation\\Http\\Middleware\\ConvertEmptyStringsToNull->handle(Object(Illuminate\\Http\\Request), Object(Closure))
#38 C:\\Users\\stefanopoulos\\Desktop\\e-forms\\vendor\\laravel\\framework\\src\\Illuminate\\Foundation\\Http\\Middleware\\TransformsRequest.php(21): Illuminate\\Pipeline\\Pipeline->Illuminate\\Pipeline\\{closure}(Object(Illuminate\\Http\\Request))
#39 C:\\Users\\stefanopoulos\\Desktop\\e-forms\\vendor\\laravel\\framework\\src\\Illuminate\\Foundation\\Http\\Middleware\\TrimStrings.php(40): Illuminate\\Foundation\\Http\\Middleware\\TransformsRequest->handle(Object(Illuminate\\Http\\Request), Object(Closure))
#40 C:\\Users\\stefanopoulos\\Desktop\\e-forms\\vendor\\laravel\\framework\\src\\Illuminate\\Pipeline\\Pipeline.php(180): Illuminate\\Foundation\\Http\\Middleware\\TrimStrings->handle(Object(Illuminate\\Http\\Request), Object(Closure))
#41 C:\\Users\\stefanopoulos\\Desktop\\e-forms\\vendor\\laravel\\framework\\src\\Illuminate\\Foundation\\Http\\Middleware\\ValidatePostSize.php(27): Illuminate\\Pipeline\\Pipeline->Illuminate\\Pipeline\\{closure}(Object(Illuminate\\Http\\Request))
#42 C:\\Users\\stefanopoulos\\Desktop\\e-forms\\vendor\\laravel\\framework\\src\\Illuminate\\Pipeline\\Pipeline.php(180): Illuminate\\Foundation\\Http\\Middleware\\ValidatePostSize->handle(Object(Illuminate\\Http\\Request), Object(Closure))
#43 C:\\Users\\stefanopoulos\\Desktop\\e-forms\\vendor\\laravel\\framework\\src\\Illuminate\\Foundation\\Http\\Middleware\\PreventRequestsDuringMaintenance.php(86): Illuminate\\Pipeline\\Pipeline->Illuminate\\Pipeline\\{closure}(Object(Illuminate\\Http\\Request))
#44 C:\\Users\\stefanopoulos\\Desktop\\e-forms\\vendor\\laravel\\framework\\src\\Illuminate\\Pipeline\\Pipeline.php(180): Illuminate\\Foundation\\Http\\Middleware\\PreventRequestsDuringMaintenance->handle(Object(Illuminate\\Http\\Request), Object(Closure))
#45 C:\\Users\\stefanopoulos\\Desktop\\e-forms\\vendor\\laravel\\framework\\src\\Illuminate\\Http\\Middleware\\HandleCors.php(49): Illuminate\\Pipeline\\Pipeline->Illuminate\\Pipeline\\{closure}(Object(Illuminate\\Http\\Request))
#46 C:\\Users\\stefanopoulos\\Desktop\\e-forms\\vendor\\laravel\\framework\\src\\Illuminate\\Pipeline\\Pipeline.php(180): Illuminate\\Http\\Middleware\\HandleCors->handle(Object(Illuminate\\Http\\Request), Object(Closure))
#47 C:\\Users\\stefanopoulos\\Desktop\\e-forms\\vendor\\laravel\\framework\\src\\Illuminate\\Http\\Middleware\\TrustProxies.php(39): Illuminate\\Pipeline\\Pipeline->Illuminate\\Pipeline\\{closure}(Object(Illuminate\\Http\\Request))
#48 C:\\Users\\stefanopoulos\\Desktop\\e-forms\\vendor\\laravel\\framework\\src\\Illuminate\\Pipeline\\Pipeline.php(180): Illuminate\\Http\\Middleware\\TrustProxies->handle(Object(Illuminate\\Http\\Request), Object(Closure))
#49 C:\\Users\\stefanopoulos\\Desktop\\e-forms\\vendor\\laravel\\framework\\src\\Illuminate\\Pipeline\\Pipeline.php(116): Illuminate\\Pipeline\\Pipeline->Illuminate\\Pipeline\\{closure}(Object(Illuminate\\Http\\Request))
#50 C:\\Users\\stefanopoulos\\Desktop\\e-forms\\vendor\\laravel\\framework\\src\\Illuminate\\Foundation\\Http\\Kernel.php(175): Illuminate\\Pipeline\\Pipeline->then(Object(Closure))
#51 C:\\Users\\stefanopoulos\\Desktop\\e-forms\\vendor\\laravel\\framework\\src\\Illuminate\\Foundation\\Http\\Kernel.php(144): Illuminate\\Foundation\\Http\\Kernel->sendRequestThroughRouter(Object(Illuminate\\Http\\Request))
#52 C:\\Users\\stefanopoulos\\Desktop\\e-forms\\public\\index.php(51): Illuminate\\Foundation\\Http\\Kernel->handle(Object(Illuminate\\Http\\Request))
#53 C:\\Users\\stefanopoulos\\Desktop\\e-forms\\vendor\\laravel\\framework\\src\\Illuminate\\Foundation\\resources\\server.php(16): require_once('C:\\\\Users\\\\stefan...')
#54 {main}

[previous exception] [object] (ErrorException(code: 0): Attempt to read property \"id\" on null at C:\\Users\\stefanopoulos\\Desktop\\e-forms\\storage\\framework\\views\\67800a60a210fb128232c9846d71636c.php:148)
[stacktrace]
#0 C:\\Users\\stefanopoulos\\Desktop\\e-forms\\vendor\\laravel\\framework\\src\\Illuminate\\Foundation\\Bootstrap\\HandleExceptions.php(254): Illuminate\\Foundation\\Bootstrap\\HandleExceptions->handleError(2, 'Attempt to read...', 'C:\\\\Users\\\\stefan...', 148)
#1 C:\\Users\\stefanopoulos\\Desktop\\e-forms\\storage\\framework\\views\\67800a60a210fb128232c9846d71636c.php(148): Illuminate\\Foundation\\Bootstrap\\HandleExceptions->Illuminate\\Foundation\\Bootstrap\\{closure}(2, 'Attempt to read...', 'C:\\\\Users\\\\stefan...', 148)
#2 C:\\Users\\stefanopoulos\\Desktop\\e-forms\\vendor\\laravel\\framework\\src\\Illuminate\\Filesystem\\Filesystem.php(124): require('C:\\\\Users\\\\stefan...')
#3 C:\\Users\\stefanopoulos\\Desktop\\e-forms\\vendor\\laravel\\framework\\src\\Illuminate\\Filesystem\\Filesystem.php(125): Illuminate\\Filesystem\\Filesystem::Illuminate\\Filesystem\\{closure}()
#4 C:\\Users\\stefanopoulos\\Desktop\\e-forms\\vendor\\laravel\\framework\\src\\Illuminate\\View\\Engines\\PhpEngine.php(58): Illuminate\\Filesystem\\Filesystem->getRequire('C:\\\\Users\\\\stefan...', Array)
#5 C:\\Users\\stefanopoulos\\Desktop\\e-forms\\vendor\\laravel\\framework\\src\\Illuminate\\View\\Engines\\CompilerEngine.php(70): Illuminate\\View\\Engines\\PhpEngine->evaluatePath('C:\\\\Users\\\\stefan...', Array)
#6 C:\\Users\\stefanopoulos\\Desktop\\e-forms\\vendor\\laravel\\framework\\src\\Illuminate\\View\\View.php(195): Illuminate\\View\\Engines\\CompilerEngine->get('C:\\\\Users\\\\stefan...', Array)
#7 C:\\Users\\stefanopoulos\\Desktop\\e-forms\\vendor\\laravel\\framework\\src\\Illuminate\\View\\View.php(178): Illuminate\\View\\View->getContents()
#8 C:\\Users\\stefanopoulos\\Desktop\\e-forms\\vendor\\laravel\\framework\\src\\Illuminate\\View\\View.php(147): Illuminate\\View\\View->renderContents()
#9 C:\\Users\\stefanopoulos\\Desktop\\e-forms\\vendor\\laravel\\framework\\src\\Illuminate\\Http\\Response.php(69): Illuminate\\View\\View->render()
#10 C:\\Users\\stefanopoulos\\Desktop\\e-forms\\vendor\\laravel\\framework\\src\\Illuminate\\Http\\Response.php(35): Illuminate\\Http\\Response->setContent(Object(Illuminate\\View\\View))
#11 C:\\Users\\stefanopoulos\\Desktop\\e-forms\\vendor\\laravel\\framework\\src\\Illuminate\\Routing\\Router.php(906): Illuminate\\Http\\Response->__construct(Object(Illuminate\\View\\View), 200, Array)
#12 C:\\Users\\stefanopoulos\\Desktop\\e-forms\\vendor\\laravel\\framework\\src\\Illuminate\\Routing\\Router.php(875): Illuminate\\Routing\\Router::toResponse(Object(Illuminate\\Http\\Request), Object(Illuminate\\View\\View))
#13 C:\\Users\\stefanopoulos\\Desktop\\e-forms\\vendor\\laravel\\framework\\src\\Illuminate\\Routing\\Router.php(797): Illuminate\\Routing\\Router->prepareResponse(Object(Illuminate\\Http\\Request), Object(Illuminate\\View\\View))
#14 C:\\Users\\stefanopoulos\\Desktop\\e-forms\\vendor\\laravel\\framework\\src\\Illuminate\\Pipeline\\Pipeline.php(141): Illuminate\\Routing\\Router->Illuminate\\Routing\\{closure}(Object(Illuminate\\Http\\Request))
#15 C:\\Users\\stefanopoulos\\Desktop\\e-forms\\vendor\\laravel\\framework\\src\\Illuminate\\Routing\\Middleware\\SubstituteBindings.php(50): Illuminate\\Pipeline\\Pipeline->Illuminate\\Pipeline\\{closure}(Object(Illuminate\\Http\\Request))
#16 C:\\Users\\stefanopoulos\\Desktop\\e-forms\\vendor\\laravel\\framework\\src\\Illuminate\\Pipeline\\Pipeline.php(180): Illuminate\\Routing\\Middleware\\SubstituteBindings->handle(Object(Illuminate\\Http\\Request), Object(Closure))
#17 C:\\Users\\stefanopoulos\\Desktop\\e-forms\\vendor\\laravel\\framework\\src\\Illuminate\\Foundation\\Http\\Middleware\\VerifyCsrfToken.php(78): Illuminate\\Pipeline\\Pipeline->Illuminate\\Pipeline\\{closure}(Object(Illuminate\\Http\\Request))
#18 C:\\Users\\stefanopoulos\\Desktop\\e-forms\\vendor\\laravel\\framework\\src\\Illuminate\\Pipeline\\Pipeline.php(180): Illuminate\\Foundation\\Http\\Middleware\\VerifyCsrfToken->handle(Object(Illuminate\\Http\\Request), Object(Closure))
#19 C:\\Users\\stefanopoulos\\Desktop\\e-forms\\vendor\\laravel\\framework\\src\\Illuminate\\View\\Middleware\\ShareErrorsFromSession.php(49): Illuminate\\Pipeline\\Pipeline->Illuminate\\Pipeline\\{closure}(Object(Illuminate\\Http\\Request))
#20 C:\\Users\\stefanopoulos\\Desktop\\e-forms\\vendor\\laravel\\framework\\src\\Illuminate\\Pipeline\\Pipeline.php(180): Illuminate\\View\\Middleware\\ShareErrorsFromSession->handle(Object(Illuminate\\Http\\Request), Object(Closure))
#21 C:\\Users\\stefanopoulos\\Desktop\\e-forms\\vendor\\laravel\\framework\\src\\Illuminate\\Session\\Middleware\\StartSession.php(121): Illuminate\\Pipeline\\Pipeline->Illuminate\\Pipeline\\{closure}(Object(Illuminate\\Http\\Request))
#22 C:\\Users\\stefanopoulos\\Desktop\\e-forms\\vendor\\laravel\\framework\\src\\Illuminate\\Session\\Middleware\\StartSession.php(64): Illuminate\\Session\\Middleware\\StartSession->handleStatefulRequest(Object(Illuminate\\Http\\Request), Object(Illuminate\\Session\\Store), Object(Closure))
#23 C:\\Users\\stefanopoulos\\Desktop\\e-forms\\vendor\\laravel\\framework\\src\\Illuminate\\Pipeline\\Pipeline.php(180): Illuminate\\Session\\Middleware\\StartSession->handle(Object(Illuminate\\Http\\Request), Object(Closure))
#24 C:\\Users\\stefanopoulos\\Desktop\\e-forms\\vendor\\laravel\\framework\\src\\Illuminate\\Cookie\\Middleware\\AddQueuedCookiesToResponse.php(37): Illuminate\\Pipeline\\Pipeline->Illuminate\\Pipeline\\{closure}(Object(Illuminate\\Http\\Request))
#25 C:\\Users\\stefanopoulos\\Desktop\\e-forms\\vendor\\laravel\\framework\\src\\Illuminate\\Pipeline\\Pipeline.php(180): Illuminate\\Cookie\\Middleware\\AddQueuedCookiesToResponse->handle(Object(Illuminate\\Http\\Request), Object(Closure))
#26 C:\\Users\\stefanopoulos\\Desktop\\e-forms\\vendor\\laravel\\framework\\src\\Illuminate\\Cookie\\Middleware\\EncryptCookies.php(67): Illuminate\\Pipeline\\Pipeline->Illuminate\\Pipeline\\{closure}(Object(Illuminate\\Http\\Request))
#27 C:\\Users\\stefanopoulos\\Desktop\\e-forms\\vendor\\laravel\\framework\\src\\Illuminate\\Pipeline\\Pipeline.php(180): Illuminate\\Cookie\\Middleware\\EncryptCookies->handle(Object(Illuminate\\Http\\Request), Object(Closure))
#28 C:\\Users\\stefanopoulos\\Desktop\\e-forms\\vendor\\laravel\\framework\\src\\Illuminate\\Pipeline\\Pipeline.php(116): Illuminate\\Pipeline\\Pipeline->Illuminate\\Pipeline\\{closure}(Object(Illuminate\\Http\\Request))
#29 C:\\Users\\stefanopoulos\\Desktop\\e-forms\\vendor\\laravel\\framework\\src\\Illuminate\\Routing\\Router.php(797): Illuminate\\Pipeline\\Pipeline->then(Object(Closure))
#30 C:\\Users\\stefanopoulos\\Desktop\\e-forms\\vendor\\laravel\\framework\\src\\Illuminate\\Routing\\Router.php(776): Illuminate\\Routing\\Router->runRouteWithinStack(Object(Illuminate\\Routing\\Route), Object(Illuminate\\Http\\Request))
#31 C:\\Users\\stefanopoulos\\Desktop\\e-forms\\vendor\\laravel\\framework\\src\\Illuminate\\Routing\\Router.php(740): Illuminate\\Routing\\Router->runRoute(Object(Illuminate\\Http\\Request), Object(Illuminate\\Routing\\Route))
#32 C:\\Users\\stefanopoulos\\Desktop\\e-forms\\vendor\\laravel\\framework\\src\\Illuminate\\Routing\\Router.php(729): Illuminate\\Routing\\Router->dispatchToRoute(Object(Illuminate\\Http\\Request))
#33 C:\\Users\\stefanopoulos\\Desktop\\e-forms\\vendor\\laravel\\framework\\src\\Illuminate\\Foundation\\Http\\Kernel.php(200): Illuminate\\Routing\\Router->dispatch(Object(Illuminate\\Http\\Request))
#34 C:\\Users\\stefanopoulos\\Desktop\\e-forms\\vendor\\laravel\\framework\\src\\Illuminate\\Pipeline\\Pipeline.php(141): Illuminate\\Foundation\\Http\\Kernel->Illuminate\\Foundation\\Http\\{closure}(Object(Illuminate\\Http\\Request))
#35 C:\\Users\\stefanopoulos\\Desktop\\e-forms\\vendor\\laravel\\framework\\src\\Illuminate\\Foundation\\Http\\Middleware\\TransformsRequest.php(21): Illuminate\\Pipeline\\Pipeline->Illuminate\\Pipeline\\{closure}(Object(Illuminate\\Http\\Request))
#36 C:\\Users\\stefanopoulos\\Desktop\\e-forms\\vendor\\laravel\\framework\\src\\Illuminate\\Foundation\\Http\\Middleware\\ConvertEmptyStringsToNull.php(31): Illuminate\\Foundation\\Http\\Middleware\\TransformsRequest->handle(Object(Illuminate\\Http\\Request), Object(Closure))
#37 C:\\Users\\stefanopoulos\\Desktop\\e-forms\\vendor\\laravel\\framework\\src\\Illuminate\\Pipeline\\Pipeline.php(180): Illuminate\\Foundation\\Http\\Middleware\\ConvertEmptyStringsToNull->handle(Object(Illuminate\\Http\\Request), Object(Closure))
#38 C:\\Users\\stefanopoulos\\Desktop\\e-forms\\vendor\\laravel\\framework\\src\\Illuminate\\Foundation\\Http\\Middleware\\TransformsRequest.php(21): Illuminate\\Pipeline\\Pipeline->Illuminate\\Pipeline\\{closure}(Object(Illuminate\\Http\\Request))
#39 C:\\Users\\stefanopoulos\\Desktop\\e-forms\\vendor\\laravel\\framework\\src\\Illuminate\\Foundation\\Http\\Middleware\\TrimStrings.php(40): Illuminate\\Foundation\\Http\\Middleware\\TransformsRequest->handle(Object(Illuminate\\Http\\Request), Object(Closure))
#40 C:\\Users\\stefanopoulos\\Desktop\\e-forms\\vendor\\laravel\\framework\\src\\Illuminate\\Pipeline\\Pipeline.php(180): Illuminate\\Foundation\\Http\\Middleware\\TrimStrings->handle(Object(Illuminate\\Http\\Request), Object(Closure))
#41 C:\\Users\\stefanopoulos\\Desktop\\e-forms\\vendor\\laravel\\framework\\src\\Illuminate\\Foundation\\Http\\Middleware\\ValidatePostSize.php(27): Illuminate\\Pipeline\\Pipeline->Illuminate\\Pipeline\\{closure}(Object(Illuminate\\Http\\Request))
#42 C:\\Users\\stefanopoulos\\Desktop\\e-forms\\vendor\\laravel\\framework\\src\\Illuminate\\Pipeline\\Pipeline.php(180): Illuminate\\Foundation\\Http\\Middleware\\ValidatePostSize->handle(Object(Illuminate\\Http\\Request), Object(Closure))
#43 C:\\Users\\stefanopoulos\\Desktop\\e-forms\\vendor\\laravel\\framework\\src\\Illuminate\\Foundation\\Http\\Middleware\\PreventRequestsDuringMaintenance.php(86): Illuminate\\Pipeline\\Pipeline->Illuminate\\Pipeline\\{closure}(Object(Illuminate\\Http\\Request))
#44 C:\\Users\\stefanopoulos\\Desktop\\e-forms\\vendor\\laravel\\framework\\src\\Illuminate\\Pipeline\\Pipeline.php(180): Illuminate\\Foundation\\Http\\Middleware\\PreventRequestsDuringMaintenance->handle(Object(Illuminate\\Http\\Request), Object(Closure))
#45 C:\\Users\\stefanopoulos\\Desktop\\e-forms\\vendor\\laravel\\framework\\src\\Illuminate\\Http\\Middleware\\HandleCors.php(49): Illuminate\\Pipeline\\Pipeline->Illuminate\\Pipeline\\{closure}(Object(Illuminate\\Http\\Request))
#46 C:\\Users\\stefanopoulos\\Desktop\\e-forms\\vendor\\laravel\\framework\\src\\Illuminate\\Pipeline\\Pipeline.php(180): Illuminate\\Http\\Middleware\\HandleCors->handle(Object(Illuminate\\Http\\Request), Object(Closure))
#47 C:\\Users\\stefanopoulos\\Desktop\\e-forms\\vendor\\laravel\\framework\\src\\Illuminate\\Http\\Middleware\\TrustProxies.php(39): Illuminate\\Pipeline\\Pipeline->Illuminate\\Pipeline\\{closure}(Object(Illuminate\\Http\\Request))
#48 C:\\Users\\stefanopoulos\\Desktop\\e-forms\\vendor\\laravel\\framework\\src\\Illuminate\\Pipeline\\Pipeline.php(180): Illuminate\\Http\\Middleware\\TrustProxies->handle(Object(Illuminate\\Http\\Request), Object(Closure))
#49 C:\\Users\\stefanopoulos\\Desktop\\e-forms\\vendor\\laravel\\framework\\src\\Illuminate\\Pipeline\\Pipeline.php(116): Illuminate\\Pipeline\\Pipeline->Illuminate\\Pipeline\\{closure}(Object(Illuminate\\Http\\Request))
#50 C:\\Users\\stefanopoulos\\Desktop\\e-forms\\vendor\\laravel\\framework\\src\\Illuminate\\Foundation\\Http\\Kernel.php(175): Illuminate\\Pipeline\\Pipeline->then(Object(Closure))
#51 C:\\Users\\stefanopoulos\\Desktop\\e-forms\\vendor\\laravel\\framework\\src\\Illuminate\\Foundation\\Http\\Kernel.php(144): Illuminate\\Foundation\\Http\\Kernel->sendRequestThroughRouter(Object(Illuminate\\Http\\Request))
#52 C:\\Users\\stefanopoulos\\Desktop\\e-forms\\public\\index.php(51): Illuminate\\Foundation\\Http\\Kernel->handle(Object(Illuminate\\Http\\Request))
#53 C:\\Users\\stefanopoulos\\Desktop\\e-forms\\vendor\\laravel\\framework\\src\\Illuminate\\Foundation\\resources\\server.php(16): require_once('C:\\\\Users\\\\stefan...')
#54 {main}
"} 
[2025-04-16 12:23:45] local.ERROR: Attempt to read property "id" on null {"view":{"view":"C:\\Users\\stefanopoulos\\Desktop\\e-forms\\resources\\views\\microapps\\actions\\index_school.blade.php","data":{"errors":"<pre class=sf-dump id=sf-dump-1200316993 data-indent-pad=\"  \"><span class=sf-dump-note>Illuminate\\Support\\ViewErrorBag</span> {<a class=sf-dump-ref>#1732</a><samp data-depth=1 class=sf-dump-expanded>
  #<span class=sf-dump-protected title=\"Protected property\">bags</span>: []
</samp>}
</pre><script>Sfdump(\"sf-dump-1200316993\", {\"maxDepth\":3,\"maxStringLength\":160})</script>
","request":"<pre class=sf-dump id=sf-dump-1758820257 data-indent-pad=\"  \"><span class=sf-dump-note>Illuminate\\Http\\Request</span> {<a class=sf-dump-ref>#44</a><samp data-depth=1 class=sf-dump-expanded>
  +<span class=sf-dump-public title=\"Public property\">attributes</span>: <span class=sf-dump-note title=\"Symfony\\Component\\HttpFoundation\\ParameterBag
\"><span class=\"sf-dump-ellipsis sf-dump-ellipsis-note\">Symfony\\Component\\HttpFoundation</span><span class=\"sf-dump-ellipsis sf-dump-ellipsis-note\">\\</span>ParameterBag</span> {<a class=sf-dump-ref>#46</a><samp data-depth=2 class=sf-dump-compact>
    #<span class=sf-dump-protected title=\"Protected property\">parameters</span>: []
  </samp>}
  +<span class=sf-dump-public title=\"Public property\">request</span>: <span class=sf-dump-note title=\"Symfony\\Component\\HttpFoundation\\InputBag
\"><span class=\"sf-dump-ellipsis sf-dump-ellipsis-note\">Symfony\\Component\\HttpFoundation</span><span class=\"sf-dump-ellipsis sf-dump-ellipsis-note\">\\</span>InputBag</span> {<a class=sf-dump-ref>#45</a><samp data-depth=2 class=sf-dump-compact>
    #<span class=sf-dump-protected title=\"Protected property\">parameters</span>: []
  </samp>}
  +<span class=sf-dump-public title=\"Public property\">query</span>: <span class=sf-dump-note title=\"Symfony\\Component\\HttpFoundation\\InputBag
\"><span class=\"sf-dump-ellipsis sf-dump-ellipsis-note\">Symfony\\Component\\HttpFoundation</span><span class=\"sf-dump-ellipsis sf-dump-ellipsis-note\">\\</span>InputBag</span> {<a class=sf-dump-ref>#52</a><samp data-depth=2 class=sf-dump-compact>
    #<span class=sf-dump-protected title=\"Protected property\">parameters</span>: []
  </samp>}
  +<span class=sf-dump-public title=\"Public property\">server</span>: <span class=sf-dump-note title=\"Symfony\\Component\\HttpFoundation\\ServerBag
\"><span class=\"sf-dump-ellipsis sf-dump-ellipsis-note\">Symfony\\Component\\HttpFoundation</span><span class=\"sf-dump-ellipsis sf-dump-ellipsis-note\">\\</span>ServerBag</span> {<a class=sf-dump-ref>#48</a><samp data-depth=2 class=sf-dump-compact>
    #<span class=sf-dump-protected title=\"Protected property\">parameters</span>: <span class=sf-dump-note>array:31</span> [<samp data-depth=3 class=sf-dump-compact>
      \"<span class=sf-dump-key>DOCUMENT_ROOT</span>\" => \"<span class=sf-dump-str title=\"45 characters\">C:\\Users\\stefanopoulos\\Desktop\\e-forms\\public</span>\"
      \"<span class=sf-dump-key>REMOTE_ADDR</span>\" => \"<span class=sf-dump-str title=\"9 characters\">127.0.0.1</span>\"
      \"<span class=sf-dump-key>REMOTE_PORT</span>\" => \"<span class=sf-dump-str title=\"5 characters\">60809</span>\"
      \"<span class=sf-dump-key>SERVER_SOFTWARE</span>\" => \"<span class=sf-dump-str title=\"28 characters\">PHP 8.2.3 Development Server</span>\"
      \"<span class=sf-dump-key>SERVER_PROTOCOL</span>\" => \"<span class=sf-dump-str title=\"8 characters\">HTTP/1.1</span>\"
      \"<span class=sf-dump-key>SERVER_NAME</span>\" => \"<span class=sf-dump-str title=\"9 characters\">127.0.0.1</span>\"
      \"<span class=sf-dump-key>SERVER_PORT</span>\" => \"<span class=sf-dump-str title=\"4 characters\">8000</span>\"
      \"<span class=sf-dump-key>REQUEST_URI</span>\" => \"<span class=sf-dump-str title=\"30 characters\">/actions/%7B&#039;is_supervisor&#039;%7D</span>\"
      \"<span class=sf-dump-key>REQUEST_METHOD</span>\" => \"<span class=sf-dump-str title=\"3 characters\">GET</span>\"
      \"<span class=sf-dump-key>SCRIPT_NAME</span>\" => \"<span class=sf-dump-str title=\"10 characters\">/index.php</span>\"
      \"<span class=sf-dump-key>SCRIPT_FILENAME</span>\" => \"<span class=sf-dump-str title=\"55 characters\">C:\\Users\\stefanopoulos\\Desktop\\e-forms\\public\\index.php</span>\"
      \"<span class=sf-dump-key>PATH_INFO</span>\" => \"<span class=sf-dump-str title=\"26 characters\">/actions/{&#039;is_supervisor&#039;}</span>\"
      \"<span class=sf-dump-key>PHP_SELF</span>\" => \"<span class=sf-dump-str title=\"36 characters\">/index.php/actions/{&#039;is_supervisor&#039;}</span>\"
      \"<span class=sf-dump-key>HTTP_HOST</span>\" => \"<span class=sf-dump-str title=\"14 characters\">localhost:8000</span>\"
      \"<span class=sf-dump-key>HTTP_USER_AGENT</span>\" => \"<span class=sf-dump-str title=\"80 characters\">Mozilla/5.0 (Windows NT 10.0; Win64; x64; rv:137.0) Gecko/20100101 Firefox/137.0</span>\"
      \"<span class=sf-dump-key>HTTP_ACCEPT</span>\" => \"<span class=sf-dump-str title=\"63 characters\">text/html,application/xhtml+xml,application/xml;q=0.9,*/*;q=0.8</span>\"
      \"<span class=sf-dump-key>HTTP_ACCEPT_LANGUAGE</span>\" => \"<span class=sf-dump-str title=\"14 characters\">en-US,en;q=0.5</span>\"
      \"<span class=sf-dump-key>HTTP_ACCEPT_ENCODING</span>\" => \"<span class=sf-dump-str title=\"23 characters\">gzip, deflate, br, zstd</span>\"
      \"<span class=sf-dump-key>HTTP_DNT</span>\" => \"<span class=sf-dump-str>1</span>\"
      \"<span class=sf-dump-key>HTTP_SEC_GPC</span>\" => \"<span class=sf-dump-str>1</span>\"
      \"<span class=sf-dump-key>HTTP_CONNECTION</span>\" => \"<span class=sf-dump-str title=\"10 characters\">keep-alive</span>\"
      \"<span class=sf-dump-key>HTTP_REFERER</span>\" => \"<span class=sf-dump-str title=\"38 characters\">http://localhost:8000/index_consultant</span>\"
      \"<span class=sf-dump-key>HTTP_COOKIE</span>\" => \"<span class=sf-dump-str title=\"747 characters\">XSRF-TOKEN=eyJpdiI6IkJnSy9Kclo0dTJmNm1EdkRIN0RaMkE9PSIsInZhbHVlIjoiNGtEdXlsVzB6WmlmUGgxY2tmWE92aDAwWWdYd3kxUXdSSEhmWEhDSGRrd3V4NFkvOTZSTTZTT2ttMnNyWVdrd0hKUFRxNFd5WjBVM3JWK2Z4aGxWU1hURGhGM2hNZHh1STVvTXcxa3UvL3BXTjMyczdCM3VhNXQ4eUd0MkYzQTciLCJtYWMiOiIwOWQyNGU4YzVhMDdhZjIyMjI4ZTM3MzNlMWYzNTg0ZmQ3MGYzYmY3ZWE1NDU5YWMyYTgwYTgxNGQyOWQ1NzNkIiwidGFnIjoiIn0%3D; dieuthinsi_pe_akhaias_hlektronikes_formes_session=eyJpdiI6Ikd5bUU4YVVEeGlSMlIxaWwzZWx3OXc9PSIsInZhbHVlIjoic09WNUJ4Z3VjNmNzSjBocWdSbmkrelZGNnpkZFNaRE0wL1M4RzFrMDVvbGc4TUkwRzVNQjBZWi9mdWZXMzc3cWI3MU5mUjVZMkREMHh0dWlFY1c4NUJBSTZOQVVwam01a2QwdkpRWUhmWEdzN3FwWHR2eVliNVFHZ1FFZ2EwMHciLCJtYWMiOiJkNzYyYTFiOWI4NzA2YjYwNTA1ZWYwODEwYzNmYzA2ZGQyMWRjZmVjZDE0MGExNDJlYTlmMTAyZGZmNGNkNDY0IiwidGFnIjoiIn0%3D</span>\"
      \"<span class=sf-dump-key>HTTP_UPGRADE_INSECURE_REQUESTS</span>\" => \"<span class=sf-dump-str>1</span>\"
      \"<span class=sf-dump-key>HTTP_SEC_FETCH_DEST</span>\" => \"<span class=sf-dump-str title=\"8 characters\">document</span>\"
      \"<span class=sf-dump-key>HTTP_SEC_FETCH_MODE</span>\" => \"<span class=sf-dump-str title=\"8 characters\">navigate</span>\"
      \"<span class=sf-dump-key>HTTP_SEC_FETCH_SITE</span>\" => \"<span class=sf-dump-str title=\"11 characters\">same-origin</span>\"
      \"<span class=sf-dump-key>HTTP_SEC_FETCH_USER</span>\" => \"<span class=sf-dump-str title=\"2 characters\">?1</span>\"
      \"<span class=sf-dump-key>HTTP_PRIORITY</span>\" => \"<span class=sf-dump-str title=\"6 characters\">u=0, i</span>\"
      \"<span class=sf-dump-key>REQUEST_TIME_FLOAT</span>\" => <span class=sf-dump-num>1744795425.3658</span>
      \"<span class=sf-dump-key>REQUEST_TIME</span>\" => <span class=sf-dump-num>1744795425</span>
    </samp>]
  </samp>}
  +<span class=sf-dump-public title=\"Public property\">files</span>: <span class=sf-dump-note title=\"Symfony\\Component\\HttpFoundation\\FileBag
\"><span class=\"sf-dump-ellipsis sf-dump-ellipsis-note\">Symfony\\Component\\HttpFoundation</span><span class=\"sf-dump-ellipsis sf-dump-ellipsis-note\">\\</span>FileBag</span> {<a class=sf-dump-ref>#49</a><samp data-depth=2 class=sf-dump-compact>
    #<span class=sf-dump-protected title=\"Protected property\">parameters</span>: []
  </samp>}
  +<span class=sf-dump-public title=\"Public property\">cookies</span>: <span class=sf-dump-note title=\"Symfony\\Component\\HttpFoundation\\InputBag
\"><span class=\"sf-dump-ellipsis sf-dump-ellipsis-note\">Symfony\\Component\\HttpFoundation</span><span class=\"sf-dump-ellipsis sf-dump-ellipsis-note\">\\</span>InputBag</span> {<a class=sf-dump-ref>#47</a><samp data-depth=2 class=sf-dump-compact>
    #<span class=sf-dump-protected title=\"Protected property\">parameters</span>: <span class=sf-dump-note>array:2</span> [<samp data-depth=3 class=sf-dump-compact>
      \"<span class=sf-dump-key>XSRF-TOKEN</span>\" => \"<span class=sf-dump-str title=\"40 characters\">w7YF2vMfMfKzH03DJWOvxCtzcI3IgsLoCI6eekGY</span>\"
      \"<span class=sf-dump-key>dieuthinsi_pe_akhaias_hlektronikes_formes_session</span>\" => \"<span class=sf-dump-str title=\"40 characters\">aBWZs3xkCIRmRTFtKcKklUGqSS4C1XMFqLfuC6Rk</span>\"
    </samp>]
  </samp>}
  +<span class=sf-dump-public title=\"Public property\">headers</span>: <span class=sf-dump-note title=\"Symfony\\Component\\HttpFoundation\\HeaderBag
\"><span class=\"sf-dump-ellipsis sf-dump-ellipsis-note\">Symfony\\Component\\HttpFoundation</span><span class=\"sf-dump-ellipsis sf-dump-ellipsis-note\">\\</span>HeaderBag</span> {<a class=sf-dump-ref>#50</a><samp data-depth=2 class=sf-dump-compact>
    #<span class=sf-dump-protected title=\"Protected property\">headers</span>: <span class=sf-dump-note>array:16</span> [<samp data-depth=3 class=sf-dump-compact>
      \"<span class=sf-dump-key>host</span>\" => <span class=sf-dump-note>array:1</span> [ &#8230;1]
      \"<span class=sf-dump-key>user-agent</span>\" => <span class=sf-dump-note>array:1</span> [ &#8230;1]
      \"<span class=sf-dump-key>accept</span>\" => <span class=sf-dump-note>array:1</span> [ &#8230;1]
      \"<span class=sf-dump-key>accept-language</span>\" => <span class=sf-dump-note>array:1</span> [ &#8230;1]
      \"<span class=sf-dump-key>accept-encoding</span>\" => <span class=sf-dump-note>array:1</span> [ &#8230;1]
      \"<span class=sf-dump-key>dnt</span>\" => <span class=sf-dump-note>array:1</span> [ &#8230;1]
      \"<span class=sf-dump-key>sec-gpc</span>\" => <span class=sf-dump-note>array:1</span> [ &#8230;1]
      \"<span class=sf-dump-key>connection</span>\" => <span class=sf-dump-note>array:1</span> [ &#8230;1]
      \"<span class=sf-dump-key>referer</span>\" => <span class=sf-dump-note>array:1</span> [ &#8230;1]
      \"<span class=sf-dump-key>cookie</span>\" => <span class=sf-dump-note>array:1</span> [ &#8230;1]
      \"<span class=sf-dump-key>upgrade-insecure-requests</span>\" => <span class=sf-dump-note>array:1</span> [ &#8230;1]
      \"<span class=sf-dump-key>sec-fetch-dest</span>\" => <span class=sf-dump-note>array:1</span> [ &#8230;1]
      \"<span class=sf-dump-key>sec-fetch-mode</span>\" => <span class=sf-dump-note>array:1</span> [ &#8230;1]
      \"<span class=sf-dump-key>sec-fetch-site</span>\" => <span class=sf-dump-note>array:1</span> [ &#8230;1]
      \"<span class=sf-dump-key>sec-fetch-user</span>\" => <span class=sf-dump-note>array:1</span> [ &#8230;1]
      \"<span class=sf-dump-key>priority</span>\" => <span class=sf-dump-note>array:1</span> [ &#8230;1]
    </samp>]
    #<span class=sf-dump-protected title=\"Protected property\">cacheControl</span>: []
  </samp>}
  #<span class=sf-dump-protected title=\"Protected property\">content</span>: <span class=sf-dump-const>null</span>
  #<span class=sf-dump-protected title=\"Protected property\">languages</span>: <span class=sf-dump-const>null</span>
  #<span class=sf-dump-protected title=\"Protected property\">charsets</span>: <span class=sf-dump-const>null</span>
  #<span class=sf-dump-protected title=\"Protected property\">encodings</span>: <span class=sf-dump-const>null</span>
  #<span class=sf-dump-protected title=\"Protected property\">acceptableContentTypes</span>: <span class=sf-dump-const>null</span>
  #<span class=sf-dump-protected title=\"Protected property\">pathInfo</span>: \"<span class=sf-dump-str title=\"30 characters\">/actions/%7B&#039;is_supervisor&#039;%7D</span>\"
  #<span class=sf-dump-protected title=\"Protected property\">requestUri</span>: \"<span class=sf-dump-str title=\"30 characters\">/actions/%7B&#039;is_supervisor&#039;%7D</span>\"
  #<span class=sf-dump-protected title=\"Protected property\">baseUrl</span>: \"\"
  #<span class=sf-dump-protected title=\"Protected property\">basePath</span>: <span class=sf-dump-const>null</span>
  #<span class=sf-dump-protected title=\"Protected property\">method</span>: \"<span class=sf-dump-str title=\"3 characters\">GET</span>\"
  #<span class=sf-dump-protected title=\"Protected property\">format</span>: <span class=sf-dump-const>null</span>
  #<span class=sf-dump-protected title=\"Protected property\">session</span>: <span class=sf-dump-note title=\"Illuminate\\Session\\Store
\"><span class=\"sf-dump-ellipsis sf-dump-ellipsis-note\">Illuminate\\Session</span><span class=\"sf-dump-ellipsis sf-dump-ellipsis-note\">\\</span>Store</span> {<a class=sf-dump-ref>#1728</a><samp data-depth=2 class=sf-dump-compact>
    #<span class=sf-dump-protected title=\"Protected property\">id</span>: \"<span class=sf-dump-str title=\"40 characters\">aBWZs3xkCIRmRTFtKcKklUGqSS4C1XMFqLfuC6Rk</span>\"
    #<span class=sf-dump-protected title=\"Protected property\">name</span>: \"<span class=sf-dump-str title=\"49 characters\">dieuthinsi_pe_akhaias_hlektronikes_formes_session</span>\"
    #<span class=sf-dump-protected title=\"Protected property\">attributes</span>: <span class=sf-dump-note>array:4</span> [<samp data-depth=3 class=sf-dump-compact>
      \"<span class=sf-dump-key>_token</span>\" => \"<span class=sf-dump-str title=\"40 characters\">w7YF2vMfMfKzH03DJWOvxCtzcI3IgsLoCI6eekGY</span>\"
      \"<span class=sf-dump-key>login_consultant_59ba36addc2b2f9401580f014c7f58ea4e30989d</span>\" => <span class=sf-dump-num>6</span>
      \"<span class=sf-dump-key>_flash</span>\" => <span class=sf-dump-note>array:2</span> [ &#8230;2]
      \"<span class=sf-dump-key>_previous</span>\" => <span class=sf-dump-note>array:1</span> [ &#8230;1]
    </samp>]
    #<span class=sf-dump-protected title=\"Protected property\">handler</span>: <span class=sf-dump-note title=\"Illuminate\\Session\\FileSessionHandler
\"><span class=\"sf-dump-ellipsis sf-dump-ellipsis-note\">Illuminate\\Session</span><span class=\"sf-dump-ellipsis sf-dump-ellipsis-note\">\\</span>FileSessionHandler</span> {<a class=sf-dump-ref>#1727</a><samp data-depth=3 class=sf-dump-compact>
      #<span class=sf-dump-protected title=\"Protected property\">files</span>: <span class=sf-dump-note title=\"Illuminate\\Filesystem\\Filesystem
\"><span class=\"sf-dump-ellipsis sf-dump-ellipsis-note\">Illuminate\\Filesystem</span><span class=\"sf-dump-ellipsis sf-dump-ellipsis-note\">\\</span>Filesystem</span> {<a class=sf-dump-ref>#169</a>}
      #<span class=sf-dump-protected title=\"Protected property\">path</span>: \"<span class=sf-dump-str title=\"65 characters\">C:\\Users\\stefanopoulos\\Desktop\\e-forms\\storage\\framework/sessions</span>\"
      #<span class=sf-dump-protected title=\"Protected property\">minutes</span>: \"<span class=sf-dump-str title=\"3 characters\">120</span>\"
    </samp>}
    #<span class=sf-dump-protected title=\"Protected property\">serialization</span>: \"<span class=sf-dump-str title=\"3 characters\">php</span>\"
    #<span class=sf-dump-protected title=\"Protected property\">started</span>: <span class=sf-dump-const>true</span>
  </samp>}
  #<span class=sf-dump-protected title=\"Protected property\">locale</span>: <span class=sf-dump-const>null</span>
  #<span class=sf-dump-protected title=\"Protected property\">defaultLocale</span>: \"<span class=sf-dump-str title=\"2 characters\">en</span>\"
  -<span class=sf-dump-private title=\"Private property defined in class:&#10;`Symfony\\Component\\HttpFoundation\\Request`\">preferredFormat</span>: <span class=sf-dump-const>null</span>
  -<span class=sf-dump-private title=\"Private property defined in class:&#10;`Symfony\\Component\\HttpFoundation\\Request`\">isHostValid</span>: <span class=sf-dump-const>true</span>
  -<span class=sf-dump-private title=\"Private property defined in class:&#10;`Symfony\\Component\\HttpFoundation\\Request`\">isForwardedValid</span>: <span class=sf-dump-const>true</span>
  #<span class=sf-dump-protected title=\"Protected property\">json</span>: <span class=sf-dump-const>null</span>
  #<span class=sf-dump-protected title=\"Protected property\">convertedFiles</span>: []
  #<span class=sf-dump-protected title=\"Protected property\">userResolver</span>: <span class=sf-dump-note>Closure($guard = null)</span> {<a class=sf-dump-ref>#1582</a><samp data-depth=2 class=sf-dump-compact>
    <span class=sf-dump-meta>class</span>: \"<span class=sf-dump-str title=\"Illuminate\\Auth\\AuthServiceProvider
35 characters\"><span class=\"sf-dump-ellipsis sf-dump-ellipsis-class\">Illuminate\\Auth</span><span class=\"sf-dump-ellipsis sf-dump-ellipsis-class\">\\</span>AuthServiceProvider</span>\"
    <span class=sf-dump-meta>this</span>: <span class=sf-dump-note title=\"Illuminate\\Auth\\AuthServiceProvider
\"><span class=\"sf-dump-ellipsis sf-dump-ellipsis-note\">Illuminate\\Auth</span><span class=\"sf-dump-ellipsis sf-dump-ellipsis-note\">\\</span>AuthServiceProvider</span> {<a class=sf-dump-ref>#165</a> &#8230;}
    <span class=sf-dump-meta>use</span>: {<samp data-depth=3 class=sf-dump-compact>
      <span class=sf-dump-meta>$app</span>: <span class=sf-dump-note title=\"Illuminate\\Foundation\\Application
\"><span class=\"sf-dump-ellipsis sf-dump-ellipsis-note\">Illuminate\\Foundation</span><span class=\"sf-dump-ellipsis sf-dump-ellipsis-note\">\\</span>Application</span> {<a class=sf-dump-ref>#2</a> &#8230;}
    </samp>}
    <span class=sf-dump-meta>file</span>: \"<span class=sf-dump-str title=\"C:\\Users\\stefanopoulos\\Desktop\\e-forms\\vendor\\laravel\\framework\\src\\Illuminate\\Auth\\AuthServiceProvider.php
107 characters\"><span class=\"sf-dump-ellipsis sf-dump-ellipsis-path\">C:\\Users\\stefanopoulos\\Desktop\\e-forms\\vendor</span><span class=\"sf-dump-ellipsis sf-dump-ellipsis-path\">\\laravel\\framework\\</span>src\\Illuminate\\Auth\\AuthServiceProvider.php</span>\"
    <span class=sf-dump-meta>line</span>: \"<span class=sf-dump-str title=\"8 characters\">88 to 90</span>\"
  </samp>}
  #<span class=sf-dump-protected title=\"Protected property\">routeResolver</span>: <span class=sf-dump-note>Closure()</span> {<a class=sf-dump-ref>#1591</a><samp data-depth=2 class=sf-dump-compact>
    <span class=sf-dump-meta>class</span>: \"<span class=sf-dump-str title=\"Illuminate\\Routing\\Router
25 characters\"><span class=\"sf-dump-ellipsis sf-dump-ellipsis-class\">Illuminate\\Routing</span><span class=\"sf-dump-ellipsis sf-dump-ellipsis-class\">\\</span>Router</span>\"
    <span class=sf-dump-meta>this</span>: <span class=sf-dump-note title=\"Illuminate\\Routing\\Router
\"><span class=\"sf-dump-ellipsis sf-dump-ellipsis-note\">Illuminate\\Routing</span><span class=\"sf-dump-ellipsis sf-dump-ellipsis-note\">\\</span>Router</span> {<a class=sf-dump-ref>#27</a> &#8230;}
    <span class=sf-dump-meta>use</span>: {<samp data-depth=3 class=sf-dump-compact>
      <span class=sf-dump-meta>$route</span>: <span class=sf-dump-note title=\"Illuminate\\Routing\\Route
\"><span class=\"sf-dump-ellipsis sf-dump-ellipsis-note\">Illuminate\\Routing</span><span class=\"sf-dump-ellipsis sf-dump-ellipsis-note\">\\</span>Route</span> {<a class=sf-dump-ref>#1427</a> &#8230;}
    </samp>}
    <span class=sf-dump-meta>file</span>: \"<span class=sf-dump-str title=\"C:\\Users\\stefanopoulos\\Desktop\\e-forms\\vendor\\laravel\\framework\\src\\Illuminate\\Routing\\Router.php
97 characters\"><span class=\"sf-dump-ellipsis sf-dump-ellipsis-path\">C:\\Users\\stefanopoulos\\Desktop\\e-forms\\vendor</span><span class=\"sf-dump-ellipsis sf-dump-ellipsis-path\">\\laravel\\framework\\</span>src\\Illuminate\\Routing\\Router.php</span>\"
    <span class=sf-dump-meta>line</span>: \"<span class=sf-dump-str title=\"10 characters\">771 to 771</span>\"
  </samp>}
  <span class=sf-dump-meta>basePath</span>: \"\"
  <span class=sf-dump-meta>format</span>: \"<span class=sf-dump-str title=\"4 characters\">html</span>\"
</samp>}
</pre><script>Sfdump(\"sf-dump-1758820257\", {\"maxDepth\":3,\"maxStringLength\":160})</script>
"}},"exception":"[object] (Spatie\\LaravelIgnition\\Exceptions\\ViewException(code: 0): Attempt to read property \"id\" on null at C:\\Users\\stefanopoulos\\Desktop\\e-forms\\resources\\views\\microapps\\actions\\index_school.blade.php:138)
[stacktrace]
#0 C:\\Users\\stefanopoulos\\Desktop\\e-forms\\vendor\\laravel\\framework\\src\\Illuminate\\Foundation\\Bootstrap\\HandleExceptions.php(254): Illuminate\\Foundation\\Bootstrap\\HandleExceptions->handleError(2, 'Attempt to read...', 'C:\\\\Users\\\\stefan...', 148)
#1 C:\\Users\\stefanopoulos\\Desktop\\e-forms\\resources\\views\\microapps\\actions\\index_school.blade.php(138): Illuminate\\Foundation\\Bootstrap\\HandleExceptions->Illuminate\\Foundation\\Bootstrap\\{closure}(2, 'Attempt to read...', 'C:\\\\Users\\\\stefan...', 148)
#2 C:\\Users\\stefanopoulos\\Desktop\\e-forms\\vendor\\laravel\\framework\\src\\Illuminate\\Filesystem\\Filesystem.php(124): require('C:\\\\Users\\\\stefan...')
#3 C:\\Users\\stefanopoulos\\Desktop\\e-forms\\vendor\\laravel\\framework\\src\\Illuminate\\Filesystem\\Filesystem.php(125): Illuminate\\Filesystem\\Filesystem::Illuminate\\Filesystem\\{closure}()
#4 C:\\Users\\stefanopoulos\\Desktop\\e-forms\\vendor\\laravel\\framework\\src\\Illuminate\\View\\Engines\\PhpEngine.php(58): Illuminate\\Filesystem\\Filesystem->getRequire('C:\\\\Users\\\\stefan...', Array)
#5 C:\\Users\\stefanopoulos\\Desktop\\e-forms\\vendor\\laravel\\framework\\src\\Illuminate\\View\\Engines\\CompilerEngine.php(70): Illuminate\\View\\Engines\\PhpEngine->evaluatePath('C:\\\\Users\\\\stefan...', Array)
#6 C:\\Users\\stefanopoulos\\Desktop\\e-forms\\vendor\\laravel\\framework\\src\\Illuminate\\View\\View.php(195): Illuminate\\View\\Engines\\CompilerEngine->get('C:\\\\Users\\\\stefan...', Array)
#7 C:\\Users\\stefanopoulos\\Desktop\\e-forms\\vendor\\laravel\\framework\\src\\Illuminate\\View\\View.php(178): Illuminate\\View\\View->getContents()
#8 C:\\Users\\stefanopoulos\\Desktop\\e-forms\\vendor\\laravel\\framework\\src\\Illuminate\\View\\View.php(147): Illuminate\\View\\View->renderContents()
#9 C:\\Users\\stefanopoulos\\Desktop\\e-forms\\vendor\\laravel\\framework\\src\\Illuminate\\Http\\Response.php(69): Illuminate\\View\\View->render()
#10 C:\\Users\\stefanopoulos\\Desktop\\e-forms\\vendor\\laravel\\framework\\src\\Illuminate\\Http\\Response.php(35): Illuminate\\Http\\Response->setContent(Object(Illuminate\\View\\View))
#11 C:\\Users\\stefanopoulos\\Desktop\\e-forms\\vendor\\laravel\\framework\\src\\Illuminate\\Routing\\Router.php(906): Illuminate\\Http\\Response->__construct(Object(Illuminate\\View\\View), 200, Array)
#12 C:\\Users\\stefanopoulos\\Desktop\\e-forms\\vendor\\laravel\\framework\\src\\Illuminate\\Routing\\Router.php(875): Illuminate\\Routing\\Router::toResponse(Object(Illuminate\\Http\\Request), Object(Illuminate\\View\\View))
#13 C:\\Users\\stefanopoulos\\Desktop\\e-forms\\vendor\\laravel\\framework\\src\\Illuminate\\Routing\\Router.php(797): Illuminate\\Routing\\Router->prepareResponse(Object(Illuminate\\Http\\Request), Object(Illuminate\\View\\View))
#14 C:\\Users\\stefanopoulos\\Desktop\\e-forms\\vendor\\laravel\\framework\\src\\Illuminate\\Pipeline\\Pipeline.php(141): Illuminate\\Routing\\Router->Illuminate\\Routing\\{closure}(Object(Illuminate\\Http\\Request))
#15 C:\\Users\\stefanopoulos\\Desktop\\e-forms\\vendor\\laravel\\framework\\src\\Illuminate\\Routing\\Middleware\\SubstituteBindings.php(50): Illuminate\\Pipeline\\Pipeline->Illuminate\\Pipeline\\{closure}(Object(Illuminate\\Http\\Request))
#16 C:\\Users\\stefanopoulos\\Desktop\\e-forms\\vendor\\laravel\\framework\\src\\Illuminate\\Pipeline\\Pipeline.php(180): Illuminate\\Routing\\Middleware\\SubstituteBindings->handle(Object(Illuminate\\Http\\Request), Object(Closure))
#17 C:\\Users\\stefanopoulos\\Desktop\\e-forms\\vendor\\laravel\\framework\\src\\Illuminate\\Foundation\\Http\\Middleware\\VerifyCsrfToken.php(78): Illuminate\\Pipeline\\Pipeline->Illuminate\\Pipeline\\{closure}(Object(Illuminate\\Http\\Request))
#18 C:\\Users\\stefanopoulos\\Desktop\\e-forms\\vendor\\laravel\\framework\\src\\Illuminate\\Pipeline\\Pipeline.php(180): Illuminate\\Foundation\\Http\\Middleware\\VerifyCsrfToken->handle(Object(Illuminate\\Http\\Request), Object(Closure))
#19 C:\\Users\\stefanopoulos\\Desktop\\e-forms\\vendor\\laravel\\framework\\src\\Illuminate\\View\\Middleware\\ShareErrorsFromSession.php(49): Illuminate\\Pipeline\\Pipeline->Illuminate\\Pipeline\\{closure}(Object(Illuminate\\Http\\Request))
#20 C:\\Users\\stefanopoulos\\Desktop\\e-forms\\vendor\\laravel\\framework\\src\\Illuminate\\Pipeline\\Pipeline.php(180): Illuminate\\View\\Middleware\\ShareErrorsFromSession->handle(Object(Illuminate\\Http\\Request), Object(Closure))
#21 C:\\Users\\stefanopoulos\\Desktop\\e-forms\\vendor\\laravel\\framework\\src\\Illuminate\\Session\\Middleware\\StartSession.php(121): Illuminate\\Pipeline\\Pipeline->Illuminate\\Pipeline\\{closure}(Object(Illuminate\\Http\\Request))
#22 C:\\Users\\stefanopoulos\\Desktop\\e-forms\\vendor\\laravel\\framework\\src\\Illuminate\\Session\\Middleware\\StartSession.php(64): Illuminate\\Session\\Middleware\\StartSession->handleStatefulRequest(Object(Illuminate\\Http\\Request), Object(Illuminate\\Session\\Store), Object(Closure))
#23 C:\\Users\\stefanopoulos\\Desktop\\e-forms\\vendor\\laravel\\framework\\src\\Illuminate\\Pipeline\\Pipeline.php(180): Illuminate\\Session\\Middleware\\StartSession->handle(Object(Illuminate\\Http\\Request), Object(Closure))
#24 C:\\Users\\stefanopoulos\\Desktop\\e-forms\\vendor\\laravel\\framework\\src\\Illuminate\\Cookie\\Middleware\\AddQueuedCookiesToResponse.php(37): Illuminate\\Pipeline\\Pipeline->Illuminate\\Pipeline\\{closure}(Object(Illuminate\\Http\\Request))
#25 C:\\Users\\stefanopoulos\\Desktop\\e-forms\\vendor\\laravel\\framework\\src\\Illuminate\\Pipeline\\Pipeline.php(180): Illuminate\\Cookie\\Middleware\\AddQueuedCookiesToResponse->handle(Object(Illuminate\\Http\\Request), Object(Closure))
#26 C:\\Users\\stefanopoulos\\Desktop\\e-forms\\vendor\\laravel\\framework\\src\\Illuminate\\Cookie\\Middleware\\EncryptCookies.php(67): Illuminate\\Pipeline\\Pipeline->Illuminate\\Pipeline\\{closure}(Object(Illuminate\\Http\\Request))
#27 C:\\Users\\stefanopoulos\\Desktop\\e-forms\\vendor\\laravel\\framework\\src\\Illuminate\\Pipeline\\Pipeline.php(180): Illuminate\\Cookie\\Middleware\\EncryptCookies->handle(Object(Illuminate\\Http\\Request), Object(Closure))
#28 C:\\Users\\stefanopoulos\\Desktop\\e-forms\\vendor\\laravel\\framework\\src\\Illuminate\\Pipeline\\Pipeline.php(116): Illuminate\\Pipeline\\Pipeline->Illuminate\\Pipeline\\{closure}(Object(Illuminate\\Http\\Request))
#29 C:\\Users\\stefanopoulos\\Desktop\\e-forms\\vendor\\laravel\\framework\\src\\Illuminate\\Routing\\Router.php(797): Illuminate\\Pipeline\\Pipeline->then(Object(Closure))
#30 C:\\Users\\stefanopoulos\\Desktop\\e-forms\\vendor\\laravel\\framework\\src\\Illuminate\\Routing\\Router.php(776): Illuminate\\Routing\\Router->runRouteWithinStack(Object(Illuminate\\Routing\\Route), Object(Illuminate\\Http\\Request))
#31 C:\\Users\\stefanopoulos\\Desktop\\e-forms\\vendor\\laravel\\framework\\src\\Illuminate\\Routing\\Router.php(740): Illuminate\\Routing\\Router->runRoute(Object(Illuminate\\Http\\Request), Object(Illuminate\\Routing\\Route))
#32 C:\\Users\\stefanopoulos\\Desktop\\e-forms\\vendor\\laravel\\framework\\src\\Illuminate\\Routing\\Router.php(729): Illuminate\\Routing\\Router->dispatchToRoute(Object(Illuminate\\Http\\Request))
#33 C:\\Users\\stefanopoulos\\Desktop\\e-forms\\vendor\\laravel\\framework\\src\\Illuminate\\Foundation\\Http\\Kernel.php(200): Illuminate\\Routing\\Router->dispatch(Object(Illuminate\\Http\\Request))
#34 C:\\Users\\stefanopoulos\\Desktop\\e-forms\\vendor\\laravel\\framework\\src\\Illuminate\\Pipeline\\Pipeline.php(141): Illuminate\\Foundation\\Http\\Kernel->Illuminate\\Foundation\\Http\\{closure}(Object(Illuminate\\Http\\Request))
#35 C:\\Users\\stefanopoulos\\Desktop\\e-forms\\vendor\\laravel\\framework\\src\\Illuminate\\Foundation\\Http\\Middleware\\TransformsRequest.php(21): Illuminate\\Pipeline\\Pipeline->Illuminate\\Pipeline\\{closure}(Object(Illuminate\\Http\\Request))
#36 C:\\Users\\stefanopoulos\\Desktop\\e-forms\\vendor\\laravel\\framework\\src\\Illuminate\\Foundation\\Http\\Middleware\\ConvertEmptyStringsToNull.php(31): Illuminate\\Foundation\\Http\\Middleware\\TransformsRequest->handle(Object(Illuminate\\Http\\Request), Object(Closure))
#37 C:\\Users\\stefanopoulos\\Desktop\\e-forms\\vendor\\laravel\\framework\\src\\Illuminate\\Pipeline\\Pipeline.php(180): Illuminate\\Foundation\\Http\\Middleware\\ConvertEmptyStringsToNull->handle(Object(Illuminate\\Http\\Request), Object(Closure))
#38 C:\\Users\\stefanopoulos\\Desktop\\e-forms\\vendor\\laravel\\framework\\src\\Illuminate\\Foundation\\Http\\Middleware\\TransformsRequest.php(21): Illuminate\\Pipeline\\Pipeline->Illuminate\\Pipeline\\{closure}(Object(Illuminate\\Http\\Request))
#39 C:\\Users\\stefanopoulos\\Desktop\\e-forms\\vendor\\laravel\\framework\\src\\Illuminate\\Foundation\\Http\\Middleware\\TrimStrings.php(40): Illuminate\\Foundation\\Http\\Middleware\\TransformsRequest->handle(Object(Illuminate\\Http\\Request), Object(Closure))
#40 C:\\Users\\stefanopoulos\\Desktop\\e-forms\\vendor\\laravel\\framework\\src\\Illuminate\\Pipeline\\Pipeline.php(180): Illuminate\\Foundation\\Http\\Middleware\\TrimStrings->handle(Object(Illuminate\\Http\\Request), Object(Closure))
#41 C:\\Users\\stefanopoulos\\Desktop\\e-forms\\vendor\\laravel\\framework\\src\\Illuminate\\Foundation\\Http\\Middleware\\ValidatePostSize.php(27): Illuminate\\Pipeline\\Pipeline->Illuminate\\Pipeline\\{closure}(Object(Illuminate\\Http\\Request))
#42 C:\\Users\\stefanopoulos\\Desktop\\e-forms\\vendor\\laravel\\framework\\src\\Illuminate\\Pipeline\\Pipeline.php(180): Illuminate\\Foundation\\Http\\Middleware\\ValidatePostSize->handle(Object(Illuminate\\Http\\Request), Object(Closure))
#43 C:\\Users\\stefanopoulos\\Desktop\\e-forms\\vendor\\laravel\\framework\\src\\Illuminate\\Foundation\\Http\\Middleware\\PreventRequestsDuringMaintenance.php(86): Illuminate\\Pipeline\\Pipeline->Illuminate\\Pipeline\\{closure}(Object(Illuminate\\Http\\Request))
#44 C:\\Users\\stefanopoulos\\Desktop\\e-forms\\vendor\\laravel\\framework\\src\\Illuminate\\Pipeline\\Pipeline.php(180): Illuminate\\Foundation\\Http\\Middleware\\PreventRequestsDuringMaintenance->handle(Object(Illuminate\\Http\\Request), Object(Closure))
#45 C:\\Users\\stefanopoulos\\Desktop\\e-forms\\vendor\\laravel\\framework\\src\\Illuminate\\Http\\Middleware\\HandleCors.php(49): Illuminate\\Pipeline\\Pipeline->Illuminate\\Pipeline\\{closure}(Object(Illuminate\\Http\\Request))
#46 C:\\Users\\stefanopoulos\\Desktop\\e-forms\\vendor\\laravel\\framework\\src\\Illuminate\\Pipeline\\Pipeline.php(180): Illuminate\\Http\\Middleware\\HandleCors->handle(Object(Illuminate\\Http\\Request), Object(Closure))
#47 C:\\Users\\stefanopoulos\\Desktop\\e-forms\\vendor\\laravel\\framework\\src\\Illuminate\\Http\\Middleware\\TrustProxies.php(39): Illuminate\\Pipeline\\Pipeline->Illuminate\\Pipeline\\{closure}(Object(Illuminate\\Http\\Request))
#48 C:\\Users\\stefanopoulos\\Desktop\\e-forms\\vendor\\laravel\\framework\\src\\Illuminate\\Pipeline\\Pipeline.php(180): Illuminate\\Http\\Middleware\\TrustProxies->handle(Object(Illuminate\\Http\\Request), Object(Closure))
#49 C:\\Users\\stefanopoulos\\Desktop\\e-forms\\vendor\\laravel\\framework\\src\\Illuminate\\Pipeline\\Pipeline.php(116): Illuminate\\Pipeline\\Pipeline->Illuminate\\Pipeline\\{closure}(Object(Illuminate\\Http\\Request))
#50 C:\\Users\\stefanopoulos\\Desktop\\e-forms\\vendor\\laravel\\framework\\src\\Illuminate\\Foundation\\Http\\Kernel.php(175): Illuminate\\Pipeline\\Pipeline->then(Object(Closure))
#51 C:\\Users\\stefanopoulos\\Desktop\\e-forms\\vendor\\laravel\\framework\\src\\Illuminate\\Foundation\\Http\\Kernel.php(144): Illuminate\\Foundation\\Http\\Kernel->sendRequestThroughRouter(Object(Illuminate\\Http\\Request))
#52 C:\\Users\\stefanopoulos\\Desktop\\e-forms\\public\\index.php(51): Illuminate\\Foundation\\Http\\Kernel->handle(Object(Illuminate\\Http\\Request))
#53 C:\\Users\\stefanopoulos\\Desktop\\e-forms\\vendor\\laravel\\framework\\src\\Illuminate\\Foundation\\resources\\server.php(16): require_once('C:\\\\Users\\\\stefan...')
#54 {main}

[previous exception] [object] (ErrorException(code: 0): Attempt to read property \"id\" on null at C:\\Users\\stefanopoulos\\Desktop\\e-forms\\storage\\framework\\views\\67800a60a210fb128232c9846d71636c.php:148)
[stacktrace]
#0 C:\\Users\\stefanopoulos\\Desktop\\e-forms\\vendor\\laravel\\framework\\src\\Illuminate\\Foundation\\Bootstrap\\HandleExceptions.php(254): Illuminate\\Foundation\\Bootstrap\\HandleExceptions->handleError(2, 'Attempt to read...', 'C:\\\\Users\\\\stefan...', 148)
#1 C:\\Users\\stefanopoulos\\Desktop\\e-forms\\storage\\framework\\views\\67800a60a210fb128232c9846d71636c.php(148): Illuminate\\Foundation\\Bootstrap\\HandleExceptions->Illuminate\\Foundation\\Bootstrap\\{closure}(2, 'Attempt to read...', 'C:\\\\Users\\\\stefan...', 148)
#2 C:\\Users\\stefanopoulos\\Desktop\\e-forms\\vendor\\laravel\\framework\\src\\Illuminate\\Filesystem\\Filesystem.php(124): require('C:\\\\Users\\\\stefan...')
#3 C:\\Users\\stefanopoulos\\Desktop\\e-forms\\vendor\\laravel\\framework\\src\\Illuminate\\Filesystem\\Filesystem.php(125): Illuminate\\Filesystem\\Filesystem::Illuminate\\Filesystem\\{closure}()
#4 C:\\Users\\stefanopoulos\\Desktop\\e-forms\\vendor\\laravel\\framework\\src\\Illuminate\\View\\Engines\\PhpEngine.php(58): Illuminate\\Filesystem\\Filesystem->getRequire('C:\\\\Users\\\\stefan...', Array)
#5 C:\\Users\\stefanopoulos\\Desktop\\e-forms\\vendor\\laravel\\framework\\src\\Illuminate\\View\\Engines\\CompilerEngine.php(70): Illuminate\\View\\Engines\\PhpEngine->evaluatePath('C:\\\\Users\\\\stefan...', Array)
#6 C:\\Users\\stefanopoulos\\Desktop\\e-forms\\vendor\\laravel\\framework\\src\\Illuminate\\View\\View.php(195): Illuminate\\View\\Engines\\CompilerEngine->get('C:\\\\Users\\\\stefan...', Array)
#7 C:\\Users\\stefanopoulos\\Desktop\\e-forms\\vendor\\laravel\\framework\\src\\Illuminate\\View\\View.php(178): Illuminate\\View\\View->getContents()
#8 C:\\Users\\stefanopoulos\\Desktop\\e-forms\\vendor\\laravel\\framework\\src\\Illuminate\\View\\View.php(147): Illuminate\\View\\View->renderContents()
#9 C:\\Users\\stefanopoulos\\Desktop\\e-forms\\vendor\\laravel\\framework\\src\\Illuminate\\Http\\Response.php(69): Illuminate\\View\\View->render()
#10 C:\\Users\\stefanopoulos\\Desktop\\e-forms\\vendor\\laravel\\framework\\src\\Illuminate\\Http\\Response.php(35): Illuminate\\Http\\Response->setContent(Object(Illuminate\\View\\View))
#11 C:\\Users\\stefanopoulos\\Desktop\\e-forms\\vendor\\laravel\\framework\\src\\Illuminate\\Routing\\Router.php(906): Illuminate\\Http\\Response->__construct(Object(Illuminate\\View\\View), 200, Array)
#12 C:\\Users\\stefanopoulos\\Desktop\\e-forms\\vendor\\laravel\\framework\\src\\Illuminate\\Routing\\Router.php(875): Illuminate\\Routing\\Router::toResponse(Object(Illuminate\\Http\\Request), Object(Illuminate\\View\\View))
#13 C:\\Users\\stefanopoulos\\Desktop\\e-forms\\vendor\\laravel\\framework\\src\\Illuminate\\Routing\\Router.php(797): Illuminate\\Routing\\Router->prepareResponse(Object(Illuminate\\Http\\Request), Object(Illuminate\\View\\View))
#14 C:\\Users\\stefanopoulos\\Desktop\\e-forms\\vendor\\laravel\\framework\\src\\Illuminate\\Pipeline\\Pipeline.php(141): Illuminate\\Routing\\Router->Illuminate\\Routing\\{closure}(Object(Illuminate\\Http\\Request))
#15 C:\\Users\\stefanopoulos\\Desktop\\e-forms\\vendor\\laravel\\framework\\src\\Illuminate\\Routing\\Middleware\\SubstituteBindings.php(50): Illuminate\\Pipeline\\Pipeline->Illuminate\\Pipeline\\{closure}(Object(Illuminate\\Http\\Request))
#16 C:\\Users\\stefanopoulos\\Desktop\\e-forms\\vendor\\laravel\\framework\\src\\Illuminate\\Pipeline\\Pipeline.php(180): Illuminate\\Routing\\Middleware\\SubstituteBindings->handle(Object(Illuminate\\Http\\Request), Object(Closure))
#17 C:\\Users\\stefanopoulos\\Desktop\\e-forms\\vendor\\laravel\\framework\\src\\Illuminate\\Foundation\\Http\\Middleware\\VerifyCsrfToken.php(78): Illuminate\\Pipeline\\Pipeline->Illuminate\\Pipeline\\{closure}(Object(Illuminate\\Http\\Request))
#18 C:\\Users\\stefanopoulos\\Desktop\\e-forms\\vendor\\laravel\\framework\\src\\Illuminate\\Pipeline\\Pipeline.php(180): Illuminate\\Foundation\\Http\\Middleware\\VerifyCsrfToken->handle(Object(Illuminate\\Http\\Request), Object(Closure))
#19 C:\\Users\\stefanopoulos\\Desktop\\e-forms\\vendor\\laravel\\framework\\src\\Illuminate\\View\\Middleware\\ShareErrorsFromSession.php(49): Illuminate\\Pipeline\\Pipeline->Illuminate\\Pipeline\\{closure}(Object(Illuminate\\Http\\Request))
#20 C:\\Users\\stefanopoulos\\Desktop\\e-forms\\vendor\\laravel\\framework\\src\\Illuminate\\Pipeline\\Pipeline.php(180): Illuminate\\View\\Middleware\\ShareErrorsFromSession->handle(Object(Illuminate\\Http\\Request), Object(Closure))
#21 C:\\Users\\stefanopoulos\\Desktop\\e-forms\\vendor\\laravel\\framework\\src\\Illuminate\\Session\\Middleware\\StartSession.php(121): Illuminate\\Pipeline\\Pipeline->Illuminate\\Pipeline\\{closure}(Object(Illuminate\\Http\\Request))
#22 C:\\Users\\stefanopoulos\\Desktop\\e-forms\\vendor\\laravel\\framework\\src\\Illuminate\\Session\\Middleware\\StartSession.php(64): Illuminate\\Session\\Middleware\\StartSession->handleStatefulRequest(Object(Illuminate\\Http\\Request), Object(Illuminate\\Session\\Store), Object(Closure))
#23 C:\\Users\\stefanopoulos\\Desktop\\e-forms\\vendor\\laravel\\framework\\src\\Illuminate\\Pipeline\\Pipeline.php(180): Illuminate\\Session\\Middleware\\StartSession->handle(Object(Illuminate\\Http\\Request), Object(Closure))
#24 C:\\Users\\stefanopoulos\\Desktop\\e-forms\\vendor\\laravel\\framework\\src\\Illuminate\\Cookie\\Middleware\\AddQueuedCookiesToResponse.php(37): Illuminate\\Pipeline\\Pipeline->Illuminate\\Pipeline\\{closure}(Object(Illuminate\\Http\\Request))
#25 C:\\Users\\stefanopoulos\\Desktop\\e-forms\\vendor\\laravel\\framework\\src\\Illuminate\\Pipeline\\Pipeline.php(180): Illuminate\\Cookie\\Middleware\\AddQueuedCookiesToResponse->handle(Object(Illuminate\\Http\\Request), Object(Closure))
#26 C:\\Users\\stefanopoulos\\Desktop\\e-forms\\vendor\\laravel\\framework\\src\\Illuminate\\Cookie\\Middleware\\EncryptCookies.php(67): Illuminate\\Pipeline\\Pipeline->Illuminate\\Pipeline\\{closure}(Object(Illuminate\\Http\\Request))
#27 C:\\Users\\stefanopoulos\\Desktop\\e-forms\\vendor\\laravel\\framework\\src\\Illuminate\\Pipeline\\Pipeline.php(180): Illuminate\\Cookie\\Middleware\\EncryptCookies->handle(Object(Illuminate\\Http\\Request), Object(Closure))
#28 C:\\Users\\stefanopoulos\\Desktop\\e-forms\\vendor\\laravel\\framework\\src\\Illuminate\\Pipeline\\Pipeline.php(116): Illuminate\\Pipeline\\Pipeline->Illuminate\\Pipeline\\{closure}(Object(Illuminate\\Http\\Request))
#29 C:\\Users\\stefanopoulos\\Desktop\\e-forms\\vendor\\laravel\\framework\\src\\Illuminate\\Routing\\Router.php(797): Illuminate\\Pipeline\\Pipeline->then(Object(Closure))
#30 C:\\Users\\stefanopoulos\\Desktop\\e-forms\\vendor\\laravel\\framework\\src\\Illuminate\\Routing\\Router.php(776): Illuminate\\Routing\\Router->runRouteWithinStack(Object(Illuminate\\Routing\\Route), Object(Illuminate\\Http\\Request))
#31 C:\\Users\\stefanopoulos\\Desktop\\e-forms\\vendor\\laravel\\framework\\src\\Illuminate\\Routing\\Router.php(740): Illuminate\\Routing\\Router->runRoute(Object(Illuminate\\Http\\Request), Object(Illuminate\\Routing\\Route))
#32 C:\\Users\\stefanopoulos\\Desktop\\e-forms\\vendor\\laravel\\framework\\src\\Illuminate\\Routing\\Router.php(729): Illuminate\\Routing\\Router->dispatchToRoute(Object(Illuminate\\Http\\Request))
#33 C:\\Users\\stefanopoulos\\Desktop\\e-forms\\vendor\\laravel\\framework\\src\\Illuminate\\Foundation\\Http\\Kernel.php(200): Illuminate\\Routing\\Router->dispatch(Object(Illuminate\\Http\\Request))
#34 C:\\Users\\stefanopoulos\\Desktop\\e-forms\\vendor\\laravel\\framework\\src\\Illuminate\\Pipeline\\Pipeline.php(141): Illuminate\\Foundation\\Http\\Kernel->Illuminate\\Foundation\\Http\\{closure}(Object(Illuminate\\Http\\Request))
#35 C:\\Users\\stefanopoulos\\Desktop\\e-forms\\vendor\\laravel\\framework\\src\\Illuminate\\Foundation\\Http\\Middleware\\TransformsRequest.php(21): Illuminate\\Pipeline\\Pipeline->Illuminate\\Pipeline\\{closure}(Object(Illuminate\\Http\\Request))
#36 C:\\Users\\stefanopoulos\\Desktop\\e-forms\\vendor\\laravel\\framework\\src\\Illuminate\\Foundation\\Http\\Middleware\\ConvertEmptyStringsToNull.php(31): Illuminate\\Foundation\\Http\\Middleware\\TransformsRequest->handle(Object(Illuminate\\Http\\Request), Object(Closure))
#37 C:\\Users\\stefanopoulos\\Desktop\\e-forms\\vendor\\laravel\\framework\\src\\Illuminate\\Pipeline\\Pipeline.php(180): Illuminate\\Foundation\\Http\\Middleware\\ConvertEmptyStringsToNull->handle(Object(Illuminate\\Http\\Request), Object(Closure))
#38 C:\\Users\\stefanopoulos\\Desktop\\e-forms\\vendor\\laravel\\framework\\src\\Illuminate\\Foundation\\Http\\Middleware\\TransformsRequest.php(21): Illuminate\\Pipeline\\Pipeline->Illuminate\\Pipeline\\{closure}(Object(Illuminate\\Http\\Request))
#39 C:\\Users\\stefanopoulos\\Desktop\\e-forms\\vendor\\laravel\\framework\\src\\Illuminate\\Foundation\\Http\\Middleware\\TrimStrings.php(40): Illuminate\\Foundation\\Http\\Middleware\\TransformsRequest->handle(Object(Illuminate\\Http\\Request), Object(Closure))
#40 C:\\Users\\stefanopoulos\\Desktop\\e-forms\\vendor\\laravel\\framework\\src\\Illuminate\\Pipeline\\Pipeline.php(180): Illuminate\\Foundation\\Http\\Middleware\\TrimStrings->handle(Object(Illuminate\\Http\\Request), Object(Closure))
#41 C:\\Users\\stefanopoulos\\Desktop\\e-forms\\vendor\\laravel\\framework\\src\\Illuminate\\Foundation\\Http\\Middleware\\ValidatePostSize.php(27): Illuminate\\Pipeline\\Pipeline->Illuminate\\Pipeline\\{closure}(Object(Illuminate\\Http\\Request))
#42 C:\\Users\\stefanopoulos\\Desktop\\e-forms\\vendor\\laravel\\framework\\src\\Illuminate\\Pipeline\\Pipeline.php(180): Illuminate\\Foundation\\Http\\Middleware\\ValidatePostSize->handle(Object(Illuminate\\Http\\Request), Object(Closure))
#43 C:\\Users\\stefanopoulos\\Desktop\\e-forms\\vendor\\laravel\\framework\\src\\Illuminate\\Foundation\\Http\\Middleware\\PreventRequestsDuringMaintenance.php(86): Illuminate\\Pipeline\\Pipeline->Illuminate\\Pipeline\\{closure}(Object(Illuminate\\Http\\Request))
#44 C:\\Users\\stefanopoulos\\Desktop\\e-forms\\vendor\\laravel\\framework\\src\\Illuminate\\Pipeline\\Pipeline.php(180): Illuminate\\Foundation\\Http\\Middleware\\PreventRequestsDuringMaintenance->handle(Object(Illuminate\\Http\\Request), Object(Closure))
#45 C:\\Users\\stefanopoulos\\Desktop\\e-forms\\vendor\\laravel\\framework\\src\\Illuminate\\Http\\Middleware\\HandleCors.php(49): Illuminate\\Pipeline\\Pipeline->Illuminate\\Pipeline\\{closure}(Object(Illuminate\\Http\\Request))
#46 C:\\Users\\stefanopoulos\\Desktop\\e-forms\\vendor\\laravel\\framework\\src\\Illuminate\\Pipeline\\Pipeline.php(180): Illuminate\\Http\\Middleware\\HandleCors->handle(Object(Illuminate\\Http\\Request), Object(Closure))
#47 C:\\Users\\stefanopoulos\\Desktop\\e-forms\\vendor\\laravel\\framework\\src\\Illuminate\\Http\\Middleware\\TrustProxies.php(39): Illuminate\\Pipeline\\Pipeline->Illuminate\\Pipeline\\{closure}(Object(Illuminate\\Http\\Request))
#48 C:\\Users\\stefanopoulos\\Desktop\\e-forms\\vendor\\laravel\\framework\\src\\Illuminate\\Pipeline\\Pipeline.php(180): Illuminate\\Http\\Middleware\\TrustProxies->handle(Object(Illuminate\\Http\\Request), Object(Closure))
#49 C:\\Users\\stefanopoulos\\Desktop\\e-forms\\vendor\\laravel\\framework\\src\\Illuminate\\Pipeline\\Pipeline.php(116): Illuminate\\Pipeline\\Pipeline->Illuminate\\Pipeline\\{closure}(Object(Illuminate\\Http\\Request))
#50 C:\\Users\\stefanopoulos\\Desktop\\e-forms\\vendor\\laravel\\framework\\src\\Illuminate\\Foundation\\Http\\Kernel.php(175): Illuminate\\Pipeline\\Pipeline->then(Object(Closure))
#51 C:\\Users\\stefanopoulos\\Desktop\\e-forms\\vendor\\laravel\\framework\\src\\Illuminate\\Foundation\\Http\\Kernel.php(144): Illuminate\\Foundation\\Http\\Kernel->sendRequestThroughRouter(Object(Illuminate\\Http\\Request))
#52 C:\\Users\\stefanopoulos\\Desktop\\e-forms\\public\\index.php(51): Illuminate\\Foundation\\Http\\Kernel->handle(Object(Illuminate\\Http\\Request))
#53 C:\\Users\\stefanopoulos\\Desktop\\e-forms\\vendor\\laravel\\framework\\src\\Illuminate\\Foundation\\resources\\server.php(16): require_once('C:\\\\Users\\\\stefan...')
#54 {main}
"} 
[2025-04-16 12:31:49] local.ERROR: Attempt to read property "id" on null {"view":{"view":"C:\\Users\\stefanopoulos\\Desktop\\e-forms\\resources\\views\\microapps\\actions\\index_school.blade.php","data":{"errors":"<pre class=sf-dump id=sf-dump-1942658130 data-indent-pad=\"  \"><span class=sf-dump-note>Illuminate\\Support\\ViewErrorBag</span> {<a class=sf-dump-ref>#1732</a><samp data-depth=1 class=sf-dump-expanded>
  #<span class=sf-dump-protected title=\"Protected property\">bags</span>: []
</samp>}
</pre><script>Sfdump(\"sf-dump-1942658130\", {\"maxDepth\":3,\"maxStringLength\":160})</script>
","request":"<pre class=sf-dump id=sf-dump-1172734551 data-indent-pad=\"  \"><span class=sf-dump-note>Illuminate\\Http\\Request</span> {<a class=sf-dump-ref>#44</a><samp data-depth=1 class=sf-dump-expanded>
  +<span class=sf-dump-public title=\"Public property\">attributes</span>: <span class=sf-dump-note title=\"Symfony\\Component\\HttpFoundation\\ParameterBag
\"><span class=\"sf-dump-ellipsis sf-dump-ellipsis-note\">Symfony\\Component\\HttpFoundation</span><span class=\"sf-dump-ellipsis sf-dump-ellipsis-note\">\\</span>ParameterBag</span> {<a class=sf-dump-ref>#46</a><samp data-depth=2 class=sf-dump-compact>
    #<span class=sf-dump-protected title=\"Protected property\">parameters</span>: []
  </samp>}
  +<span class=sf-dump-public title=\"Public property\">request</span>: <span class=sf-dump-note title=\"Symfony\\Component\\HttpFoundation\\InputBag
\"><span class=\"sf-dump-ellipsis sf-dump-ellipsis-note\">Symfony\\Component\\HttpFoundation</span><span class=\"sf-dump-ellipsis sf-dump-ellipsis-note\">\\</span>InputBag</span> {<a class=sf-dump-ref>#45</a><samp data-depth=2 class=sf-dump-compact>
    #<span class=sf-dump-protected title=\"Protected property\">parameters</span>: []
  </samp>}
  +<span class=sf-dump-public title=\"Public property\">query</span>: <span class=sf-dump-note title=\"Symfony\\Component\\HttpFoundation\\InputBag
\"><span class=\"sf-dump-ellipsis sf-dump-ellipsis-note\">Symfony\\Component\\HttpFoundation</span><span class=\"sf-dump-ellipsis sf-dump-ellipsis-note\">\\</span>InputBag</span> {<a class=sf-dump-ref>#52</a><samp data-depth=2 class=sf-dump-compact>
    #<span class=sf-dump-protected title=\"Protected property\">parameters</span>: []
  </samp>}
  +<span class=sf-dump-public title=\"Public property\">server</span>: <span class=sf-dump-note title=\"Symfony\\Component\\HttpFoundation\\ServerBag
\"><span class=\"sf-dump-ellipsis sf-dump-ellipsis-note\">Symfony\\Component\\HttpFoundation</span><span class=\"sf-dump-ellipsis sf-dump-ellipsis-note\">\\</span>ServerBag</span> {<a class=sf-dump-ref>#48</a><samp data-depth=2 class=sf-dump-compact>
    #<span class=sf-dump-protected title=\"Protected property\">parameters</span>: <span class=sf-dump-note>array:31</span> [<samp data-depth=3 class=sf-dump-compact>
      \"<span class=sf-dump-key>DOCUMENT_ROOT</span>\" => \"<span class=sf-dump-str title=\"45 characters\">C:\\Users\\stefanopoulos\\Desktop\\e-forms\\public</span>\"
      \"<span class=sf-dump-key>REMOTE_ADDR</span>\" => \"<span class=sf-dump-str title=\"9 characters\">127.0.0.1</span>\"
      \"<span class=sf-dump-key>REMOTE_PORT</span>\" => \"<span class=sf-dump-str title=\"5 characters\">65382</span>\"
      \"<span class=sf-dump-key>SERVER_SOFTWARE</span>\" => \"<span class=sf-dump-str title=\"28 characters\">PHP 8.2.3 Development Server</span>\"
      \"<span class=sf-dump-key>SERVER_PROTOCOL</span>\" => \"<span class=sf-dump-str title=\"8 characters\">HTTP/1.1</span>\"
      \"<span class=sf-dump-key>SERVER_NAME</span>\" => \"<span class=sf-dump-str title=\"9 characters\">127.0.0.1</span>\"
      \"<span class=sf-dump-key>SERVER_PORT</span>\" => \"<span class=sf-dump-str title=\"4 characters\">8000</span>\"
      \"<span class=sf-dump-key>REQUEST_URI</span>\" => \"<span class=sf-dump-str title=\"31 characters\">/actions/consultants_supervisor</span>\"
      \"<span class=sf-dump-key>REQUEST_METHOD</span>\" => \"<span class=sf-dump-str title=\"3 characters\">GET</span>\"
      \"<span class=sf-dump-key>SCRIPT_NAME</span>\" => \"<span class=sf-dump-str title=\"10 characters\">/index.php</span>\"
      \"<span class=sf-dump-key>SCRIPT_FILENAME</span>\" => \"<span class=sf-dump-str title=\"55 characters\">C:\\Users\\stefanopoulos\\Desktop\\e-forms\\public\\index.php</span>\"
      \"<span class=sf-dump-key>PATH_INFO</span>\" => \"<span class=sf-dump-str title=\"31 characters\">/actions/consultants_supervisor</span>\"
      \"<span class=sf-dump-key>PHP_SELF</span>\" => \"<span class=sf-dump-str title=\"41 characters\">/index.php/actions/consultants_supervisor</span>\"
      \"<span class=sf-dump-key>HTTP_HOST</span>\" => \"<span class=sf-dump-str title=\"14 characters\">localhost:8000</span>\"
      \"<span class=sf-dump-key>HTTP_USER_AGENT</span>\" => \"<span class=sf-dump-str title=\"80 characters\">Mozilla/5.0 (Windows NT 10.0; Win64; x64; rv:137.0) Gecko/20100101 Firefox/137.0</span>\"
      \"<span class=sf-dump-key>HTTP_ACCEPT</span>\" => \"<span class=sf-dump-str title=\"63 characters\">text/html,application/xhtml+xml,application/xml;q=0.9,*/*;q=0.8</span>\"
      \"<span class=sf-dump-key>HTTP_ACCEPT_LANGUAGE</span>\" => \"<span class=sf-dump-str title=\"14 characters\">en-US,en;q=0.5</span>\"
      \"<span class=sf-dump-key>HTTP_ACCEPT_ENCODING</span>\" => \"<span class=sf-dump-str title=\"23 characters\">gzip, deflate, br, zstd</span>\"
      \"<span class=sf-dump-key>HTTP_DNT</span>\" => \"<span class=sf-dump-str>1</span>\"
      \"<span class=sf-dump-key>HTTP_SEC_GPC</span>\" => \"<span class=sf-dump-str>1</span>\"
      \"<span class=sf-dump-key>HTTP_CONNECTION</span>\" => \"<span class=sf-dump-str title=\"10 characters\">keep-alive</span>\"
      \"<span class=sf-dump-key>HTTP_REFERER</span>\" => \"<span class=sf-dump-str title=\"38 characters\">http://localhost:8000/index_consultant</span>\"
      \"<span class=sf-dump-key>HTTP_COOKIE</span>\" => \"<span class=sf-dump-str title=\"747 characters\">XSRF-TOKEN=eyJpdiI6IkljQWFFd0htWVBpUE5HcGJvL3VMRmc9PSIsInZhbHVlIjoiMTRkZlRWWllEdW5Kb1YyU3lhUitDTDhXanNnL24rdXhwS0haTTRqcFFYalFtdVRGcUQxSTcxRlJqMGcrM0gxd2g5MGxQWDZSeTZLL0l3bUJrRzhpdTl2eEU1SWN0aEJGaWQ5T3phdS9sMkVBNCtScXJwRTZaM0M4VlFqL0ZjcnoiLCJtYWMiOiI2NjQ2N2ZjYWQxYzBiMGY4N2ZmMWRmY2ZlM2FkYWMwMzNkZTEzMDc1NTVkZWIxYjdjNjY2MTRiOWVlMDQwOWRmIiwidGFnIjoiIn0%3D; dieuthinsi_pe_akhaias_hlektronikes_formes_session=eyJpdiI6IlBjK0dROXVOUUpTRnRwK1cydHk3Ync9PSIsInZhbHVlIjoid2pxR3NyY3FaZDU3VUFtUi9KUnV6SU5hN3pDU0R3aWllSDlET2dya2Z4T1pHYmlTS2ZKTm5PUVBwT2FwL2NBOHA4TXp4M2syRWJQdmliSHZubTFBUjNVZVh2WGxIejdGdHlQWmpXcG1ER1U3WW9zeUFER1VzN3M0THZCUldzRTEiLCJtYWMiOiI1ZWVkOGY0ZTFlMzYzMWI4MTlkNzE5ZjBjZDcwMjk5Y2E4ZjFkYjI4YzA5YmVmOTI0ZjU2YjMzOGNiMTQwMzg4IiwidGFnIjoiIn0%3D</span>\"
      \"<span class=sf-dump-key>HTTP_UPGRADE_INSECURE_REQUESTS</span>\" => \"<span class=sf-dump-str>1</span>\"
      \"<span class=sf-dump-key>HTTP_SEC_FETCH_DEST</span>\" => \"<span class=sf-dump-str title=\"8 characters\">document</span>\"
      \"<span class=sf-dump-key>HTTP_SEC_FETCH_MODE</span>\" => \"<span class=sf-dump-str title=\"8 characters\">navigate</span>\"
      \"<span class=sf-dump-key>HTTP_SEC_FETCH_SITE</span>\" => \"<span class=sf-dump-str title=\"11 characters\">same-origin</span>\"
      \"<span class=sf-dump-key>HTTP_SEC_FETCH_USER</span>\" => \"<span class=sf-dump-str title=\"2 characters\">?1</span>\"
      \"<span class=sf-dump-key>HTTP_PRIORITY</span>\" => \"<span class=sf-dump-str title=\"6 characters\">u=0, i</span>\"
      \"<span class=sf-dump-key>REQUEST_TIME_FLOAT</span>\" => <span class=sf-dump-num>1744795909.7308</span>
      \"<span class=sf-dump-key>REQUEST_TIME</span>\" => <span class=sf-dump-num>1744795909</span>
    </samp>]
  </samp>}
  +<span class=sf-dump-public title=\"Public property\">files</span>: <span class=sf-dump-note title=\"Symfony\\Component\\HttpFoundation\\FileBag
\"><span class=\"sf-dump-ellipsis sf-dump-ellipsis-note\">Symfony\\Component\\HttpFoundation</span><span class=\"sf-dump-ellipsis sf-dump-ellipsis-note\">\\</span>FileBag</span> {<a class=sf-dump-ref>#49</a><samp data-depth=2 class=sf-dump-compact>
    #<span class=sf-dump-protected title=\"Protected property\">parameters</span>: []
  </samp>}
  +<span class=sf-dump-public title=\"Public property\">cookies</span>: <span class=sf-dump-note title=\"Symfony\\Component\\HttpFoundation\\InputBag
\"><span class=\"sf-dump-ellipsis sf-dump-ellipsis-note\">Symfony\\Component\\HttpFoundation</span><span class=\"sf-dump-ellipsis sf-dump-ellipsis-note\">\\</span>InputBag</span> {<a class=sf-dump-ref>#47</a><samp data-depth=2 class=sf-dump-compact>
    #<span class=sf-dump-protected title=\"Protected property\">parameters</span>: <span class=sf-dump-note>array:2</span> [<samp data-depth=3 class=sf-dump-compact>
      \"<span class=sf-dump-key>XSRF-TOKEN</span>\" => \"<span class=sf-dump-str title=\"40 characters\">w7YF2vMfMfKzH03DJWOvxCtzcI3IgsLoCI6eekGY</span>\"
      \"<span class=sf-dump-key>dieuthinsi_pe_akhaias_hlektronikes_formes_session</span>\" => \"<span class=sf-dump-str title=\"40 characters\">aBWZs3xkCIRmRTFtKcKklUGqSS4C1XMFqLfuC6Rk</span>\"
    </samp>]
  </samp>}
  +<span class=sf-dump-public title=\"Public property\">headers</span>: <span class=sf-dump-note title=\"Symfony\\Component\\HttpFoundation\\HeaderBag
\"><span class=\"sf-dump-ellipsis sf-dump-ellipsis-note\">Symfony\\Component\\HttpFoundation</span><span class=\"sf-dump-ellipsis sf-dump-ellipsis-note\">\\</span>HeaderBag</span> {<a class=sf-dump-ref>#50</a><samp data-depth=2 class=sf-dump-compact>
    #<span class=sf-dump-protected title=\"Protected property\">headers</span>: <span class=sf-dump-note>array:16</span> [<samp data-depth=3 class=sf-dump-compact>
      \"<span class=sf-dump-key>host</span>\" => <span class=sf-dump-note>array:1</span> [ &#8230;1]
      \"<span class=sf-dump-key>user-agent</span>\" => <span class=sf-dump-note>array:1</span> [ &#8230;1]
      \"<span class=sf-dump-key>accept</span>\" => <span class=sf-dump-note>array:1</span> [ &#8230;1]
      \"<span class=sf-dump-key>accept-language</span>\" => <span class=sf-dump-note>array:1</span> [ &#8230;1]
      \"<span class=sf-dump-key>accept-encoding</span>\" => <span class=sf-dump-note>array:1</span> [ &#8230;1]
      \"<span class=sf-dump-key>dnt</span>\" => <span class=sf-dump-note>array:1</span> [ &#8230;1]
      \"<span class=sf-dump-key>sec-gpc</span>\" => <span class=sf-dump-note>array:1</span> [ &#8230;1]
      \"<span class=sf-dump-key>connection</span>\" => <span class=sf-dump-note>array:1</span> [ &#8230;1]
      \"<span class=sf-dump-key>referer</span>\" => <span class=sf-dump-note>array:1</span> [ &#8230;1]
      \"<span class=sf-dump-key>cookie</span>\" => <span class=sf-dump-note>array:1</span> [ &#8230;1]
      \"<span class=sf-dump-key>upgrade-insecure-requests</span>\" => <span class=sf-dump-note>array:1</span> [ &#8230;1]
      \"<span class=sf-dump-key>sec-fetch-dest</span>\" => <span class=sf-dump-note>array:1</span> [ &#8230;1]
      \"<span class=sf-dump-key>sec-fetch-mode</span>\" => <span class=sf-dump-note>array:1</span> [ &#8230;1]
      \"<span class=sf-dump-key>sec-fetch-site</span>\" => <span class=sf-dump-note>array:1</span> [ &#8230;1]
      \"<span class=sf-dump-key>sec-fetch-user</span>\" => <span class=sf-dump-note>array:1</span> [ &#8230;1]
      \"<span class=sf-dump-key>priority</span>\" => <span class=sf-dump-note>array:1</span> [ &#8230;1]
    </samp>]
    #<span class=sf-dump-protected title=\"Protected property\">cacheControl</span>: []
  </samp>}
  #<span class=sf-dump-protected title=\"Protected property\">content</span>: <span class=sf-dump-const>null</span>
  #<span class=sf-dump-protected title=\"Protected property\">languages</span>: <span class=sf-dump-const>null</span>
  #<span class=sf-dump-protected title=\"Protected property\">charsets</span>: <span class=sf-dump-const>null</span>
  #<span class=sf-dump-protected title=\"Protected property\">encodings</span>: <span class=sf-dump-const>null</span>
  #<span class=sf-dump-protected title=\"Protected property\">acceptableContentTypes</span>: <span class=sf-dump-const>null</span>
  #<span class=sf-dump-protected title=\"Protected property\">pathInfo</span>: \"<span class=sf-dump-str title=\"31 characters\">/actions/consultants_supervisor</span>\"
  #<span class=sf-dump-protected title=\"Protected property\">requestUri</span>: \"<span class=sf-dump-str title=\"31 characters\">/actions/consultants_supervisor</span>\"
  #<span class=sf-dump-protected title=\"Protected property\">baseUrl</span>: \"\"
  #<span class=sf-dump-protected title=\"Protected property\">basePath</span>: <span class=sf-dump-const>null</span>
  #<span class=sf-dump-protected title=\"Protected property\">method</span>: \"<span class=sf-dump-str title=\"3 characters\">GET</span>\"
  #<span class=sf-dump-protected title=\"Protected property\">format</span>: <span class=sf-dump-const>null</span>
  #<span class=sf-dump-protected title=\"Protected property\">session</span>: <span class=sf-dump-note title=\"Illuminate\\Session\\Store
\"><span class=\"sf-dump-ellipsis sf-dump-ellipsis-note\">Illuminate\\Session</span><span class=\"sf-dump-ellipsis sf-dump-ellipsis-note\">\\</span>Store</span> {<a class=sf-dump-ref>#1728</a><samp data-depth=2 class=sf-dump-compact>
    #<span class=sf-dump-protected title=\"Protected property\">id</span>: \"<span class=sf-dump-str title=\"40 characters\">aBWZs3xkCIRmRTFtKcKklUGqSS4C1XMFqLfuC6Rk</span>\"
    #<span class=sf-dump-protected title=\"Protected property\">name</span>: \"<span class=sf-dump-str title=\"49 characters\">dieuthinsi_pe_akhaias_hlektronikes_formes_session</span>\"
    #<span class=sf-dump-protected title=\"Protected property\">attributes</span>: <span class=sf-dump-note>array:4</span> [<samp data-depth=3 class=sf-dump-compact>
      \"<span class=sf-dump-key>_token</span>\" => \"<span class=sf-dump-str title=\"40 characters\">w7YF2vMfMfKzH03DJWOvxCtzcI3IgsLoCI6eekGY</span>\"
      \"<span class=sf-dump-key>login_consultant_59ba36addc2b2f9401580f014c7f58ea4e30989d</span>\" => <span class=sf-dump-num>6</span>
      \"<span class=sf-dump-key>_flash</span>\" => <span class=sf-dump-note>array:2</span> [ &#8230;2]
      \"<span class=sf-dump-key>_previous</span>\" => <span class=sf-dump-note>array:1</span> [ &#8230;1]
    </samp>]
    #<span class=sf-dump-protected title=\"Protected property\">handler</span>: <span class=sf-dump-note title=\"Illuminate\\Session\\FileSessionHandler
\"><span class=\"sf-dump-ellipsis sf-dump-ellipsis-note\">Illuminate\\Session</span><span class=\"sf-dump-ellipsis sf-dump-ellipsis-note\">\\</span>FileSessionHandler</span> {<a class=sf-dump-ref>#1727</a><samp data-depth=3 class=sf-dump-compact>
      #<span class=sf-dump-protected title=\"Protected property\">files</span>: <span class=sf-dump-note title=\"Illuminate\\Filesystem\\Filesystem
\"><span class=\"sf-dump-ellipsis sf-dump-ellipsis-note\">Illuminate\\Filesystem</span><span class=\"sf-dump-ellipsis sf-dump-ellipsis-note\">\\</span>Filesystem</span> {<a class=sf-dump-ref>#169</a>}
      #<span class=sf-dump-protected title=\"Protected property\">path</span>: \"<span class=sf-dump-str title=\"65 characters\">C:\\Users\\stefanopoulos\\Desktop\\e-forms\\storage\\framework/sessions</span>\"
      #<span class=sf-dump-protected title=\"Protected property\">minutes</span>: \"<span class=sf-dump-str title=\"3 characters\">120</span>\"
    </samp>}
    #<span class=sf-dump-protected title=\"Protected property\">serialization</span>: \"<span class=sf-dump-str title=\"3 characters\">php</span>\"
    #<span class=sf-dump-protected title=\"Protected property\">started</span>: <span class=sf-dump-const>true</span>
  </samp>}
  #<span class=sf-dump-protected title=\"Protected property\">locale</span>: <span class=sf-dump-const>null</span>
  #<span class=sf-dump-protected title=\"Protected property\">defaultLocale</span>: \"<span class=sf-dump-str title=\"2 characters\">en</span>\"
  -<span class=sf-dump-private title=\"Private property defined in class:&#10;`Symfony\\Component\\HttpFoundation\\Request`\">preferredFormat</span>: <span class=sf-dump-const>null</span>
  -<span class=sf-dump-private title=\"Private property defined in class:&#10;`Symfony\\Component\\HttpFoundation\\Request`\">isHostValid</span>: <span class=sf-dump-const>true</span>
  -<span class=sf-dump-private title=\"Private property defined in class:&#10;`Symfony\\Component\\HttpFoundation\\Request`\">isForwardedValid</span>: <span class=sf-dump-const>true</span>
  #<span class=sf-dump-protected title=\"Protected property\">json</span>: <span class=sf-dump-const>null</span>
  #<span class=sf-dump-protected title=\"Protected property\">convertedFiles</span>: []
  #<span class=sf-dump-protected title=\"Protected property\">userResolver</span>: <span class=sf-dump-note>Closure($guard = null)</span> {<a class=sf-dump-ref>#1582</a><samp data-depth=2 class=sf-dump-compact>
    <span class=sf-dump-meta>class</span>: \"<span class=sf-dump-str title=\"Illuminate\\Auth\\AuthServiceProvider
35 characters\"><span class=\"sf-dump-ellipsis sf-dump-ellipsis-class\">Illuminate\\Auth</span><span class=\"sf-dump-ellipsis sf-dump-ellipsis-class\">\\</span>AuthServiceProvider</span>\"
    <span class=sf-dump-meta>this</span>: <span class=sf-dump-note title=\"Illuminate\\Auth\\AuthServiceProvider
\"><span class=\"sf-dump-ellipsis sf-dump-ellipsis-note\">Illuminate\\Auth</span><span class=\"sf-dump-ellipsis sf-dump-ellipsis-note\">\\</span>AuthServiceProvider</span> {<a class=sf-dump-ref>#165</a> &#8230;}
    <span class=sf-dump-meta>use</span>: {<samp data-depth=3 class=sf-dump-compact>
      <span class=sf-dump-meta>$app</span>: <span class=sf-dump-note title=\"Illuminate\\Foundation\\Application
\"><span class=\"sf-dump-ellipsis sf-dump-ellipsis-note\">Illuminate\\Foundation</span><span class=\"sf-dump-ellipsis sf-dump-ellipsis-note\">\\</span>Application</span> {<a class=sf-dump-ref>#2</a> &#8230;}
    </samp>}
    <span class=sf-dump-meta>file</span>: \"<span class=sf-dump-str title=\"C:\\Users\\stefanopoulos\\Desktop\\e-forms\\vendor\\laravel\\framework\\src\\Illuminate\\Auth\\AuthServiceProvider.php
107 characters\"><span class=\"sf-dump-ellipsis sf-dump-ellipsis-path\">C:\\Users\\stefanopoulos\\Desktop\\e-forms\\vendor</span><span class=\"sf-dump-ellipsis sf-dump-ellipsis-path\">\\laravel\\framework\\</span>src\\Illuminate\\Auth\\AuthServiceProvider.php</span>\"
    <span class=sf-dump-meta>line</span>: \"<span class=sf-dump-str title=\"8 characters\">88 to 90</span>\"
  </samp>}
  #<span class=sf-dump-protected title=\"Protected property\">routeResolver</span>: <span class=sf-dump-note>Closure()</span> {<a class=sf-dump-ref>#1591</a><samp data-depth=2 class=sf-dump-compact>
    <span class=sf-dump-meta>class</span>: \"<span class=sf-dump-str title=\"Illuminate\\Routing\\Router
25 characters\"><span class=\"sf-dump-ellipsis sf-dump-ellipsis-class\">Illuminate\\Routing</span><span class=\"sf-dump-ellipsis sf-dump-ellipsis-class\">\\</span>Router</span>\"
    <span class=sf-dump-meta>this</span>: <span class=sf-dump-note title=\"Illuminate\\Routing\\Router
\"><span class=\"sf-dump-ellipsis sf-dump-ellipsis-note\">Illuminate\\Routing</span><span class=\"sf-dump-ellipsis sf-dump-ellipsis-note\">\\</span>Router</span> {<a class=sf-dump-ref>#27</a> &#8230;}
    <span class=sf-dump-meta>use</span>: {<samp data-depth=3 class=sf-dump-compact>
      <span class=sf-dump-meta>$route</span>: <span class=sf-dump-note title=\"Illuminate\\Routing\\Route
\"><span class=\"sf-dump-ellipsis sf-dump-ellipsis-note\">Illuminate\\Routing</span><span class=\"sf-dump-ellipsis sf-dump-ellipsis-note\">\\</span>Route</span> {<a class=sf-dump-ref>#1427</a> &#8230;}
    </samp>}
    <span class=sf-dump-meta>file</span>: \"<span class=sf-dump-str title=\"C:\\Users\\stefanopoulos\\Desktop\\e-forms\\vendor\\laravel\\framework\\src\\Illuminate\\Routing\\Router.php
97 characters\"><span class=\"sf-dump-ellipsis sf-dump-ellipsis-path\">C:\\Users\\stefanopoulos\\Desktop\\e-forms\\vendor</span><span class=\"sf-dump-ellipsis sf-dump-ellipsis-path\">\\laravel\\framework\\</span>src\\Illuminate\\Routing\\Router.php</span>\"
    <span class=sf-dump-meta>line</span>: \"<span class=sf-dump-str title=\"10 characters\">771 to 771</span>\"
  </samp>}
  <span class=sf-dump-meta>basePath</span>: \"\"
  <span class=sf-dump-meta>format</span>: \"<span class=sf-dump-str title=\"4 characters\">html</span>\"
</samp>}
</pre><script>Sfdump(\"sf-dump-1172734551\", {\"maxDepth\":3,\"maxStringLength\":160})</script>
"}},"exception":"[object] (Spatie\\LaravelIgnition\\Exceptions\\ViewException(code: 0): Attempt to read property \"id\" on null at C:\\Users\\stefanopoulos\\Desktop\\e-forms\\resources\\views\\microapps\\actions\\index_school.blade.php:138)
[stacktrace]
#0 C:\\Users\\stefanopoulos\\Desktop\\e-forms\\vendor\\laravel\\framework\\src\\Illuminate\\Foundation\\Bootstrap\\HandleExceptions.php(254): Illuminate\\Foundation\\Bootstrap\\HandleExceptions->handleError(2, 'Attempt to read...', 'C:\\\\Users\\\\stefan...', 148)
#1 C:\\Users\\stefanopoulos\\Desktop\\e-forms\\resources\\views\\microapps\\actions\\index_school.blade.php(138): Illuminate\\Foundation\\Bootstrap\\HandleExceptions->Illuminate\\Foundation\\Bootstrap\\{closure}(2, 'Attempt to read...', 'C:\\\\Users\\\\stefan...', 148)
#2 C:\\Users\\stefanopoulos\\Desktop\\e-forms\\vendor\\laravel\\framework\\src\\Illuminate\\Filesystem\\Filesystem.php(124): require('C:\\\\Users\\\\stefan...')
#3 C:\\Users\\stefanopoulos\\Desktop\\e-forms\\vendor\\laravel\\framework\\src\\Illuminate\\Filesystem\\Filesystem.php(125): Illuminate\\Filesystem\\Filesystem::Illuminate\\Filesystem\\{closure}()
#4 C:\\Users\\stefanopoulos\\Desktop\\e-forms\\vendor\\laravel\\framework\\src\\Illuminate\\View\\Engines\\PhpEngine.php(58): Illuminate\\Filesystem\\Filesystem->getRequire('C:\\\\Users\\\\stefan...', Array)
#5 C:\\Users\\stefanopoulos\\Desktop\\e-forms\\vendor\\laravel\\framework\\src\\Illuminate\\View\\Engines\\CompilerEngine.php(70): Illuminate\\View\\Engines\\PhpEngine->evaluatePath('C:\\\\Users\\\\stefan...', Array)
#6 C:\\Users\\stefanopoulos\\Desktop\\e-forms\\vendor\\laravel\\framework\\src\\Illuminate\\View\\View.php(195): Illuminate\\View\\Engines\\CompilerEngine->get('C:\\\\Users\\\\stefan...', Array)
#7 C:\\Users\\stefanopoulos\\Desktop\\e-forms\\vendor\\laravel\\framework\\src\\Illuminate\\View\\View.php(178): Illuminate\\View\\View->getContents()
#8 C:\\Users\\stefanopoulos\\Desktop\\e-forms\\vendor\\laravel\\framework\\src\\Illuminate\\View\\View.php(147): Illuminate\\View\\View->renderContents()
#9 C:\\Users\\stefanopoulos\\Desktop\\e-forms\\vendor\\laravel\\framework\\src\\Illuminate\\Http\\Response.php(69): Illuminate\\View\\View->render()
#10 C:\\Users\\stefanopoulos\\Desktop\\e-forms\\vendor\\laravel\\framework\\src\\Illuminate\\Http\\Response.php(35): Illuminate\\Http\\Response->setContent(Object(Illuminate\\View\\View))
#11 C:\\Users\\stefanopoulos\\Desktop\\e-forms\\vendor\\laravel\\framework\\src\\Illuminate\\Routing\\Router.php(906): Illuminate\\Http\\Response->__construct(Object(Illuminate\\View\\View), 200, Array)
#12 C:\\Users\\stefanopoulos\\Desktop\\e-forms\\vendor\\laravel\\framework\\src\\Illuminate\\Routing\\Router.php(875): Illuminate\\Routing\\Router::toResponse(Object(Illuminate\\Http\\Request), Object(Illuminate\\View\\View))
#13 C:\\Users\\stefanopoulos\\Desktop\\e-forms\\vendor\\laravel\\framework\\src\\Illuminate\\Routing\\Router.php(797): Illuminate\\Routing\\Router->prepareResponse(Object(Illuminate\\Http\\Request), Object(Illuminate\\View\\View))
#14 C:\\Users\\stefanopoulos\\Desktop\\e-forms\\vendor\\laravel\\framework\\src\\Illuminate\\Pipeline\\Pipeline.php(141): Illuminate\\Routing\\Router->Illuminate\\Routing\\{closure}(Object(Illuminate\\Http\\Request))
#15 C:\\Users\\stefanopoulos\\Desktop\\e-forms\\vendor\\laravel\\framework\\src\\Illuminate\\Routing\\Middleware\\SubstituteBindings.php(50): Illuminate\\Pipeline\\Pipeline->Illuminate\\Pipeline\\{closure}(Object(Illuminate\\Http\\Request))
#16 C:\\Users\\stefanopoulos\\Desktop\\e-forms\\vendor\\laravel\\framework\\src\\Illuminate\\Pipeline\\Pipeline.php(180): Illuminate\\Routing\\Middleware\\SubstituteBindings->handle(Object(Illuminate\\Http\\Request), Object(Closure))
#17 C:\\Users\\stefanopoulos\\Desktop\\e-forms\\vendor\\laravel\\framework\\src\\Illuminate\\Foundation\\Http\\Middleware\\VerifyCsrfToken.php(78): Illuminate\\Pipeline\\Pipeline->Illuminate\\Pipeline\\{closure}(Object(Illuminate\\Http\\Request))
#18 C:\\Users\\stefanopoulos\\Desktop\\e-forms\\vendor\\laravel\\framework\\src\\Illuminate\\Pipeline\\Pipeline.php(180): Illuminate\\Foundation\\Http\\Middleware\\VerifyCsrfToken->handle(Object(Illuminate\\Http\\Request), Object(Closure))
#19 C:\\Users\\stefanopoulos\\Desktop\\e-forms\\vendor\\laravel\\framework\\src\\Illuminate\\View\\Middleware\\ShareErrorsFromSession.php(49): Illuminate\\Pipeline\\Pipeline->Illuminate\\Pipeline\\{closure}(Object(Illuminate\\Http\\Request))
#20 C:\\Users\\stefanopoulos\\Desktop\\e-forms\\vendor\\laravel\\framework\\src\\Illuminate\\Pipeline\\Pipeline.php(180): Illuminate\\View\\Middleware\\ShareErrorsFromSession->handle(Object(Illuminate\\Http\\Request), Object(Closure))
#21 C:\\Users\\stefanopoulos\\Desktop\\e-forms\\vendor\\laravel\\framework\\src\\Illuminate\\Session\\Middleware\\StartSession.php(121): Illuminate\\Pipeline\\Pipeline->Illuminate\\Pipeline\\{closure}(Object(Illuminate\\Http\\Request))
#22 C:\\Users\\stefanopoulos\\Desktop\\e-forms\\vendor\\laravel\\framework\\src\\Illuminate\\Session\\Middleware\\StartSession.php(64): Illuminate\\Session\\Middleware\\StartSession->handleStatefulRequest(Object(Illuminate\\Http\\Request), Object(Illuminate\\Session\\Store), Object(Closure))
#23 C:\\Users\\stefanopoulos\\Desktop\\e-forms\\vendor\\laravel\\framework\\src\\Illuminate\\Pipeline\\Pipeline.php(180): Illuminate\\Session\\Middleware\\StartSession->handle(Object(Illuminate\\Http\\Request), Object(Closure))
#24 C:\\Users\\stefanopoulos\\Desktop\\e-forms\\vendor\\laravel\\framework\\src\\Illuminate\\Cookie\\Middleware\\AddQueuedCookiesToResponse.php(37): Illuminate\\Pipeline\\Pipeline->Illuminate\\Pipeline\\{closure}(Object(Illuminate\\Http\\Request))
#25 C:\\Users\\stefanopoulos\\Desktop\\e-forms\\vendor\\laravel\\framework\\src\\Illuminate\\Pipeline\\Pipeline.php(180): Illuminate\\Cookie\\Middleware\\AddQueuedCookiesToResponse->handle(Object(Illuminate\\Http\\Request), Object(Closure))
#26 C:\\Users\\stefanopoulos\\Desktop\\e-forms\\vendor\\laravel\\framework\\src\\Illuminate\\Cookie\\Middleware\\EncryptCookies.php(67): Illuminate\\Pipeline\\Pipeline->Illuminate\\Pipeline\\{closure}(Object(Illuminate\\Http\\Request))
#27 C:\\Users\\stefanopoulos\\Desktop\\e-forms\\vendor\\laravel\\framework\\src\\Illuminate\\Pipeline\\Pipeline.php(180): Illuminate\\Cookie\\Middleware\\EncryptCookies->handle(Object(Illuminate\\Http\\Request), Object(Closure))
#28 C:\\Users\\stefanopoulos\\Desktop\\e-forms\\vendor\\laravel\\framework\\src\\Illuminate\\Pipeline\\Pipeline.php(116): Illuminate\\Pipeline\\Pipeline->Illuminate\\Pipeline\\{closure}(Object(Illuminate\\Http\\Request))
#29 C:\\Users\\stefanopoulos\\Desktop\\e-forms\\vendor\\laravel\\framework\\src\\Illuminate\\Routing\\Router.php(797): Illuminate\\Pipeline\\Pipeline->then(Object(Closure))
#30 C:\\Users\\stefanopoulos\\Desktop\\e-forms\\vendor\\laravel\\framework\\src\\Illuminate\\Routing\\Router.php(776): Illuminate\\Routing\\Router->runRouteWithinStack(Object(Illuminate\\Routing\\Route), Object(Illuminate\\Http\\Request))
#31 C:\\Users\\stefanopoulos\\Desktop\\e-forms\\vendor\\laravel\\framework\\src\\Illuminate\\Routing\\Router.php(740): Illuminate\\Routing\\Router->runRoute(Object(Illuminate\\Http\\Request), Object(Illuminate\\Routing\\Route))
#32 C:\\Users\\stefanopoulos\\Desktop\\e-forms\\vendor\\laravel\\framework\\src\\Illuminate\\Routing\\Router.php(729): Illuminate\\Routing\\Router->dispatchToRoute(Object(Illuminate\\Http\\Request))
#33 C:\\Users\\stefanopoulos\\Desktop\\e-forms\\vendor\\laravel\\framework\\src\\Illuminate\\Foundation\\Http\\Kernel.php(200): Illuminate\\Routing\\Router->dispatch(Object(Illuminate\\Http\\Request))
#34 C:\\Users\\stefanopoulos\\Desktop\\e-forms\\vendor\\laravel\\framework\\src\\Illuminate\\Pipeline\\Pipeline.php(141): Illuminate\\Foundation\\Http\\Kernel->Illuminate\\Foundation\\Http\\{closure}(Object(Illuminate\\Http\\Request))
#35 C:\\Users\\stefanopoulos\\Desktop\\e-forms\\vendor\\laravel\\framework\\src\\Illuminate\\Foundation\\Http\\Middleware\\TransformsRequest.php(21): Illuminate\\Pipeline\\Pipeline->Illuminate\\Pipeline\\{closure}(Object(Illuminate\\Http\\Request))
#36 C:\\Users\\stefanopoulos\\Desktop\\e-forms\\vendor\\laravel\\framework\\src\\Illuminate\\Foundation\\Http\\Middleware\\ConvertEmptyStringsToNull.php(31): Illuminate\\Foundation\\Http\\Middleware\\TransformsRequest->handle(Object(Illuminate\\Http\\Request), Object(Closure))
#37 C:\\Users\\stefanopoulos\\Desktop\\e-forms\\vendor\\laravel\\framework\\src\\Illuminate\\Pipeline\\Pipeline.php(180): Illuminate\\Foundation\\Http\\Middleware\\ConvertEmptyStringsToNull->handle(Object(Illuminate\\Http\\Request), Object(Closure))
#38 C:\\Users\\stefanopoulos\\Desktop\\e-forms\\vendor\\laravel\\framework\\src\\Illuminate\\Foundation\\Http\\Middleware\\TransformsRequest.php(21): Illuminate\\Pipeline\\Pipeline->Illuminate\\Pipeline\\{closure}(Object(Illuminate\\Http\\Request))
#39 C:\\Users\\stefanopoulos\\Desktop\\e-forms\\vendor\\laravel\\framework\\src\\Illuminate\\Foundation\\Http\\Middleware\\TrimStrings.php(40): Illuminate\\Foundation\\Http\\Middleware\\TransformsRequest->handle(Object(Illuminate\\Http\\Request), Object(Closure))
#40 C:\\Users\\stefanopoulos\\Desktop\\e-forms\\vendor\\laravel\\framework\\src\\Illuminate\\Pipeline\\Pipeline.php(180): Illuminate\\Foundation\\Http\\Middleware\\TrimStrings->handle(Object(Illuminate\\Http\\Request), Object(Closure))
#41 C:\\Users\\stefanopoulos\\Desktop\\e-forms\\vendor\\laravel\\framework\\src\\Illuminate\\Foundation\\Http\\Middleware\\ValidatePostSize.php(27): Illuminate\\Pipeline\\Pipeline->Illuminate\\Pipeline\\{closure}(Object(Illuminate\\Http\\Request))
#42 C:\\Users\\stefanopoulos\\Desktop\\e-forms\\vendor\\laravel\\framework\\src\\Illuminate\\Pipeline\\Pipeline.php(180): Illuminate\\Foundation\\Http\\Middleware\\ValidatePostSize->handle(Object(Illuminate\\Http\\Request), Object(Closure))
#43 C:\\Users\\stefanopoulos\\Desktop\\e-forms\\vendor\\laravel\\framework\\src\\Illuminate\\Foundation\\Http\\Middleware\\PreventRequestsDuringMaintenance.php(86): Illuminate\\Pipeline\\Pipeline->Illuminate\\Pipeline\\{closure}(Object(Illuminate\\Http\\Request))
#44 C:\\Users\\stefanopoulos\\Desktop\\e-forms\\vendor\\laravel\\framework\\src\\Illuminate\\Pipeline\\Pipeline.php(180): Illuminate\\Foundation\\Http\\Middleware\\PreventRequestsDuringMaintenance->handle(Object(Illuminate\\Http\\Request), Object(Closure))
#45 C:\\Users\\stefanopoulos\\Desktop\\e-forms\\vendor\\laravel\\framework\\src\\Illuminate\\Http\\Middleware\\HandleCors.php(49): Illuminate\\Pipeline\\Pipeline->Illuminate\\Pipeline\\{closure}(Object(Illuminate\\Http\\Request))
#46 C:\\Users\\stefanopoulos\\Desktop\\e-forms\\vendor\\laravel\\framework\\src\\Illuminate\\Pipeline\\Pipeline.php(180): Illuminate\\Http\\Middleware\\HandleCors->handle(Object(Illuminate\\Http\\Request), Object(Closure))
#47 C:\\Users\\stefanopoulos\\Desktop\\e-forms\\vendor\\laravel\\framework\\src\\Illuminate\\Http\\Middleware\\TrustProxies.php(39): Illuminate\\Pipeline\\Pipeline->Illuminate\\Pipeline\\{closure}(Object(Illuminate\\Http\\Request))
#48 C:\\Users\\stefanopoulos\\Desktop\\e-forms\\vendor\\laravel\\framework\\src\\Illuminate\\Pipeline\\Pipeline.php(180): Illuminate\\Http\\Middleware\\TrustProxies->handle(Object(Illuminate\\Http\\Request), Object(Closure))
#49 C:\\Users\\stefanopoulos\\Desktop\\e-forms\\vendor\\laravel\\framework\\src\\Illuminate\\Pipeline\\Pipeline.php(116): Illuminate\\Pipeline\\Pipeline->Illuminate\\Pipeline\\{closure}(Object(Illuminate\\Http\\Request))
#50 C:\\Users\\stefanopoulos\\Desktop\\e-forms\\vendor\\laravel\\framework\\src\\Illuminate\\Foundation\\Http\\Kernel.php(175): Illuminate\\Pipeline\\Pipeline->then(Object(Closure))
#51 C:\\Users\\stefanopoulos\\Desktop\\e-forms\\vendor\\laravel\\framework\\src\\Illuminate\\Foundation\\Http\\Kernel.php(144): Illuminate\\Foundation\\Http\\Kernel->sendRequestThroughRouter(Object(Illuminate\\Http\\Request))
#52 C:\\Users\\stefanopoulos\\Desktop\\e-forms\\public\\index.php(51): Illuminate\\Foundation\\Http\\Kernel->handle(Object(Illuminate\\Http\\Request))
#53 C:\\Users\\stefanopoulos\\Desktop\\e-forms\\vendor\\laravel\\framework\\src\\Illuminate\\Foundation\\resources\\server.php(16): require_once('C:\\\\Users\\\\stefan...')
#54 {main}

[previous exception] [object] (ErrorException(code: 0): Attempt to read property \"id\" on null at C:\\Users\\stefanopoulos\\Desktop\\e-forms\\storage\\framework\\views\\67800a60a210fb128232c9846d71636c.php:148)
[stacktrace]
#0 C:\\Users\\stefanopoulos\\Desktop\\e-forms\\vendor\\laravel\\framework\\src\\Illuminate\\Foundation\\Bootstrap\\HandleExceptions.php(254): Illuminate\\Foundation\\Bootstrap\\HandleExceptions->handleError(2, 'Attempt to read...', 'C:\\\\Users\\\\stefan...', 148)
#1 C:\\Users\\stefanopoulos\\Desktop\\e-forms\\storage\\framework\\views\\67800a60a210fb128232c9846d71636c.php(148): Illuminate\\Foundation\\Bootstrap\\HandleExceptions->Illuminate\\Foundation\\Bootstrap\\{closure}(2, 'Attempt to read...', 'C:\\\\Users\\\\stefan...', 148)
#2 C:\\Users\\stefanopoulos\\Desktop\\e-forms\\vendor\\laravel\\framework\\src\\Illuminate\\Filesystem\\Filesystem.php(124): require('C:\\\\Users\\\\stefan...')
#3 C:\\Users\\stefanopoulos\\Desktop\\e-forms\\vendor\\laravel\\framework\\src\\Illuminate\\Filesystem\\Filesystem.php(125): Illuminate\\Filesystem\\Filesystem::Illuminate\\Filesystem\\{closure}()
#4 C:\\Users\\stefanopoulos\\Desktop\\e-forms\\vendor\\laravel\\framework\\src\\Illuminate\\View\\Engines\\PhpEngine.php(58): Illuminate\\Filesystem\\Filesystem->getRequire('C:\\\\Users\\\\stefan...', Array)
#5 C:\\Users\\stefanopoulos\\Desktop\\e-forms\\vendor\\laravel\\framework\\src\\Illuminate\\View\\Engines\\CompilerEngine.php(70): Illuminate\\View\\Engines\\PhpEngine->evaluatePath('C:\\\\Users\\\\stefan...', Array)
#6 C:\\Users\\stefanopoulos\\Desktop\\e-forms\\vendor\\laravel\\framework\\src\\Illuminate\\View\\View.php(195): Illuminate\\View\\Engines\\CompilerEngine->get('C:\\\\Users\\\\stefan...', Array)
#7 C:\\Users\\stefanopoulos\\Desktop\\e-forms\\vendor\\laravel\\framework\\src\\Illuminate\\View\\View.php(178): Illuminate\\View\\View->getContents()
#8 C:\\Users\\stefanopoulos\\Desktop\\e-forms\\vendor\\laravel\\framework\\src\\Illuminate\\View\\View.php(147): Illuminate\\View\\View->renderContents()
#9 C:\\Users\\stefanopoulos\\Desktop\\e-forms\\vendor\\laravel\\framework\\src\\Illuminate\\Http\\Response.php(69): Illuminate\\View\\View->render()
#10 C:\\Users\\stefanopoulos\\Desktop\\e-forms\\vendor\\laravel\\framework\\src\\Illuminate\\Http\\Response.php(35): Illuminate\\Http\\Response->setContent(Object(Illuminate\\View\\View))
#11 C:\\Users\\stefanopoulos\\Desktop\\e-forms\\vendor\\laravel\\framework\\src\\Illuminate\\Routing\\Router.php(906): Illuminate\\Http\\Response->__construct(Object(Illuminate\\View\\View), 200, Array)
#12 C:\\Users\\stefanopoulos\\Desktop\\e-forms\\vendor\\laravel\\framework\\src\\Illuminate\\Routing\\Router.php(875): Illuminate\\Routing\\Router::toResponse(Object(Illuminate\\Http\\Request), Object(Illuminate\\View\\View))
#13 C:\\Users\\stefanopoulos\\Desktop\\e-forms\\vendor\\laravel\\framework\\src\\Illuminate\\Routing\\Router.php(797): Illuminate\\Routing\\Router->prepareResponse(Object(Illuminate\\Http\\Request), Object(Illuminate\\View\\View))
#14 C:\\Users\\stefanopoulos\\Desktop\\e-forms\\vendor\\laravel\\framework\\src\\Illuminate\\Pipeline\\Pipeline.php(141): Illuminate\\Routing\\Router->Illuminate\\Routing\\{closure}(Object(Illuminate\\Http\\Request))
#15 C:\\Users\\stefanopoulos\\Desktop\\e-forms\\vendor\\laravel\\framework\\src\\Illuminate\\Routing\\Middleware\\SubstituteBindings.php(50): Illuminate\\Pipeline\\Pipeline->Illuminate\\Pipeline\\{closure}(Object(Illuminate\\Http\\Request))
#16 C:\\Users\\stefanopoulos\\Desktop\\e-forms\\vendor\\laravel\\framework\\src\\Illuminate\\Pipeline\\Pipeline.php(180): Illuminate\\Routing\\Middleware\\SubstituteBindings->handle(Object(Illuminate\\Http\\Request), Object(Closure))
#17 C:\\Users\\stefanopoulos\\Desktop\\e-forms\\vendor\\laravel\\framework\\src\\Illuminate\\Foundation\\Http\\Middleware\\VerifyCsrfToken.php(78): Illuminate\\Pipeline\\Pipeline->Illuminate\\Pipeline\\{closure}(Object(Illuminate\\Http\\Request))
#18 C:\\Users\\stefanopoulos\\Desktop\\e-forms\\vendor\\laravel\\framework\\src\\Illuminate\\Pipeline\\Pipeline.php(180): Illuminate\\Foundation\\Http\\Middleware\\VerifyCsrfToken->handle(Object(Illuminate\\Http\\Request), Object(Closure))
#19 C:\\Users\\stefanopoulos\\Desktop\\e-forms\\vendor\\laravel\\framework\\src\\Illuminate\\View\\Middleware\\ShareErrorsFromSession.php(49): Illuminate\\Pipeline\\Pipeline->Illuminate\\Pipeline\\{closure}(Object(Illuminate\\Http\\Request))
#20 C:\\Users\\stefanopoulos\\Desktop\\e-forms\\vendor\\laravel\\framework\\src\\Illuminate\\Pipeline\\Pipeline.php(180): Illuminate\\View\\Middleware\\ShareErrorsFromSession->handle(Object(Illuminate\\Http\\Request), Object(Closure))
#21 C:\\Users\\stefanopoulos\\Desktop\\e-forms\\vendor\\laravel\\framework\\src\\Illuminate\\Session\\Middleware\\StartSession.php(121): Illuminate\\Pipeline\\Pipeline->Illuminate\\Pipeline\\{closure}(Object(Illuminate\\Http\\Request))
#22 C:\\Users\\stefanopoulos\\Desktop\\e-forms\\vendor\\laravel\\framework\\src\\Illuminate\\Session\\Middleware\\StartSession.php(64): Illuminate\\Session\\Middleware\\StartSession->handleStatefulRequest(Object(Illuminate\\Http\\Request), Object(Illuminate\\Session\\Store), Object(Closure))
#23 C:\\Users\\stefanopoulos\\Desktop\\e-forms\\vendor\\laravel\\framework\\src\\Illuminate\\Pipeline\\Pipeline.php(180): Illuminate\\Session\\Middleware\\StartSession->handle(Object(Illuminate\\Http\\Request), Object(Closure))
#24 C:\\Users\\stefanopoulos\\Desktop\\e-forms\\vendor\\laravel\\framework\\src\\Illuminate\\Cookie\\Middleware\\AddQueuedCookiesToResponse.php(37): Illuminate\\Pipeline\\Pipeline->Illuminate\\Pipeline\\{closure}(Object(Illuminate\\Http\\Request))
#25 C:\\Users\\stefanopoulos\\Desktop\\e-forms\\vendor\\laravel\\framework\\src\\Illuminate\\Pipeline\\Pipeline.php(180): Illuminate\\Cookie\\Middleware\\AddQueuedCookiesToResponse->handle(Object(Illuminate\\Http\\Request), Object(Closure))
#26 C:\\Users\\stefanopoulos\\Desktop\\e-forms\\vendor\\laravel\\framework\\src\\Illuminate\\Cookie\\Middleware\\EncryptCookies.php(67): Illuminate\\Pipeline\\Pipeline->Illuminate\\Pipeline\\{closure}(Object(Illuminate\\Http\\Request))
#27 C:\\Users\\stefanopoulos\\Desktop\\e-forms\\vendor\\laravel\\framework\\src\\Illuminate\\Pipeline\\Pipeline.php(180): Illuminate\\Cookie\\Middleware\\EncryptCookies->handle(Object(Illuminate\\Http\\Request), Object(Closure))
#28 C:\\Users\\stefanopoulos\\Desktop\\e-forms\\vendor\\laravel\\framework\\src\\Illuminate\\Pipeline\\Pipeline.php(116): Illuminate\\Pipeline\\Pipeline->Illuminate\\Pipeline\\{closure}(Object(Illuminate\\Http\\Request))
#29 C:\\Users\\stefanopoulos\\Desktop\\e-forms\\vendor\\laravel\\framework\\src\\Illuminate\\Routing\\Router.php(797): Illuminate\\Pipeline\\Pipeline->then(Object(Closure))
#30 C:\\Users\\stefanopoulos\\Desktop\\e-forms\\vendor\\laravel\\framework\\src\\Illuminate\\Routing\\Router.php(776): Illuminate\\Routing\\Router->runRouteWithinStack(Object(Illuminate\\Routing\\Route), Object(Illuminate\\Http\\Request))
#31 C:\\Users\\stefanopoulos\\Desktop\\e-forms\\vendor\\laravel\\framework\\src\\Illuminate\\Routing\\Router.php(740): Illuminate\\Routing\\Router->runRoute(Object(Illuminate\\Http\\Request), Object(Illuminate\\Routing\\Route))
#32 C:\\Users\\stefanopoulos\\Desktop\\e-forms\\vendor\\laravel\\framework\\src\\Illuminate\\Routing\\Router.php(729): Illuminate\\Routing\\Router->dispatchToRoute(Object(Illuminate\\Http\\Request))
#33 C:\\Users\\stefanopoulos\\Desktop\\e-forms\\vendor\\laravel\\framework\\src\\Illuminate\\Foundation\\Http\\Kernel.php(200): Illuminate\\Routing\\Router->dispatch(Object(Illuminate\\Http\\Request))
#34 C:\\Users\\stefanopoulos\\Desktop\\e-forms\\vendor\\laravel\\framework\\src\\Illuminate\\Pipeline\\Pipeline.php(141): Illuminate\\Foundation\\Http\\Kernel->Illuminate\\Foundation\\Http\\{closure}(Object(Illuminate\\Http\\Request))
#35 C:\\Users\\stefanopoulos\\Desktop\\e-forms\\vendor\\laravel\\framework\\src\\Illuminate\\Foundation\\Http\\Middleware\\TransformsRequest.php(21): Illuminate\\Pipeline\\Pipeline->Illuminate\\Pipeline\\{closure}(Object(Illuminate\\Http\\Request))
#36 C:\\Users\\stefanopoulos\\Desktop\\e-forms\\vendor\\laravel\\framework\\src\\Illuminate\\Foundation\\Http\\Middleware\\ConvertEmptyStringsToNull.php(31): Illuminate\\Foundation\\Http\\Middleware\\TransformsRequest->handle(Object(Illuminate\\Http\\Request), Object(Closure))
#37 C:\\Users\\stefanopoulos\\Desktop\\e-forms\\vendor\\laravel\\framework\\src\\Illuminate\\Pipeline\\Pipeline.php(180): Illuminate\\Foundation\\Http\\Middleware\\ConvertEmptyStringsToNull->handle(Object(Illuminate\\Http\\Request), Object(Closure))
#38 C:\\Users\\stefanopoulos\\Desktop\\e-forms\\vendor\\laravel\\framework\\src\\Illuminate\\Foundation\\Http\\Middleware\\TransformsRequest.php(21): Illuminate\\Pipeline\\Pipeline->Illuminate\\Pipeline\\{closure}(Object(Illuminate\\Http\\Request))
#39 C:\\Users\\stefanopoulos\\Desktop\\e-forms\\vendor\\laravel\\framework\\src\\Illuminate\\Foundation\\Http\\Middleware\\TrimStrings.php(40): Illuminate\\Foundation\\Http\\Middleware\\TransformsRequest->handle(Object(Illuminate\\Http\\Request), Object(Closure))
#40 C:\\Users\\stefanopoulos\\Desktop\\e-forms\\vendor\\laravel\\framework\\src\\Illuminate\\Pipeline\\Pipeline.php(180): Illuminate\\Foundation\\Http\\Middleware\\TrimStrings->handle(Object(Illuminate\\Http\\Request), Object(Closure))
#41 C:\\Users\\stefanopoulos\\Desktop\\e-forms\\vendor\\laravel\\framework\\src\\Illuminate\\Foundation\\Http\\Middleware\\ValidatePostSize.php(27): Illuminate\\Pipeline\\Pipeline->Illuminate\\Pipeline\\{closure}(Object(Illuminate\\Http\\Request))
#42 C:\\Users\\stefanopoulos\\Desktop\\e-forms\\vendor\\laravel\\framework\\src\\Illuminate\\Pipeline\\Pipeline.php(180): Illuminate\\Foundation\\Http\\Middleware\\ValidatePostSize->handle(Object(Illuminate\\Http\\Request), Object(Closure))
#43 C:\\Users\\stefanopoulos\\Desktop\\e-forms\\vendor\\laravel\\framework\\src\\Illuminate\\Foundation\\Http\\Middleware\\PreventRequestsDuringMaintenance.php(86): Illuminate\\Pipeline\\Pipeline->Illuminate\\Pipeline\\{closure}(Object(Illuminate\\Http\\Request))
#44 C:\\Users\\stefanopoulos\\Desktop\\e-forms\\vendor\\laravel\\framework\\src\\Illuminate\\Pipeline\\Pipeline.php(180): Illuminate\\Foundation\\Http\\Middleware\\PreventRequestsDuringMaintenance->handle(Object(Illuminate\\Http\\Request), Object(Closure))
#45 C:\\Users\\stefanopoulos\\Desktop\\e-forms\\vendor\\laravel\\framework\\src\\Illuminate\\Http\\Middleware\\HandleCors.php(49): Illuminate\\Pipeline\\Pipeline->Illuminate\\Pipeline\\{closure}(Object(Illuminate\\Http\\Request))
#46 C:\\Users\\stefanopoulos\\Desktop\\e-forms\\vendor\\laravel\\framework\\src\\Illuminate\\Pipeline\\Pipeline.php(180): Illuminate\\Http\\Middleware\\HandleCors->handle(Object(Illuminate\\Http\\Request), Object(Closure))
#47 C:\\Users\\stefanopoulos\\Desktop\\e-forms\\vendor\\laravel\\framework\\src\\Illuminate\\Http\\Middleware\\TrustProxies.php(39): Illuminate\\Pipeline\\Pipeline->Illuminate\\Pipeline\\{closure}(Object(Illuminate\\Http\\Request))
#48 C:\\Users\\stefanopoulos\\Desktop\\e-forms\\vendor\\laravel\\framework\\src\\Illuminate\\Pipeline\\Pipeline.php(180): Illuminate\\Http\\Middleware\\TrustProxies->handle(Object(Illuminate\\Http\\Request), Object(Closure))
#49 C:\\Users\\stefanopoulos\\Desktop\\e-forms\\vendor\\laravel\\framework\\src\\Illuminate\\Pipeline\\Pipeline.php(116): Illuminate\\Pipeline\\Pipeline->Illuminate\\Pipeline\\{closure}(Object(Illuminate\\Http\\Request))
#50 C:\\Users\\stefanopoulos\\Desktop\\e-forms\\vendor\\laravel\\framework\\src\\Illuminate\\Foundation\\Http\\Kernel.php(175): Illuminate\\Pipeline\\Pipeline->then(Object(Closure))
#51 C:\\Users\\stefanopoulos\\Desktop\\e-forms\\vendor\\laravel\\framework\\src\\Illuminate\\Foundation\\Http\\Kernel.php(144): Illuminate\\Foundation\\Http\\Kernel->sendRequestThroughRouter(Object(Illuminate\\Http\\Request))
#52 C:\\Users\\stefanopoulos\\Desktop\\e-forms\\public\\index.php(51): Illuminate\\Foundation\\Http\\Kernel->handle(Object(Illuminate\\Http\\Request))
#53 C:\\Users\\stefanopoulos\\Desktop\\e-forms\\vendor\\laravel\\framework\\src\\Illuminate\\Foundation\\resources\\server.php(16): require_once('C:\\\\Users\\\\stefan...')
#54 {main}
"} 
[2025-04-16 12:32:36] local.ERROR: Attempt to read property "id" on null {"view":{"view":"C:\\Users\\stefanopoulos\\Desktop\\e-forms\\resources\\views\\microapps\\actions\\index_school.blade.php","data":{"errors":"<pre class=sf-dump id=sf-dump-2068156442 data-indent-pad=\"  \"><span class=sf-dump-note>Illuminate\\Support\\ViewErrorBag</span> {<a class=sf-dump-ref>#1731</a><samp data-depth=1 class=sf-dump-expanded>
  #<span class=sf-dump-protected title=\"Protected property\">bags</span>: []
</samp>}
</pre><script>Sfdump(\"sf-dump-2068156442\", {\"maxDepth\":3,\"maxStringLength\":160})</script>
","request":"<pre class=sf-dump id=sf-dump-620964928 data-indent-pad=\"  \"><span class=sf-dump-note>Illuminate\\Http\\Request</span> {<a class=sf-dump-ref>#44</a><samp data-depth=1 class=sf-dump-expanded>
  +<span class=sf-dump-public title=\"Public property\">attributes</span>: <span class=sf-dump-note title=\"Symfony\\Component\\HttpFoundation\\ParameterBag
\"><span class=\"sf-dump-ellipsis sf-dump-ellipsis-note\">Symfony\\Component\\HttpFoundation</span><span class=\"sf-dump-ellipsis sf-dump-ellipsis-note\">\\</span>ParameterBag</span> {<a class=sf-dump-ref>#46</a><samp data-depth=2 class=sf-dump-compact>
    #<span class=sf-dump-protected title=\"Protected property\">parameters</span>: []
  </samp>}
  +<span class=sf-dump-public title=\"Public property\">request</span>: <span class=sf-dump-note title=\"Symfony\\Component\\HttpFoundation\\InputBag
\"><span class=\"sf-dump-ellipsis sf-dump-ellipsis-note\">Symfony\\Component\\HttpFoundation</span><span class=\"sf-dump-ellipsis sf-dump-ellipsis-note\">\\</span>InputBag</span> {<a class=sf-dump-ref>#45</a><samp data-depth=2 class=sf-dump-compact>
    #<span class=sf-dump-protected title=\"Protected property\">parameters</span>: []
  </samp>}
  +<span class=sf-dump-public title=\"Public property\">query</span>: <span class=sf-dump-note title=\"Symfony\\Component\\HttpFoundation\\InputBag
\"><span class=\"sf-dump-ellipsis sf-dump-ellipsis-note\">Symfony\\Component\\HttpFoundation</span><span class=\"sf-dump-ellipsis sf-dump-ellipsis-note\">\\</span>InputBag</span> {<a class=sf-dump-ref>#52</a><samp data-depth=2 class=sf-dump-compact>
    #<span class=sf-dump-protected title=\"Protected property\">parameters</span>: []
  </samp>}
  +<span class=sf-dump-public title=\"Public property\">server</span>: <span class=sf-dump-note title=\"Symfony\\Component\\HttpFoundation\\ServerBag
\"><span class=\"sf-dump-ellipsis sf-dump-ellipsis-note\">Symfony\\Component\\HttpFoundation</span><span class=\"sf-dump-ellipsis sf-dump-ellipsis-note\">\\</span>ServerBag</span> {<a class=sf-dump-ref>#48</a><samp data-depth=2 class=sf-dump-compact>
    #<span class=sf-dump-protected title=\"Protected property\">parameters</span>: <span class=sf-dump-note>array:31</span> [<samp data-depth=3 class=sf-dump-compact>
      \"<span class=sf-dump-key>DOCUMENT_ROOT</span>\" => \"<span class=sf-dump-str title=\"45 characters\">C:\\Users\\stefanopoulos\\Desktop\\e-forms\\public</span>\"
      \"<span class=sf-dump-key>REMOTE_ADDR</span>\" => \"<span class=sf-dump-str title=\"9 characters\">127.0.0.1</span>\"
      \"<span class=sf-dump-key>REMOTE_PORT</span>\" => \"<span class=sf-dump-str title=\"5 characters\">49325</span>\"
      \"<span class=sf-dump-key>SERVER_SOFTWARE</span>\" => \"<span class=sf-dump-str title=\"28 characters\">PHP 8.2.3 Development Server</span>\"
      \"<span class=sf-dump-key>SERVER_PROTOCOL</span>\" => \"<span class=sf-dump-str title=\"8 characters\">HTTP/1.1</span>\"
      \"<span class=sf-dump-key>SERVER_NAME</span>\" => \"<span class=sf-dump-str title=\"9 characters\">127.0.0.1</span>\"
      \"<span class=sf-dump-key>SERVER_PORT</span>\" => \"<span class=sf-dump-str title=\"4 characters\">8000</span>\"
      \"<span class=sf-dump-key>REQUEST_URI</span>\" => \"<span class=sf-dump-str title=\"31 characters\">/actions/consultants_supervisor</span>\"
      \"<span class=sf-dump-key>REQUEST_METHOD</span>\" => \"<span class=sf-dump-str title=\"3 characters\">GET</span>\"
      \"<span class=sf-dump-key>SCRIPT_NAME</span>\" => \"<span class=sf-dump-str title=\"10 characters\">/index.php</span>\"
      \"<span class=sf-dump-key>SCRIPT_FILENAME</span>\" => \"<span class=sf-dump-str title=\"55 characters\">C:\\Users\\stefanopoulos\\Desktop\\e-forms\\public\\index.php</span>\"
      \"<span class=sf-dump-key>PATH_INFO</span>\" => \"<span class=sf-dump-str title=\"31 characters\">/actions/consultants_supervisor</span>\"
      \"<span class=sf-dump-key>PHP_SELF</span>\" => \"<span class=sf-dump-str title=\"41 characters\">/index.php/actions/consultants_supervisor</span>\"
      \"<span class=sf-dump-key>HTTP_HOST</span>\" => \"<span class=sf-dump-str title=\"14 characters\">localhost:8000</span>\"
      \"<span class=sf-dump-key>HTTP_USER_AGENT</span>\" => \"<span class=sf-dump-str title=\"80 characters\">Mozilla/5.0 (Windows NT 10.0; Win64; x64; rv:137.0) Gecko/20100101 Firefox/137.0</span>\"
      \"<span class=sf-dump-key>HTTP_ACCEPT</span>\" => \"<span class=sf-dump-str title=\"63 characters\">text/html,application/xhtml+xml,application/xml;q=0.9,*/*;q=0.8</span>\"
      \"<span class=sf-dump-key>HTTP_ACCEPT_LANGUAGE</span>\" => \"<span class=sf-dump-str title=\"14 characters\">en-US,en;q=0.5</span>\"
      \"<span class=sf-dump-key>HTTP_ACCEPT_ENCODING</span>\" => \"<span class=sf-dump-str title=\"23 characters\">gzip, deflate, br, zstd</span>\"
      \"<span class=sf-dump-key>HTTP_DNT</span>\" => \"<span class=sf-dump-str>1</span>\"
      \"<span class=sf-dump-key>HTTP_SEC_GPC</span>\" => \"<span class=sf-dump-str>1</span>\"
      \"<span class=sf-dump-key>HTTP_CONNECTION</span>\" => \"<span class=sf-dump-str title=\"10 characters\">keep-alive</span>\"
      \"<span class=sf-dump-key>HTTP_REFERER</span>\" => \"<span class=sf-dump-str title=\"38 characters\">http://localhost:8000/index_consultant</span>\"
      \"<span class=sf-dump-key>HTTP_COOKIE</span>\" => \"<span class=sf-dump-str title=\"747 characters\">XSRF-TOKEN=eyJpdiI6InlRamJCSHEyRTE1NURUOWZjUENkelE9PSIsInZhbHVlIjoiZzJIUkRCb2JHcnlXUFVBaEdCUGY5VDJRYkowVy9qNVpVTExBUlkyL0kweHlYbGdleEQwWjFMZWQ3RmRSa0JtbE85T0NPWk5EYkZHNjNUOUdwSFlnbUdSR3NKcjV3dGJkSE5pdFJMZjZsdVYvVXoxNmgxb2xtcGdZenNqUzJyU3IiLCJtYWMiOiIxOGYzN2I4ODAzOTAyOGJjOTU5MjRiYTdiMTZkZDg5MzQ4YzQyZTA2YzY0ZjVjNjA3NGM1ZDMwNThhNWZjNTMzIiwidGFnIjoiIn0%3D; dieuthinsi_pe_akhaias_hlektronikes_formes_session=eyJpdiI6IlJxNEpPeVVoVFh4RFhpbXhDbHhLelE9PSIsInZhbHVlIjoiallPRnhvQzNpVHEveUpqbmVLU01zR3A1Wk5LUzVldzN5NjlSUWR3bzRnS2xWT2ViTG93QUNiWlJONlFmNUM5d2dFNHpLVnlyUjNtTkIyTHRpTDFKdmsrb1JMUXNBUVAwWFU0Q3Q4U2hZKzZOM3hBKy9NWk1iQnRydGt6cytYYUsiLCJtYWMiOiIzNjM0NzE3Nzk3MGFiYjFhNjllY2Q0Yjg2NTU2MzRiMzliZGQ4ZmY3YzMxMTgyYTNhYzM2Y2FhMTAyN2I2MWI0IiwidGFnIjoiIn0%3D</span>\"
      \"<span class=sf-dump-key>HTTP_UPGRADE_INSECURE_REQUESTS</span>\" => \"<span class=sf-dump-str>1</span>\"
      \"<span class=sf-dump-key>HTTP_SEC_FETCH_DEST</span>\" => \"<span class=sf-dump-str title=\"8 characters\">document</span>\"
      \"<span class=sf-dump-key>HTTP_SEC_FETCH_MODE</span>\" => \"<span class=sf-dump-str title=\"8 characters\">navigate</span>\"
      \"<span class=sf-dump-key>HTTP_SEC_FETCH_SITE</span>\" => \"<span class=sf-dump-str title=\"11 characters\">same-origin</span>\"
      \"<span class=sf-dump-key>HTTP_SEC_FETCH_USER</span>\" => \"<span class=sf-dump-str title=\"2 characters\">?1</span>\"
      \"<span class=sf-dump-key>HTTP_PRIORITY</span>\" => \"<span class=sf-dump-str title=\"6 characters\">u=0, i</span>\"
      \"<span class=sf-dump-key>REQUEST_TIME_FLOAT</span>\" => <span class=sf-dump-num>1744795955.8209</span>
      \"<span class=sf-dump-key>REQUEST_TIME</span>\" => <span class=sf-dump-num>1744795955</span>
    </samp>]
  </samp>}
  +<span class=sf-dump-public title=\"Public property\">files</span>: <span class=sf-dump-note title=\"Symfony\\Component\\HttpFoundation\\FileBag
\"><span class=\"sf-dump-ellipsis sf-dump-ellipsis-note\">Symfony\\Component\\HttpFoundation</span><span class=\"sf-dump-ellipsis sf-dump-ellipsis-note\">\\</span>FileBag</span> {<a class=sf-dump-ref>#49</a><samp data-depth=2 class=sf-dump-compact>
    #<span class=sf-dump-protected title=\"Protected property\">parameters</span>: []
  </samp>}
  +<span class=sf-dump-public title=\"Public property\">cookies</span>: <span class=sf-dump-note title=\"Symfony\\Component\\HttpFoundation\\InputBag
\"><span class=\"sf-dump-ellipsis sf-dump-ellipsis-note\">Symfony\\Component\\HttpFoundation</span><span class=\"sf-dump-ellipsis sf-dump-ellipsis-note\">\\</span>InputBag</span> {<a class=sf-dump-ref>#47</a><samp data-depth=2 class=sf-dump-compact>
    #<span class=sf-dump-protected title=\"Protected property\">parameters</span>: <span class=sf-dump-note>array:2</span> [<samp data-depth=3 class=sf-dump-compact>
      \"<span class=sf-dump-key>XSRF-TOKEN</span>\" => \"<span class=sf-dump-str title=\"40 characters\">w7YF2vMfMfKzH03DJWOvxCtzcI3IgsLoCI6eekGY</span>\"
      \"<span class=sf-dump-key>dieuthinsi_pe_akhaias_hlektronikes_formes_session</span>\" => \"<span class=sf-dump-str title=\"40 characters\">aBWZs3xkCIRmRTFtKcKklUGqSS4C1XMFqLfuC6Rk</span>\"
    </samp>]
  </samp>}
  +<span class=sf-dump-public title=\"Public property\">headers</span>: <span class=sf-dump-note title=\"Symfony\\Component\\HttpFoundation\\HeaderBag
\"><span class=\"sf-dump-ellipsis sf-dump-ellipsis-note\">Symfony\\Component\\HttpFoundation</span><span class=\"sf-dump-ellipsis sf-dump-ellipsis-note\">\\</span>HeaderBag</span> {<a class=sf-dump-ref>#50</a><samp data-depth=2 class=sf-dump-compact>
    #<span class=sf-dump-protected title=\"Protected property\">headers</span>: <span class=sf-dump-note>array:16</span> [<samp data-depth=3 class=sf-dump-compact>
      \"<span class=sf-dump-key>host</span>\" => <span class=sf-dump-note>array:1</span> [ &#8230;1]
      \"<span class=sf-dump-key>user-agent</span>\" => <span class=sf-dump-note>array:1</span> [ &#8230;1]
      \"<span class=sf-dump-key>accept</span>\" => <span class=sf-dump-note>array:1</span> [ &#8230;1]
      \"<span class=sf-dump-key>accept-language</span>\" => <span class=sf-dump-note>array:1</span> [ &#8230;1]
      \"<span class=sf-dump-key>accept-encoding</span>\" => <span class=sf-dump-note>array:1</span> [ &#8230;1]
      \"<span class=sf-dump-key>dnt</span>\" => <span class=sf-dump-note>array:1</span> [ &#8230;1]
      \"<span class=sf-dump-key>sec-gpc</span>\" => <span class=sf-dump-note>array:1</span> [ &#8230;1]
      \"<span class=sf-dump-key>connection</span>\" => <span class=sf-dump-note>array:1</span> [ &#8230;1]
      \"<span class=sf-dump-key>referer</span>\" => <span class=sf-dump-note>array:1</span> [ &#8230;1]
      \"<span class=sf-dump-key>cookie</span>\" => <span class=sf-dump-note>array:1</span> [ &#8230;1]
      \"<span class=sf-dump-key>upgrade-insecure-requests</span>\" => <span class=sf-dump-note>array:1</span> [ &#8230;1]
      \"<span class=sf-dump-key>sec-fetch-dest</span>\" => <span class=sf-dump-note>array:1</span> [ &#8230;1]
      \"<span class=sf-dump-key>sec-fetch-mode</span>\" => <span class=sf-dump-note>array:1</span> [ &#8230;1]
      \"<span class=sf-dump-key>sec-fetch-site</span>\" => <span class=sf-dump-note>array:1</span> [ &#8230;1]
      \"<span class=sf-dump-key>sec-fetch-user</span>\" => <span class=sf-dump-note>array:1</span> [ &#8230;1]
      \"<span class=sf-dump-key>priority</span>\" => <span class=sf-dump-note>array:1</span> [ &#8230;1]
    </samp>]
    #<span class=sf-dump-protected title=\"Protected property\">cacheControl</span>: []
  </samp>}
  #<span class=sf-dump-protected title=\"Protected property\">content</span>: <span class=sf-dump-const>null</span>
  #<span class=sf-dump-protected title=\"Protected property\">languages</span>: <span class=sf-dump-const>null</span>
  #<span class=sf-dump-protected title=\"Protected property\">charsets</span>: <span class=sf-dump-const>null</span>
  #<span class=sf-dump-protected title=\"Protected property\">encodings</span>: <span class=sf-dump-const>null</span>
  #<span class=sf-dump-protected title=\"Protected property\">acceptableContentTypes</span>: <span class=sf-dump-const>null</span>
  #<span class=sf-dump-protected title=\"Protected property\">pathInfo</span>: \"<span class=sf-dump-str title=\"31 characters\">/actions/consultants_supervisor</span>\"
  #<span class=sf-dump-protected title=\"Protected property\">requestUri</span>: \"<span class=sf-dump-str title=\"31 characters\">/actions/consultants_supervisor</span>\"
  #<span class=sf-dump-protected title=\"Protected property\">baseUrl</span>: \"\"
  #<span class=sf-dump-protected title=\"Protected property\">basePath</span>: <span class=sf-dump-const>null</span>
  #<span class=sf-dump-protected title=\"Protected property\">method</span>: \"<span class=sf-dump-str title=\"3 characters\">GET</span>\"
  #<span class=sf-dump-protected title=\"Protected property\">format</span>: <span class=sf-dump-const>null</span>
  #<span class=sf-dump-protected title=\"Protected property\">session</span>: <span class=sf-dump-note title=\"Illuminate\\Session\\Store
\"><span class=\"sf-dump-ellipsis sf-dump-ellipsis-note\">Illuminate\\Session</span><span class=\"sf-dump-ellipsis sf-dump-ellipsis-note\">\\</span>Store</span> {<a class=sf-dump-ref>#1727</a><samp data-depth=2 class=sf-dump-compact>
    #<span class=sf-dump-protected title=\"Protected property\">id</span>: \"<span class=sf-dump-str title=\"40 characters\">aBWZs3xkCIRmRTFtKcKklUGqSS4C1XMFqLfuC6Rk</span>\"
    #<span class=sf-dump-protected title=\"Protected property\">name</span>: \"<span class=sf-dump-str title=\"49 characters\">dieuthinsi_pe_akhaias_hlektronikes_formes_session</span>\"
    #<span class=sf-dump-protected title=\"Protected property\">attributes</span>: <span class=sf-dump-note>array:4</span> [<samp data-depth=3 class=sf-dump-compact>
      \"<span class=sf-dump-key>_token</span>\" => \"<span class=sf-dump-str title=\"40 characters\">w7YF2vMfMfKzH03DJWOvxCtzcI3IgsLoCI6eekGY</span>\"
      \"<span class=sf-dump-key>login_consultant_59ba36addc2b2f9401580f014c7f58ea4e30989d</span>\" => <span class=sf-dump-num>6</span>
      \"<span class=sf-dump-key>_flash</span>\" => <span class=sf-dump-note>array:2</span> [ &#8230;2]
      \"<span class=sf-dump-key>_previous</span>\" => <span class=sf-dump-note>array:1</span> [ &#8230;1]
    </samp>]
    #<span class=sf-dump-protected title=\"Protected property\">handler</span>: <span class=sf-dump-note title=\"Illuminate\\Session\\FileSessionHandler
\"><span class=\"sf-dump-ellipsis sf-dump-ellipsis-note\">Illuminate\\Session</span><span class=\"sf-dump-ellipsis sf-dump-ellipsis-note\">\\</span>FileSessionHandler</span> {<a class=sf-dump-ref>#1726</a><samp data-depth=3 class=sf-dump-compact>
      #<span class=sf-dump-protected title=\"Protected property\">files</span>: <span class=sf-dump-note title=\"Illuminate\\Filesystem\\Filesystem
\"><span class=\"sf-dump-ellipsis sf-dump-ellipsis-note\">Illuminate\\Filesystem</span><span class=\"sf-dump-ellipsis sf-dump-ellipsis-note\">\\</span>Filesystem</span> {<a class=sf-dump-ref>#169</a>}
      #<span class=sf-dump-protected title=\"Protected property\">path</span>: \"<span class=sf-dump-str title=\"65 characters\">C:\\Users\\stefanopoulos\\Desktop\\e-forms\\storage\\framework/sessions</span>\"
      #<span class=sf-dump-protected title=\"Protected property\">minutes</span>: \"<span class=sf-dump-str title=\"3 characters\">120</span>\"
    </samp>}
    #<span class=sf-dump-protected title=\"Protected property\">serialization</span>: \"<span class=sf-dump-str title=\"3 characters\">php</span>\"
    #<span class=sf-dump-protected title=\"Protected property\">started</span>: <span class=sf-dump-const>true</span>
  </samp>}
  #<span class=sf-dump-protected title=\"Protected property\">locale</span>: <span class=sf-dump-const>null</span>
  #<span class=sf-dump-protected title=\"Protected property\">defaultLocale</span>: \"<span class=sf-dump-str title=\"2 characters\">en</span>\"
  -<span class=sf-dump-private title=\"Private property defined in class:&#10;`Symfony\\Component\\HttpFoundation\\Request`\">preferredFormat</span>: <span class=sf-dump-const>null</span>
  -<span class=sf-dump-private title=\"Private property defined in class:&#10;`Symfony\\Component\\HttpFoundation\\Request`\">isHostValid</span>: <span class=sf-dump-const>true</span>
  -<span class=sf-dump-private title=\"Private property defined in class:&#10;`Symfony\\Component\\HttpFoundation\\Request`\">isForwardedValid</span>: <span class=sf-dump-const>true</span>
  #<span class=sf-dump-protected title=\"Protected property\">json</span>: <span class=sf-dump-const>null</span>
  #<span class=sf-dump-protected title=\"Protected property\">convertedFiles</span>: []
  #<span class=sf-dump-protected title=\"Protected property\">userResolver</span>: <span class=sf-dump-note>Closure($guard = null)</span> {<a class=sf-dump-ref>#1581</a><samp data-depth=2 class=sf-dump-compact>
    <span class=sf-dump-meta>class</span>: \"<span class=sf-dump-str title=\"Illuminate\\Auth\\AuthServiceProvider
35 characters\"><span class=\"sf-dump-ellipsis sf-dump-ellipsis-class\">Illuminate\\Auth</span><span class=\"sf-dump-ellipsis sf-dump-ellipsis-class\">\\</span>AuthServiceProvider</span>\"
    <span class=sf-dump-meta>this</span>: <span class=sf-dump-note title=\"Illuminate\\Auth\\AuthServiceProvider
\"><span class=\"sf-dump-ellipsis sf-dump-ellipsis-note\">Illuminate\\Auth</span><span class=\"sf-dump-ellipsis sf-dump-ellipsis-note\">\\</span>AuthServiceProvider</span> {<a class=sf-dump-ref>#165</a> &#8230;}
    <span class=sf-dump-meta>use</span>: {<samp data-depth=3 class=sf-dump-compact>
      <span class=sf-dump-meta>$app</span>: <span class=sf-dump-note title=\"Illuminate\\Foundation\\Application
\"><span class=\"sf-dump-ellipsis sf-dump-ellipsis-note\">Illuminate\\Foundation</span><span class=\"sf-dump-ellipsis sf-dump-ellipsis-note\">\\</span>Application</span> {<a class=sf-dump-ref>#2</a> &#8230;}
    </samp>}
    <span class=sf-dump-meta>file</span>: \"<span class=sf-dump-str title=\"C:\\Users\\stefanopoulos\\Desktop\\e-forms\\vendor\\laravel\\framework\\src\\Illuminate\\Auth\\AuthServiceProvider.php
107 characters\"><span class=\"sf-dump-ellipsis sf-dump-ellipsis-path\">C:\\Users\\stefanopoulos\\Desktop\\e-forms\\vendor</span><span class=\"sf-dump-ellipsis sf-dump-ellipsis-path\">\\laravel\\framework\\</span>src\\Illuminate\\Auth\\AuthServiceProvider.php</span>\"
    <span class=sf-dump-meta>line</span>: \"<span class=sf-dump-str title=\"8 characters\">88 to 90</span>\"
  </samp>}
  #<span class=sf-dump-protected title=\"Protected property\">routeResolver</span>: <span class=sf-dump-note>Closure()</span> {<a class=sf-dump-ref>#1590</a><samp data-depth=2 class=sf-dump-compact>
    <span class=sf-dump-meta>class</span>: \"<span class=sf-dump-str title=\"Illuminate\\Routing\\Router
25 characters\"><span class=\"sf-dump-ellipsis sf-dump-ellipsis-class\">Illuminate\\Routing</span><span class=\"sf-dump-ellipsis sf-dump-ellipsis-class\">\\</span>Router</span>\"
    <span class=sf-dump-meta>this</span>: <span class=sf-dump-note title=\"Illuminate\\Routing\\Router
\"><span class=\"sf-dump-ellipsis sf-dump-ellipsis-note\">Illuminate\\Routing</span><span class=\"sf-dump-ellipsis sf-dump-ellipsis-note\">\\</span>Router</span> {<a class=sf-dump-ref>#27</a> &#8230;}
    <span class=sf-dump-meta>use</span>: {<samp data-depth=3 class=sf-dump-compact>
      <span class=sf-dump-meta>$route</span>: <span class=sf-dump-note title=\"Illuminate\\Routing\\Route
\"><span class=\"sf-dump-ellipsis sf-dump-ellipsis-note\">Illuminate\\Routing</span><span class=\"sf-dump-ellipsis sf-dump-ellipsis-note\">\\</span>Route</span> {<a class=sf-dump-ref>#1427</a> &#8230;}
    </samp>}
    <span class=sf-dump-meta>file</span>: \"<span class=sf-dump-str title=\"C:\\Users\\stefanopoulos\\Desktop\\e-forms\\vendor\\laravel\\framework\\src\\Illuminate\\Routing\\Router.php
97 characters\"><span class=\"sf-dump-ellipsis sf-dump-ellipsis-path\">C:\\Users\\stefanopoulos\\Desktop\\e-forms\\vendor</span><span class=\"sf-dump-ellipsis sf-dump-ellipsis-path\">\\laravel\\framework\\</span>src\\Illuminate\\Routing\\Router.php</span>\"
    <span class=sf-dump-meta>line</span>: \"<span class=sf-dump-str title=\"10 characters\">771 to 771</span>\"
  </samp>}
  <span class=sf-dump-meta>basePath</span>: \"\"
  <span class=sf-dump-meta>format</span>: \"<span class=sf-dump-str title=\"4 characters\">html</span>\"
</samp>}
</pre><script>Sfdump(\"sf-dump-620964928\", {\"maxDepth\":3,\"maxStringLength\":160})</script>
"}},"exception":"[object] (Spatie\\LaravelIgnition\\Exceptions\\ViewException(code: 0): Attempt to read property \"id\" on null at C:\\Users\\stefanopoulos\\Desktop\\e-forms\\resources\\views\\microapps\\actions\\index_school.blade.php:138)
[stacktrace]
#0 C:\\Users\\stefanopoulos\\Desktop\\e-forms\\vendor\\laravel\\framework\\src\\Illuminate\\Foundation\\Bootstrap\\HandleExceptions.php(254): Illuminate\\Foundation\\Bootstrap\\HandleExceptions->handleError(2, 'Attempt to read...', 'C:\\\\Users\\\\stefan...', 148)
#1 C:\\Users\\stefanopoulos\\Desktop\\e-forms\\resources\\views\\microapps\\actions\\index_school.blade.php(138): Illuminate\\Foundation\\Bootstrap\\HandleExceptions->Illuminate\\Foundation\\Bootstrap\\{closure}(2, 'Attempt to read...', 'C:\\\\Users\\\\stefan...', 148)
#2 C:\\Users\\stefanopoulos\\Desktop\\e-forms\\vendor\\laravel\\framework\\src\\Illuminate\\Filesystem\\Filesystem.php(124): require('C:\\\\Users\\\\stefan...')
#3 C:\\Users\\stefanopoulos\\Desktop\\e-forms\\vendor\\laravel\\framework\\src\\Illuminate\\Filesystem\\Filesystem.php(125): Illuminate\\Filesystem\\Filesystem::Illuminate\\Filesystem\\{closure}()
#4 C:\\Users\\stefanopoulos\\Desktop\\e-forms\\vendor\\laravel\\framework\\src\\Illuminate\\View\\Engines\\PhpEngine.php(58): Illuminate\\Filesystem\\Filesystem->getRequire('C:\\\\Users\\\\stefan...', Array)
#5 C:\\Users\\stefanopoulos\\Desktop\\e-forms\\vendor\\laravel\\framework\\src\\Illuminate\\View\\Engines\\CompilerEngine.php(70): Illuminate\\View\\Engines\\PhpEngine->evaluatePath('C:\\\\Users\\\\stefan...', Array)
#6 C:\\Users\\stefanopoulos\\Desktop\\e-forms\\vendor\\laravel\\framework\\src\\Illuminate\\View\\View.php(195): Illuminate\\View\\Engines\\CompilerEngine->get('C:\\\\Users\\\\stefan...', Array)
#7 C:\\Users\\stefanopoulos\\Desktop\\e-forms\\vendor\\laravel\\framework\\src\\Illuminate\\View\\View.php(178): Illuminate\\View\\View->getContents()
#8 C:\\Users\\stefanopoulos\\Desktop\\e-forms\\vendor\\laravel\\framework\\src\\Illuminate\\View\\View.php(147): Illuminate\\View\\View->renderContents()
#9 C:\\Users\\stefanopoulos\\Desktop\\e-forms\\vendor\\laravel\\framework\\src\\Illuminate\\Http\\Response.php(69): Illuminate\\View\\View->render()
#10 C:\\Users\\stefanopoulos\\Desktop\\e-forms\\vendor\\laravel\\framework\\src\\Illuminate\\Http\\Response.php(35): Illuminate\\Http\\Response->setContent(Object(Illuminate\\View\\View))
#11 C:\\Users\\stefanopoulos\\Desktop\\e-forms\\vendor\\laravel\\framework\\src\\Illuminate\\Routing\\Router.php(906): Illuminate\\Http\\Response->__construct(Object(Illuminate\\View\\View), 200, Array)
#12 C:\\Users\\stefanopoulos\\Desktop\\e-forms\\vendor\\laravel\\framework\\src\\Illuminate\\Routing\\Router.php(875): Illuminate\\Routing\\Router::toResponse(Object(Illuminate\\Http\\Request), Object(Illuminate\\View\\View))
#13 C:\\Users\\stefanopoulos\\Desktop\\e-forms\\vendor\\laravel\\framework\\src\\Illuminate\\Routing\\Router.php(797): Illuminate\\Routing\\Router->prepareResponse(Object(Illuminate\\Http\\Request), Object(Illuminate\\View\\View))
#14 C:\\Users\\stefanopoulos\\Desktop\\e-forms\\vendor\\laravel\\framework\\src\\Illuminate\\Pipeline\\Pipeline.php(141): Illuminate\\Routing\\Router->Illuminate\\Routing\\{closure}(Object(Illuminate\\Http\\Request))
#15 C:\\Users\\stefanopoulos\\Desktop\\e-forms\\vendor\\laravel\\framework\\src\\Illuminate\\Routing\\Middleware\\SubstituteBindings.php(50): Illuminate\\Pipeline\\Pipeline->Illuminate\\Pipeline\\{closure}(Object(Illuminate\\Http\\Request))
#16 C:\\Users\\stefanopoulos\\Desktop\\e-forms\\vendor\\laravel\\framework\\src\\Illuminate\\Pipeline\\Pipeline.php(180): Illuminate\\Routing\\Middleware\\SubstituteBindings->handle(Object(Illuminate\\Http\\Request), Object(Closure))
#17 C:\\Users\\stefanopoulos\\Desktop\\e-forms\\vendor\\laravel\\framework\\src\\Illuminate\\Foundation\\Http\\Middleware\\VerifyCsrfToken.php(78): Illuminate\\Pipeline\\Pipeline->Illuminate\\Pipeline\\{closure}(Object(Illuminate\\Http\\Request))
#18 C:\\Users\\stefanopoulos\\Desktop\\e-forms\\vendor\\laravel\\framework\\src\\Illuminate\\Pipeline\\Pipeline.php(180): Illuminate\\Foundation\\Http\\Middleware\\VerifyCsrfToken->handle(Object(Illuminate\\Http\\Request), Object(Closure))
#19 C:\\Users\\stefanopoulos\\Desktop\\e-forms\\vendor\\laravel\\framework\\src\\Illuminate\\View\\Middleware\\ShareErrorsFromSession.php(49): Illuminate\\Pipeline\\Pipeline->Illuminate\\Pipeline\\{closure}(Object(Illuminate\\Http\\Request))
#20 C:\\Users\\stefanopoulos\\Desktop\\e-forms\\vendor\\laravel\\framework\\src\\Illuminate\\Pipeline\\Pipeline.php(180): Illuminate\\View\\Middleware\\ShareErrorsFromSession->handle(Object(Illuminate\\Http\\Request), Object(Closure))
#21 C:\\Users\\stefanopoulos\\Desktop\\e-forms\\vendor\\laravel\\framework\\src\\Illuminate\\Session\\Middleware\\StartSession.php(121): Illuminate\\Pipeline\\Pipeline->Illuminate\\Pipeline\\{closure}(Object(Illuminate\\Http\\Request))
#22 C:\\Users\\stefanopoulos\\Desktop\\e-forms\\vendor\\laravel\\framework\\src\\Illuminate\\Session\\Middleware\\StartSession.php(64): Illuminate\\Session\\Middleware\\StartSession->handleStatefulRequest(Object(Illuminate\\Http\\Request), Object(Illuminate\\Session\\Store), Object(Closure))
#23 C:\\Users\\stefanopoulos\\Desktop\\e-forms\\vendor\\laravel\\framework\\src\\Illuminate\\Pipeline\\Pipeline.php(180): Illuminate\\Session\\Middleware\\StartSession->handle(Object(Illuminate\\Http\\Request), Object(Closure))
#24 C:\\Users\\stefanopoulos\\Desktop\\e-forms\\vendor\\laravel\\framework\\src\\Illuminate\\Cookie\\Middleware\\AddQueuedCookiesToResponse.php(37): Illuminate\\Pipeline\\Pipeline->Illuminate\\Pipeline\\{closure}(Object(Illuminate\\Http\\Request))
#25 C:\\Users\\stefanopoulos\\Desktop\\e-forms\\vendor\\laravel\\framework\\src\\Illuminate\\Pipeline\\Pipeline.php(180): Illuminate\\Cookie\\Middleware\\AddQueuedCookiesToResponse->handle(Object(Illuminate\\Http\\Request), Object(Closure))
#26 C:\\Users\\stefanopoulos\\Desktop\\e-forms\\vendor\\laravel\\framework\\src\\Illuminate\\Cookie\\Middleware\\EncryptCookies.php(67): Illuminate\\Pipeline\\Pipeline->Illuminate\\Pipeline\\{closure}(Object(Illuminate\\Http\\Request))
#27 C:\\Users\\stefanopoulos\\Desktop\\e-forms\\vendor\\laravel\\framework\\src\\Illuminate\\Pipeline\\Pipeline.php(180): Illuminate\\Cookie\\Middleware\\EncryptCookies->handle(Object(Illuminate\\Http\\Request), Object(Closure))
#28 C:\\Users\\stefanopoulos\\Desktop\\e-forms\\vendor\\laravel\\framework\\src\\Illuminate\\Pipeline\\Pipeline.php(116): Illuminate\\Pipeline\\Pipeline->Illuminate\\Pipeline\\{closure}(Object(Illuminate\\Http\\Request))
#29 C:\\Users\\stefanopoulos\\Desktop\\e-forms\\vendor\\laravel\\framework\\src\\Illuminate\\Routing\\Router.php(797): Illuminate\\Pipeline\\Pipeline->then(Object(Closure))
#30 C:\\Users\\stefanopoulos\\Desktop\\e-forms\\vendor\\laravel\\framework\\src\\Illuminate\\Routing\\Router.php(776): Illuminate\\Routing\\Router->runRouteWithinStack(Object(Illuminate\\Routing\\Route), Object(Illuminate\\Http\\Request))
#31 C:\\Users\\stefanopoulos\\Desktop\\e-forms\\vendor\\laravel\\framework\\src\\Illuminate\\Routing\\Router.php(740): Illuminate\\Routing\\Router->runRoute(Object(Illuminate\\Http\\Request), Object(Illuminate\\Routing\\Route))
#32 C:\\Users\\stefanopoulos\\Desktop\\e-forms\\vendor\\laravel\\framework\\src\\Illuminate\\Routing\\Router.php(729): Illuminate\\Routing\\Router->dispatchToRoute(Object(Illuminate\\Http\\Request))
#33 C:\\Users\\stefanopoulos\\Desktop\\e-forms\\vendor\\laravel\\framework\\src\\Illuminate\\Foundation\\Http\\Kernel.php(200): Illuminate\\Routing\\Router->dispatch(Object(Illuminate\\Http\\Request))
#34 C:\\Users\\stefanopoulos\\Desktop\\e-forms\\vendor\\laravel\\framework\\src\\Illuminate\\Pipeline\\Pipeline.php(141): Illuminate\\Foundation\\Http\\Kernel->Illuminate\\Foundation\\Http\\{closure}(Object(Illuminate\\Http\\Request))
#35 C:\\Users\\stefanopoulos\\Desktop\\e-forms\\vendor\\laravel\\framework\\src\\Illuminate\\Foundation\\Http\\Middleware\\TransformsRequest.php(21): Illuminate\\Pipeline\\Pipeline->Illuminate\\Pipeline\\{closure}(Object(Illuminate\\Http\\Request))
#36 C:\\Users\\stefanopoulos\\Desktop\\e-forms\\vendor\\laravel\\framework\\src\\Illuminate\\Foundation\\Http\\Middleware\\ConvertEmptyStringsToNull.php(31): Illuminate\\Foundation\\Http\\Middleware\\TransformsRequest->handle(Object(Illuminate\\Http\\Request), Object(Closure))
#37 C:\\Users\\stefanopoulos\\Desktop\\e-forms\\vendor\\laravel\\framework\\src\\Illuminate\\Pipeline\\Pipeline.php(180): Illuminate\\Foundation\\Http\\Middleware\\ConvertEmptyStringsToNull->handle(Object(Illuminate\\Http\\Request), Object(Closure))
#38 C:\\Users\\stefanopoulos\\Desktop\\e-forms\\vendor\\laravel\\framework\\src\\Illuminate\\Foundation\\Http\\Middleware\\TransformsRequest.php(21): Illuminate\\Pipeline\\Pipeline->Illuminate\\Pipeline\\{closure}(Object(Illuminate\\Http\\Request))
#39 C:\\Users\\stefanopoulos\\Desktop\\e-forms\\vendor\\laravel\\framework\\src\\Illuminate\\Foundation\\Http\\Middleware\\TrimStrings.php(40): Illuminate\\Foundation\\Http\\Middleware\\TransformsRequest->handle(Object(Illuminate\\Http\\Request), Object(Closure))
#40 C:\\Users\\stefanopoulos\\Desktop\\e-forms\\vendor\\laravel\\framework\\src\\Illuminate\\Pipeline\\Pipeline.php(180): Illuminate\\Foundation\\Http\\Middleware\\TrimStrings->handle(Object(Illuminate\\Http\\Request), Object(Closure))
#41 C:\\Users\\stefanopoulos\\Desktop\\e-forms\\vendor\\laravel\\framework\\src\\Illuminate\\Foundation\\Http\\Middleware\\ValidatePostSize.php(27): Illuminate\\Pipeline\\Pipeline->Illuminate\\Pipeline\\{closure}(Object(Illuminate\\Http\\Request))
#42 C:\\Users\\stefanopoulos\\Desktop\\e-forms\\vendor\\laravel\\framework\\src\\Illuminate\\Pipeline\\Pipeline.php(180): Illuminate\\Foundation\\Http\\Middleware\\ValidatePostSize->handle(Object(Illuminate\\Http\\Request), Object(Closure))
#43 C:\\Users\\stefanopoulos\\Desktop\\e-forms\\vendor\\laravel\\framework\\src\\Illuminate\\Foundation\\Http\\Middleware\\PreventRequestsDuringMaintenance.php(86): Illuminate\\Pipeline\\Pipeline->Illuminate\\Pipeline\\{closure}(Object(Illuminate\\Http\\Request))
#44 C:\\Users\\stefanopoulos\\Desktop\\e-forms\\vendor\\laravel\\framework\\src\\Illuminate\\Pipeline\\Pipeline.php(180): Illuminate\\Foundation\\Http\\Middleware\\PreventRequestsDuringMaintenance->handle(Object(Illuminate\\Http\\Request), Object(Closure))
#45 C:\\Users\\stefanopoulos\\Desktop\\e-forms\\vendor\\laravel\\framework\\src\\Illuminate\\Http\\Middleware\\HandleCors.php(49): Illuminate\\Pipeline\\Pipeline->Illuminate\\Pipeline\\{closure}(Object(Illuminate\\Http\\Request))
#46 C:\\Users\\stefanopoulos\\Desktop\\e-forms\\vendor\\laravel\\framework\\src\\Illuminate\\Pipeline\\Pipeline.php(180): Illuminate\\Http\\Middleware\\HandleCors->handle(Object(Illuminate\\Http\\Request), Object(Closure))
#47 C:\\Users\\stefanopoulos\\Desktop\\e-forms\\vendor\\laravel\\framework\\src\\Illuminate\\Http\\Middleware\\TrustProxies.php(39): Illuminate\\Pipeline\\Pipeline->Illuminate\\Pipeline\\{closure}(Object(Illuminate\\Http\\Request))
#48 C:\\Users\\stefanopoulos\\Desktop\\e-forms\\vendor\\laravel\\framework\\src\\Illuminate\\Pipeline\\Pipeline.php(180): Illuminate\\Http\\Middleware\\TrustProxies->handle(Object(Illuminate\\Http\\Request), Object(Closure))
#49 C:\\Users\\stefanopoulos\\Desktop\\e-forms\\vendor\\laravel\\framework\\src\\Illuminate\\Pipeline\\Pipeline.php(116): Illuminate\\Pipeline\\Pipeline->Illuminate\\Pipeline\\{closure}(Object(Illuminate\\Http\\Request))
#50 C:\\Users\\stefanopoulos\\Desktop\\e-forms\\vendor\\laravel\\framework\\src\\Illuminate\\Foundation\\Http\\Kernel.php(175): Illuminate\\Pipeline\\Pipeline->then(Object(Closure))
#51 C:\\Users\\stefanopoulos\\Desktop\\e-forms\\vendor\\laravel\\framework\\src\\Illuminate\\Foundation\\Http\\Kernel.php(144): Illuminate\\Foundation\\Http\\Kernel->sendRequestThroughRouter(Object(Illuminate\\Http\\Request))
#52 C:\\Users\\stefanopoulos\\Desktop\\e-forms\\public\\index.php(51): Illuminate\\Foundation\\Http\\Kernel->handle(Object(Illuminate\\Http\\Request))
#53 C:\\Users\\stefanopoulos\\Desktop\\e-forms\\vendor\\laravel\\framework\\src\\Illuminate\\Foundation\\resources\\server.php(16): require_once('C:\\\\Users\\\\stefan...')
#54 {main}

[previous exception] [object] (ErrorException(code: 0): Attempt to read property \"id\" on null at C:\\Users\\stefanopoulos\\Desktop\\e-forms\\storage\\framework\\views\\67800a60a210fb128232c9846d71636c.php:148)
[stacktrace]
#0 C:\\Users\\stefanopoulos\\Desktop\\e-forms\\vendor\\laravel\\framework\\src\\Illuminate\\Foundation\\Bootstrap\\HandleExceptions.php(254): Illuminate\\Foundation\\Bootstrap\\HandleExceptions->handleError(2, 'Attempt to read...', 'C:\\\\Users\\\\stefan...', 148)
#1 C:\\Users\\stefanopoulos\\Desktop\\e-forms\\storage\\framework\\views\\67800a60a210fb128232c9846d71636c.php(148): Illuminate\\Foundation\\Bootstrap\\HandleExceptions->Illuminate\\Foundation\\Bootstrap\\{closure}(2, 'Attempt to read...', 'C:\\\\Users\\\\stefan...', 148)
#2 C:\\Users\\stefanopoulos\\Desktop\\e-forms\\vendor\\laravel\\framework\\src\\Illuminate\\Filesystem\\Filesystem.php(124): require('C:\\\\Users\\\\stefan...')
#3 C:\\Users\\stefanopoulos\\Desktop\\e-forms\\vendor\\laravel\\framework\\src\\Illuminate\\Filesystem\\Filesystem.php(125): Illuminate\\Filesystem\\Filesystem::Illuminate\\Filesystem\\{closure}()
#4 C:\\Users\\stefanopoulos\\Desktop\\e-forms\\vendor\\laravel\\framework\\src\\Illuminate\\View\\Engines\\PhpEngine.php(58): Illuminate\\Filesystem\\Filesystem->getRequire('C:\\\\Users\\\\stefan...', Array)
#5 C:\\Users\\stefanopoulos\\Desktop\\e-forms\\vendor\\laravel\\framework\\src\\Illuminate\\View\\Engines\\CompilerEngine.php(70): Illuminate\\View\\Engines\\PhpEngine->evaluatePath('C:\\\\Users\\\\stefan...', Array)
#6 C:\\Users\\stefanopoulos\\Desktop\\e-forms\\vendor\\laravel\\framework\\src\\Illuminate\\View\\View.php(195): Illuminate\\View\\Engines\\CompilerEngine->get('C:\\\\Users\\\\stefan...', Array)
#7 C:\\Users\\stefanopoulos\\Desktop\\e-forms\\vendor\\laravel\\framework\\src\\Illuminate\\View\\View.php(178): Illuminate\\View\\View->getContents()
#8 C:\\Users\\stefanopoulos\\Desktop\\e-forms\\vendor\\laravel\\framework\\src\\Illuminate\\View\\View.php(147): Illuminate\\View\\View->renderContents()
#9 C:\\Users\\stefanopoulos\\Desktop\\e-forms\\vendor\\laravel\\framework\\src\\Illuminate\\Http\\Response.php(69): Illuminate\\View\\View->render()
#10 C:\\Users\\stefanopoulos\\Desktop\\e-forms\\vendor\\laravel\\framework\\src\\Illuminate\\Http\\Response.php(35): Illuminate\\Http\\Response->setContent(Object(Illuminate\\View\\View))
#11 C:\\Users\\stefanopoulos\\Desktop\\e-forms\\vendor\\laravel\\framework\\src\\Illuminate\\Routing\\Router.php(906): Illuminate\\Http\\Response->__construct(Object(Illuminate\\View\\View), 200, Array)
#12 C:\\Users\\stefanopoulos\\Desktop\\e-forms\\vendor\\laravel\\framework\\src\\Illuminate\\Routing\\Router.php(875): Illuminate\\Routing\\Router::toResponse(Object(Illuminate\\Http\\Request), Object(Illuminate\\View\\View))
#13 C:\\Users\\stefanopoulos\\Desktop\\e-forms\\vendor\\laravel\\framework\\src\\Illuminate\\Routing\\Router.php(797): Illuminate\\Routing\\Router->prepareResponse(Object(Illuminate\\Http\\Request), Object(Illuminate\\View\\View))
#14 C:\\Users\\stefanopoulos\\Desktop\\e-forms\\vendor\\laravel\\framework\\src\\Illuminate\\Pipeline\\Pipeline.php(141): Illuminate\\Routing\\Router->Illuminate\\Routing\\{closure}(Object(Illuminate\\Http\\Request))
#15 C:\\Users\\stefanopoulos\\Desktop\\e-forms\\vendor\\laravel\\framework\\src\\Illuminate\\Routing\\Middleware\\SubstituteBindings.php(50): Illuminate\\Pipeline\\Pipeline->Illuminate\\Pipeline\\{closure}(Object(Illuminate\\Http\\Request))
#16 C:\\Users\\stefanopoulos\\Desktop\\e-forms\\vendor\\laravel\\framework\\src\\Illuminate\\Pipeline\\Pipeline.php(180): Illuminate\\Routing\\Middleware\\SubstituteBindings->handle(Object(Illuminate\\Http\\Request), Object(Closure))
#17 C:\\Users\\stefanopoulos\\Desktop\\e-forms\\vendor\\laravel\\framework\\src\\Illuminate\\Foundation\\Http\\Middleware\\VerifyCsrfToken.php(78): Illuminate\\Pipeline\\Pipeline->Illuminate\\Pipeline\\{closure}(Object(Illuminate\\Http\\Request))
#18 C:\\Users\\stefanopoulos\\Desktop\\e-forms\\vendor\\laravel\\framework\\src\\Illuminate\\Pipeline\\Pipeline.php(180): Illuminate\\Foundation\\Http\\Middleware\\VerifyCsrfToken->handle(Object(Illuminate\\Http\\Request), Object(Closure))
#19 C:\\Users\\stefanopoulos\\Desktop\\e-forms\\vendor\\laravel\\framework\\src\\Illuminate\\View\\Middleware\\ShareErrorsFromSession.php(49): Illuminate\\Pipeline\\Pipeline->Illuminate\\Pipeline\\{closure}(Object(Illuminate\\Http\\Request))
#20 C:\\Users\\stefanopoulos\\Desktop\\e-forms\\vendor\\laravel\\framework\\src\\Illuminate\\Pipeline\\Pipeline.php(180): Illuminate\\View\\Middleware\\ShareErrorsFromSession->handle(Object(Illuminate\\Http\\Request), Object(Closure))
#21 C:\\Users\\stefanopoulos\\Desktop\\e-forms\\vendor\\laravel\\framework\\src\\Illuminate\\Session\\Middleware\\StartSession.php(121): Illuminate\\Pipeline\\Pipeline->Illuminate\\Pipeline\\{closure}(Object(Illuminate\\Http\\Request))
#22 C:\\Users\\stefanopoulos\\Desktop\\e-forms\\vendor\\laravel\\framework\\src\\Illuminate\\Session\\Middleware\\StartSession.php(64): Illuminate\\Session\\Middleware\\StartSession->handleStatefulRequest(Object(Illuminate\\Http\\Request), Object(Illuminate\\Session\\Store), Object(Closure))
#23 C:\\Users\\stefanopoulos\\Desktop\\e-forms\\vendor\\laravel\\framework\\src\\Illuminate\\Pipeline\\Pipeline.php(180): Illuminate\\Session\\Middleware\\StartSession->handle(Object(Illuminate\\Http\\Request), Object(Closure))
#24 C:\\Users\\stefanopoulos\\Desktop\\e-forms\\vendor\\laravel\\framework\\src\\Illuminate\\Cookie\\Middleware\\AddQueuedCookiesToResponse.php(37): Illuminate\\Pipeline\\Pipeline->Illuminate\\Pipeline\\{closure}(Object(Illuminate\\Http\\Request))
#25 C:\\Users\\stefanopoulos\\Desktop\\e-forms\\vendor\\laravel\\framework\\src\\Illuminate\\Pipeline\\Pipeline.php(180): Illuminate\\Cookie\\Middleware\\AddQueuedCookiesToResponse->handle(Object(Illuminate\\Http\\Request), Object(Closure))
#26 C:\\Users\\stefanopoulos\\Desktop\\e-forms\\vendor\\laravel\\framework\\src\\Illuminate\\Cookie\\Middleware\\EncryptCookies.php(67): Illuminate\\Pipeline\\Pipeline->Illuminate\\Pipeline\\{closure}(Object(Illuminate\\Http\\Request))
#27 C:\\Users\\stefanopoulos\\Desktop\\e-forms\\vendor\\laravel\\framework\\src\\Illuminate\\Pipeline\\Pipeline.php(180): Illuminate\\Cookie\\Middleware\\EncryptCookies->handle(Object(Illuminate\\Http\\Request), Object(Closure))
#28 C:\\Users\\stefanopoulos\\Desktop\\e-forms\\vendor\\laravel\\framework\\src\\Illuminate\\Pipeline\\Pipeline.php(116): Illuminate\\Pipeline\\Pipeline->Illuminate\\Pipeline\\{closure}(Object(Illuminate\\Http\\Request))
#29 C:\\Users\\stefanopoulos\\Desktop\\e-forms\\vendor\\laravel\\framework\\src\\Illuminate\\Routing\\Router.php(797): Illuminate\\Pipeline\\Pipeline->then(Object(Closure))
#30 C:\\Users\\stefanopoulos\\Desktop\\e-forms\\vendor\\laravel\\framework\\src\\Illuminate\\Routing\\Router.php(776): Illuminate\\Routing\\Router->runRouteWithinStack(Object(Illuminate\\Routing\\Route), Object(Illuminate\\Http\\Request))
#31 C:\\Users\\stefanopoulos\\Desktop\\e-forms\\vendor\\laravel\\framework\\src\\Illuminate\\Routing\\Router.php(740): Illuminate\\Routing\\Router->runRoute(Object(Illuminate\\Http\\Request), Object(Illuminate\\Routing\\Route))
#32 C:\\Users\\stefanopoulos\\Desktop\\e-forms\\vendor\\laravel\\framework\\src\\Illuminate\\Routing\\Router.php(729): Illuminate\\Routing\\Router->dispatchToRoute(Object(Illuminate\\Http\\Request))
#33 C:\\Users\\stefanopoulos\\Desktop\\e-forms\\vendor\\laravel\\framework\\src\\Illuminate\\Foundation\\Http\\Kernel.php(200): Illuminate\\Routing\\Router->dispatch(Object(Illuminate\\Http\\Request))
#34 C:\\Users\\stefanopoulos\\Desktop\\e-forms\\vendor\\laravel\\framework\\src\\Illuminate\\Pipeline\\Pipeline.php(141): Illuminate\\Foundation\\Http\\Kernel->Illuminate\\Foundation\\Http\\{closure}(Object(Illuminate\\Http\\Request))
#35 C:\\Users\\stefanopoulos\\Desktop\\e-forms\\vendor\\laravel\\framework\\src\\Illuminate\\Foundation\\Http\\Middleware\\TransformsRequest.php(21): Illuminate\\Pipeline\\Pipeline->Illuminate\\Pipeline\\{closure}(Object(Illuminate\\Http\\Request))
#36 C:\\Users\\stefanopoulos\\Desktop\\e-forms\\vendor\\laravel\\framework\\src\\Illuminate\\Foundation\\Http\\Middleware\\ConvertEmptyStringsToNull.php(31): Illuminate\\Foundation\\Http\\Middleware\\TransformsRequest->handle(Object(Illuminate\\Http\\Request), Object(Closure))
#37 C:\\Users\\stefanopoulos\\Desktop\\e-forms\\vendor\\laravel\\framework\\src\\Illuminate\\Pipeline\\Pipeline.php(180): Illuminate\\Foundation\\Http\\Middleware\\ConvertEmptyStringsToNull->handle(Object(Illuminate\\Http\\Request), Object(Closure))
#38 C:\\Users\\stefanopoulos\\Desktop\\e-forms\\vendor\\laravel\\framework\\src\\Illuminate\\Foundation\\Http\\Middleware\\TransformsRequest.php(21): Illuminate\\Pipeline\\Pipeline->Illuminate\\Pipeline\\{closure}(Object(Illuminate\\Http\\Request))
#39 C:\\Users\\stefanopoulos\\Desktop\\e-forms\\vendor\\laravel\\framework\\src\\Illuminate\\Foundation\\Http\\Middleware\\TrimStrings.php(40): Illuminate\\Foundation\\Http\\Middleware\\TransformsRequest->handle(Object(Illuminate\\Http\\Request), Object(Closure))
#40 C:\\Users\\stefanopoulos\\Desktop\\e-forms\\vendor\\laravel\\framework\\src\\Illuminate\\Pipeline\\Pipeline.php(180): Illuminate\\Foundation\\Http\\Middleware\\TrimStrings->handle(Object(Illuminate\\Http\\Request), Object(Closure))
#41 C:\\Users\\stefanopoulos\\Desktop\\e-forms\\vendor\\laravel\\framework\\src\\Illuminate\\Foundation\\Http\\Middleware\\ValidatePostSize.php(27): Illuminate\\Pipeline\\Pipeline->Illuminate\\Pipeline\\{closure}(Object(Illuminate\\Http\\Request))
#42 C:\\Users\\stefanopoulos\\Desktop\\e-forms\\vendor\\laravel\\framework\\src\\Illuminate\\Pipeline\\Pipeline.php(180): Illuminate\\Foundation\\Http\\Middleware\\ValidatePostSize->handle(Object(Illuminate\\Http\\Request), Object(Closure))
#43 C:\\Users\\stefanopoulos\\Desktop\\e-forms\\vendor\\laravel\\framework\\src\\Illuminate\\Foundation\\Http\\Middleware\\PreventRequestsDuringMaintenance.php(86): Illuminate\\Pipeline\\Pipeline->Illuminate\\Pipeline\\{closure}(Object(Illuminate\\Http\\Request))
#44 C:\\Users\\stefanopoulos\\Desktop\\e-forms\\vendor\\laravel\\framework\\src\\Illuminate\\Pipeline\\Pipeline.php(180): Illuminate\\Foundation\\Http\\Middleware\\PreventRequestsDuringMaintenance->handle(Object(Illuminate\\Http\\Request), Object(Closure))
#45 C:\\Users\\stefanopoulos\\Desktop\\e-forms\\vendor\\laravel\\framework\\src\\Illuminate\\Http\\Middleware\\HandleCors.php(49): Illuminate\\Pipeline\\Pipeline->Illuminate\\Pipeline\\{closure}(Object(Illuminate\\Http\\Request))
#46 C:\\Users\\stefanopoulos\\Desktop\\e-forms\\vendor\\laravel\\framework\\src\\Illuminate\\Pipeline\\Pipeline.php(180): Illuminate\\Http\\Middleware\\HandleCors->handle(Object(Illuminate\\Http\\Request), Object(Closure))
#47 C:\\Users\\stefanopoulos\\Desktop\\e-forms\\vendor\\laravel\\framework\\src\\Illuminate\\Http\\Middleware\\TrustProxies.php(39): Illuminate\\Pipeline\\Pipeline->Illuminate\\Pipeline\\{closure}(Object(Illuminate\\Http\\Request))
#48 C:\\Users\\stefanopoulos\\Desktop\\e-forms\\vendor\\laravel\\framework\\src\\Illuminate\\Pipeline\\Pipeline.php(180): Illuminate\\Http\\Middleware\\TrustProxies->handle(Object(Illuminate\\Http\\Request), Object(Closure))
#49 C:\\Users\\stefanopoulos\\Desktop\\e-forms\\vendor\\laravel\\framework\\src\\Illuminate\\Pipeline\\Pipeline.php(116): Illuminate\\Pipeline\\Pipeline->Illuminate\\Pipeline\\{closure}(Object(Illuminate\\Http\\Request))
#50 C:\\Users\\stefanopoulos\\Desktop\\e-forms\\vendor\\laravel\\framework\\src\\Illuminate\\Foundation\\Http\\Kernel.php(175): Illuminate\\Pipeline\\Pipeline->then(Object(Closure))
#51 C:\\Users\\stefanopoulos\\Desktop\\e-forms\\vendor\\laravel\\framework\\src\\Illuminate\\Foundation\\Http\\Kernel.php(144): Illuminate\\Foundation\\Http\\Kernel->sendRequestThroughRouter(Object(Illuminate\\Http\\Request))
#52 C:\\Users\\stefanopoulos\\Desktop\\e-forms\\public\\index.php(51): Illuminate\\Foundation\\Http\\Kernel->handle(Object(Illuminate\\Http\\Request))
#53 C:\\Users\\stefanopoulos\\Desktop\\e-forms\\vendor\\laravel\\framework\\src\\Illuminate\\Foundation\\resources\\server.php(16): require_once('C:\\\\Users\\\\stefan...')
#54 {main}
"} 
[2025-04-16 12:32:52] local.ERROR: Attempt to read property "id" on null {"view":{"view":"C:\\Users\\stefanopoulos\\Desktop\\e-forms\\resources\\views\\microapps\\actions\\index_school.blade.php","data":{"errors":"<pre class=sf-dump id=sf-dump-1369243274 data-indent-pad=\"  \"><span class=sf-dump-note>Illuminate\\Support\\ViewErrorBag</span> {<a class=sf-dump-ref>#1732</a><samp data-depth=1 class=sf-dump-expanded>
  #<span class=sf-dump-protected title=\"Protected property\">bags</span>: []
</samp>}
</pre><script>Sfdump(\"sf-dump-1369243274\", {\"maxDepth\":3,\"maxStringLength\":160})</script>
","request":"<pre class=sf-dump id=sf-dump-1076800544 data-indent-pad=\"  \"><span class=sf-dump-note>Illuminate\\Http\\Request</span> {<a class=sf-dump-ref>#44</a><samp data-depth=1 class=sf-dump-expanded>
  +<span class=sf-dump-public title=\"Public property\">attributes</span>: <span class=sf-dump-note title=\"Symfony\\Component\\HttpFoundation\\ParameterBag
\"><span class=\"sf-dump-ellipsis sf-dump-ellipsis-note\">Symfony\\Component\\HttpFoundation</span><span class=\"sf-dump-ellipsis sf-dump-ellipsis-note\">\\</span>ParameterBag</span> {<a class=sf-dump-ref>#46</a><samp data-depth=2 class=sf-dump-compact>
    #<span class=sf-dump-protected title=\"Protected property\">parameters</span>: []
  </samp>}
  +<span class=sf-dump-public title=\"Public property\">request</span>: <span class=sf-dump-note title=\"Symfony\\Component\\HttpFoundation\\InputBag
\"><span class=\"sf-dump-ellipsis sf-dump-ellipsis-note\">Symfony\\Component\\HttpFoundation</span><span class=\"sf-dump-ellipsis sf-dump-ellipsis-note\">\\</span>InputBag</span> {<a class=sf-dump-ref>#45</a><samp data-depth=2 class=sf-dump-compact>
    #<span class=sf-dump-protected title=\"Protected property\">parameters</span>: []
  </samp>}
  +<span class=sf-dump-public title=\"Public property\">query</span>: <span class=sf-dump-note title=\"Symfony\\Component\\HttpFoundation\\InputBag
\"><span class=\"sf-dump-ellipsis sf-dump-ellipsis-note\">Symfony\\Component\\HttpFoundation</span><span class=\"sf-dump-ellipsis sf-dump-ellipsis-note\">\\</span>InputBag</span> {<a class=sf-dump-ref>#52</a><samp data-depth=2 class=sf-dump-compact>
    #<span class=sf-dump-protected title=\"Protected property\">parameters</span>: []
  </samp>}
  +<span class=sf-dump-public title=\"Public property\">server</span>: <span class=sf-dump-note title=\"Symfony\\Component\\HttpFoundation\\ServerBag
\"><span class=\"sf-dump-ellipsis sf-dump-ellipsis-note\">Symfony\\Component\\HttpFoundation</span><span class=\"sf-dump-ellipsis sf-dump-ellipsis-note\">\\</span>ServerBag</span> {<a class=sf-dump-ref>#48</a><samp data-depth=2 class=sf-dump-compact>
    #<span class=sf-dump-protected title=\"Protected property\">parameters</span>: <span class=sf-dump-note>array:31</span> [<samp data-depth=3 class=sf-dump-compact>
      \"<span class=sf-dump-key>DOCUMENT_ROOT</span>\" => \"<span class=sf-dump-str title=\"45 characters\">C:\\Users\\stefanopoulos\\Desktop\\e-forms\\public</span>\"
      \"<span class=sf-dump-key>REMOTE_ADDR</span>\" => \"<span class=sf-dump-str title=\"9 characters\">127.0.0.1</span>\"
      \"<span class=sf-dump-key>REMOTE_PORT</span>\" => \"<span class=sf-dump-str title=\"5 characters\">49458</span>\"
      \"<span class=sf-dump-key>SERVER_SOFTWARE</span>\" => \"<span class=sf-dump-str title=\"28 characters\">PHP 8.2.3 Development Server</span>\"
      \"<span class=sf-dump-key>SERVER_PROTOCOL</span>\" => \"<span class=sf-dump-str title=\"8 characters\">HTTP/1.1</span>\"
      \"<span class=sf-dump-key>SERVER_NAME</span>\" => \"<span class=sf-dump-str title=\"9 characters\">127.0.0.1</span>\"
      \"<span class=sf-dump-key>SERVER_PORT</span>\" => \"<span class=sf-dump-str title=\"4 characters\">8000</span>\"
      \"<span class=sf-dump-key>REQUEST_URI</span>\" => \"<span class=sf-dump-str title=\"31 characters\">/actions/consultants_supervisor</span>\"
      \"<span class=sf-dump-key>REQUEST_METHOD</span>\" => \"<span class=sf-dump-str title=\"3 characters\">GET</span>\"
      \"<span class=sf-dump-key>SCRIPT_NAME</span>\" => \"<span class=sf-dump-str title=\"10 characters\">/index.php</span>\"
      \"<span class=sf-dump-key>SCRIPT_FILENAME</span>\" => \"<span class=sf-dump-str title=\"55 characters\">C:\\Users\\stefanopoulos\\Desktop\\e-forms\\public\\index.php</span>\"
      \"<span class=sf-dump-key>PATH_INFO</span>\" => \"<span class=sf-dump-str title=\"31 characters\">/actions/consultants_supervisor</span>\"
      \"<span class=sf-dump-key>PHP_SELF</span>\" => \"<span class=sf-dump-str title=\"41 characters\">/index.php/actions/consultants_supervisor</span>\"
      \"<span class=sf-dump-key>HTTP_HOST</span>\" => \"<span class=sf-dump-str title=\"14 characters\">localhost:8000</span>\"
      \"<span class=sf-dump-key>HTTP_USER_AGENT</span>\" => \"<span class=sf-dump-str title=\"80 characters\">Mozilla/5.0 (Windows NT 10.0; Win64; x64; rv:137.0) Gecko/20100101 Firefox/137.0</span>\"
      \"<span class=sf-dump-key>HTTP_ACCEPT</span>\" => \"<span class=sf-dump-str title=\"63 characters\">text/html,application/xhtml+xml,application/xml;q=0.9,*/*;q=0.8</span>\"
      \"<span class=sf-dump-key>HTTP_ACCEPT_LANGUAGE</span>\" => \"<span class=sf-dump-str title=\"14 characters\">en-US,en;q=0.5</span>\"
      \"<span class=sf-dump-key>HTTP_ACCEPT_ENCODING</span>\" => \"<span class=sf-dump-str title=\"23 characters\">gzip, deflate, br, zstd</span>\"
      \"<span class=sf-dump-key>HTTP_DNT</span>\" => \"<span class=sf-dump-str>1</span>\"
      \"<span class=sf-dump-key>HTTP_SEC_GPC</span>\" => \"<span class=sf-dump-str>1</span>\"
      \"<span class=sf-dump-key>HTTP_CONNECTION</span>\" => \"<span class=sf-dump-str title=\"10 characters\">keep-alive</span>\"
      \"<span class=sf-dump-key>HTTP_REFERER</span>\" => \"<span class=sf-dump-str title=\"38 characters\">http://localhost:8000/index_consultant</span>\"
      \"<span class=sf-dump-key>HTTP_COOKIE</span>\" => \"<span class=sf-dump-str title=\"747 characters\">XSRF-TOKEN=eyJpdiI6IlB1bzBBc1E1TWlwaXZGdkNjVWpiU0E9PSIsInZhbHVlIjoieWZKd21LYjhieVhsa3ZnT0ZyZGlId0hRN2ZZcjAxZWM4TkFXVGVaNVY4a1h6c0MvdksrWndLNjdyd0ozSWlVUEREMjR6Z1o5c3JSbGN2Vk5oL251Vlh0ZzdaVVl1VEhzclZvVnI2eCs4MDlnVVkwSE44SWNMNE03cGxFU0VBWmciLCJtYWMiOiJmMWNjN2QxYjExYzNhMjJmMzRiNDk5NjEyNTBmZDRjNDhiMjJjNTEzNjAwYTVhYThjODc2MjE0NmMwNDczYThhIiwidGFnIjoiIn0%3D; dieuthinsi_pe_akhaias_hlektronikes_formes_session=eyJpdiI6InRydUgzZkZTSXdTTCszNEZxVVZPQkE9PSIsInZhbHVlIjoiaWpwMGhVT3h1dFFPelBRbHA0NVU5bzJBZWVhQjFsOXB5VTQ4WjQ4RTlqcFNYZzZPSU9nVnBXVFVRaGp5YlZMNzNaNlJaaXRvM2tPY291bVdYS2lYeFFoUzJieDFESHZZWklTdHVZQ0xBVlk0aE52MnZqS1AwVkQvODBRY2pPMFYiLCJtYWMiOiIxODJjMWY5ZDUzMDVkMmY3ZDgyZTdlNGY1NmMyZjZmMzhlNGE5M2JmODk5MjhhYTFiYWJiYWQ0N2Y5ZjcyOWY1IiwidGFnIjoiIn0%3D</span>\"
      \"<span class=sf-dump-key>HTTP_UPGRADE_INSECURE_REQUESTS</span>\" => \"<span class=sf-dump-str>1</span>\"
      \"<span class=sf-dump-key>HTTP_SEC_FETCH_DEST</span>\" => \"<span class=sf-dump-str title=\"8 characters\">document</span>\"
      \"<span class=sf-dump-key>HTTP_SEC_FETCH_MODE</span>\" => \"<span class=sf-dump-str title=\"8 characters\">navigate</span>\"
      \"<span class=sf-dump-key>HTTP_SEC_FETCH_SITE</span>\" => \"<span class=sf-dump-str title=\"11 characters\">same-origin</span>\"
      \"<span class=sf-dump-key>HTTP_SEC_FETCH_USER</span>\" => \"<span class=sf-dump-str title=\"2 characters\">?1</span>\"
      \"<span class=sf-dump-key>HTTP_PRIORITY</span>\" => \"<span class=sf-dump-str title=\"6 characters\">u=0, i</span>\"
      \"<span class=sf-dump-key>REQUEST_TIME_FLOAT</span>\" => <span class=sf-dump-num>1744795972.6845</span>
      \"<span class=sf-dump-key>REQUEST_TIME</span>\" => <span class=sf-dump-num>1744795972</span>
    </samp>]
  </samp>}
  +<span class=sf-dump-public title=\"Public property\">files</span>: <span class=sf-dump-note title=\"Symfony\\Component\\HttpFoundation\\FileBag
\"><span class=\"sf-dump-ellipsis sf-dump-ellipsis-note\">Symfony\\Component\\HttpFoundation</span><span class=\"sf-dump-ellipsis sf-dump-ellipsis-note\">\\</span>FileBag</span> {<a class=sf-dump-ref>#49</a><samp data-depth=2 class=sf-dump-compact>
    #<span class=sf-dump-protected title=\"Protected property\">parameters</span>: []
  </samp>}
  +<span class=sf-dump-public title=\"Public property\">cookies</span>: <span class=sf-dump-note title=\"Symfony\\Component\\HttpFoundation\\InputBag
\"><span class=\"sf-dump-ellipsis sf-dump-ellipsis-note\">Symfony\\Component\\HttpFoundation</span><span class=\"sf-dump-ellipsis sf-dump-ellipsis-note\">\\</span>InputBag</span> {<a class=sf-dump-ref>#47</a><samp data-depth=2 class=sf-dump-compact>
    #<span class=sf-dump-protected title=\"Protected property\">parameters</span>: <span class=sf-dump-note>array:2</span> [<samp data-depth=3 class=sf-dump-compact>
      \"<span class=sf-dump-key>XSRF-TOKEN</span>\" => \"<span class=sf-dump-str title=\"40 characters\">w7YF2vMfMfKzH03DJWOvxCtzcI3IgsLoCI6eekGY</span>\"
      \"<span class=sf-dump-key>dieuthinsi_pe_akhaias_hlektronikes_formes_session</span>\" => \"<span class=sf-dump-str title=\"40 characters\">aBWZs3xkCIRmRTFtKcKklUGqSS4C1XMFqLfuC6Rk</span>\"
    </samp>]
  </samp>}
  +<span class=sf-dump-public title=\"Public property\">headers</span>: <span class=sf-dump-note title=\"Symfony\\Component\\HttpFoundation\\HeaderBag
\"><span class=\"sf-dump-ellipsis sf-dump-ellipsis-note\">Symfony\\Component\\HttpFoundation</span><span class=\"sf-dump-ellipsis sf-dump-ellipsis-note\">\\</span>HeaderBag</span> {<a class=sf-dump-ref>#50</a><samp data-depth=2 class=sf-dump-compact>
    #<span class=sf-dump-protected title=\"Protected property\">headers</span>: <span class=sf-dump-note>array:16</span> [<samp data-depth=3 class=sf-dump-compact>
      \"<span class=sf-dump-key>host</span>\" => <span class=sf-dump-note>array:1</span> [ &#8230;1]
      \"<span class=sf-dump-key>user-agent</span>\" => <span class=sf-dump-note>array:1</span> [ &#8230;1]
      \"<span class=sf-dump-key>accept</span>\" => <span class=sf-dump-note>array:1</span> [ &#8230;1]
      \"<span class=sf-dump-key>accept-language</span>\" => <span class=sf-dump-note>array:1</span> [ &#8230;1]
      \"<span class=sf-dump-key>accept-encoding</span>\" => <span class=sf-dump-note>array:1</span> [ &#8230;1]
      \"<span class=sf-dump-key>dnt</span>\" => <span class=sf-dump-note>array:1</span> [ &#8230;1]
      \"<span class=sf-dump-key>sec-gpc</span>\" => <span class=sf-dump-note>array:1</span> [ &#8230;1]
      \"<span class=sf-dump-key>connection</span>\" => <span class=sf-dump-note>array:1</span> [ &#8230;1]
      \"<span class=sf-dump-key>referer</span>\" => <span class=sf-dump-note>array:1</span> [ &#8230;1]
      \"<span class=sf-dump-key>cookie</span>\" => <span class=sf-dump-note>array:1</span> [ &#8230;1]
      \"<span class=sf-dump-key>upgrade-insecure-requests</span>\" => <span class=sf-dump-note>array:1</span> [ &#8230;1]
      \"<span class=sf-dump-key>sec-fetch-dest</span>\" => <span class=sf-dump-note>array:1</span> [ &#8230;1]
      \"<span class=sf-dump-key>sec-fetch-mode</span>\" => <span class=sf-dump-note>array:1</span> [ &#8230;1]
      \"<span class=sf-dump-key>sec-fetch-site</span>\" => <span class=sf-dump-note>array:1</span> [ &#8230;1]
      \"<span class=sf-dump-key>sec-fetch-user</span>\" => <span class=sf-dump-note>array:1</span> [ &#8230;1]
      \"<span class=sf-dump-key>priority</span>\" => <span class=sf-dump-note>array:1</span> [ &#8230;1]
    </samp>]
    #<span class=sf-dump-protected title=\"Protected property\">cacheControl</span>: []
  </samp>}
  #<span class=sf-dump-protected title=\"Protected property\">content</span>: <span class=sf-dump-const>null</span>
  #<span class=sf-dump-protected title=\"Protected property\">languages</span>: <span class=sf-dump-const>null</span>
  #<span class=sf-dump-protected title=\"Protected property\">charsets</span>: <span class=sf-dump-const>null</span>
  #<span class=sf-dump-protected title=\"Protected property\">encodings</span>: <span class=sf-dump-const>null</span>
  #<span class=sf-dump-protected title=\"Protected property\">acceptableContentTypes</span>: <span class=sf-dump-const>null</span>
  #<span class=sf-dump-protected title=\"Protected property\">pathInfo</span>: \"<span class=sf-dump-str title=\"31 characters\">/actions/consultants_supervisor</span>\"
  #<span class=sf-dump-protected title=\"Protected property\">requestUri</span>: \"<span class=sf-dump-str title=\"31 characters\">/actions/consultants_supervisor</span>\"
  #<span class=sf-dump-protected title=\"Protected property\">baseUrl</span>: \"\"
  #<span class=sf-dump-protected title=\"Protected property\">basePath</span>: <span class=sf-dump-const>null</span>
  #<span class=sf-dump-protected title=\"Protected property\">method</span>: \"<span class=sf-dump-str title=\"3 characters\">GET</span>\"
  #<span class=sf-dump-protected title=\"Protected property\">format</span>: <span class=sf-dump-const>null</span>
  #<span class=sf-dump-protected title=\"Protected property\">session</span>: <span class=sf-dump-note title=\"Illuminate\\Session\\Store
\"><span class=\"sf-dump-ellipsis sf-dump-ellipsis-note\">Illuminate\\Session</span><span class=\"sf-dump-ellipsis sf-dump-ellipsis-note\">\\</span>Store</span> {<a class=sf-dump-ref>#1728</a><samp data-depth=2 class=sf-dump-compact>
    #<span class=sf-dump-protected title=\"Protected property\">id</span>: \"<span class=sf-dump-str title=\"40 characters\">aBWZs3xkCIRmRTFtKcKklUGqSS4C1XMFqLfuC6Rk</span>\"
    #<span class=sf-dump-protected title=\"Protected property\">name</span>: \"<span class=sf-dump-str title=\"49 characters\">dieuthinsi_pe_akhaias_hlektronikes_formes_session</span>\"
    #<span class=sf-dump-protected title=\"Protected property\">attributes</span>: <span class=sf-dump-note>array:4</span> [<samp data-depth=3 class=sf-dump-compact>
      \"<span class=sf-dump-key>_token</span>\" => \"<span class=sf-dump-str title=\"40 characters\">w7YF2vMfMfKzH03DJWOvxCtzcI3IgsLoCI6eekGY</span>\"
      \"<span class=sf-dump-key>login_consultant_59ba36addc2b2f9401580f014c7f58ea4e30989d</span>\" => <span class=sf-dump-num>6</span>
      \"<span class=sf-dump-key>_flash</span>\" => <span class=sf-dump-note>array:2</span> [ &#8230;2]
      \"<span class=sf-dump-key>_previous</span>\" => <span class=sf-dump-note>array:1</span> [ &#8230;1]
    </samp>]
    #<span class=sf-dump-protected title=\"Protected property\">handler</span>: <span class=sf-dump-note title=\"Illuminate\\Session\\FileSessionHandler
\"><span class=\"sf-dump-ellipsis sf-dump-ellipsis-note\">Illuminate\\Session</span><span class=\"sf-dump-ellipsis sf-dump-ellipsis-note\">\\</span>FileSessionHandler</span> {<a class=sf-dump-ref>#1727</a><samp data-depth=3 class=sf-dump-compact>
      #<span class=sf-dump-protected title=\"Protected property\">files</span>: <span class=sf-dump-note title=\"Illuminate\\Filesystem\\Filesystem
\"><span class=\"sf-dump-ellipsis sf-dump-ellipsis-note\">Illuminate\\Filesystem</span><span class=\"sf-dump-ellipsis sf-dump-ellipsis-note\">\\</span>Filesystem</span> {<a class=sf-dump-ref>#169</a>}
      #<span class=sf-dump-protected title=\"Protected property\">path</span>: \"<span class=sf-dump-str title=\"65 characters\">C:\\Users\\stefanopoulos\\Desktop\\e-forms\\storage\\framework/sessions</span>\"
      #<span class=sf-dump-protected title=\"Protected property\">minutes</span>: \"<span class=sf-dump-str title=\"3 characters\">120</span>\"
    </samp>}
    #<span class=sf-dump-protected title=\"Protected property\">serialization</span>: \"<span class=sf-dump-str title=\"3 characters\">php</span>\"
    #<span class=sf-dump-protected title=\"Protected property\">started</span>: <span class=sf-dump-const>true</span>
  </samp>}
  #<span class=sf-dump-protected title=\"Protected property\">locale</span>: <span class=sf-dump-const>null</span>
  #<span class=sf-dump-protected title=\"Protected property\">defaultLocale</span>: \"<span class=sf-dump-str title=\"2 characters\">en</span>\"
  -<span class=sf-dump-private title=\"Private property defined in class:&#10;`Symfony\\Component\\HttpFoundation\\Request`\">preferredFormat</span>: <span class=sf-dump-const>null</span>
  -<span class=sf-dump-private title=\"Private property defined in class:&#10;`Symfony\\Component\\HttpFoundation\\Request`\">isHostValid</span>: <span class=sf-dump-const>true</span>
  -<span class=sf-dump-private title=\"Private property defined in class:&#10;`Symfony\\Component\\HttpFoundation\\Request`\">isForwardedValid</span>: <span class=sf-dump-const>true</span>
  #<span class=sf-dump-protected title=\"Protected property\">json</span>: <span class=sf-dump-const>null</span>
  #<span class=sf-dump-protected title=\"Protected property\">convertedFiles</span>: []
  #<span class=sf-dump-protected title=\"Protected property\">userResolver</span>: <span class=sf-dump-note>Closure($guard = null)</span> {<a class=sf-dump-ref>#1582</a><samp data-depth=2 class=sf-dump-compact>
    <span class=sf-dump-meta>class</span>: \"<span class=sf-dump-str title=\"Illuminate\\Auth\\AuthServiceProvider
35 characters\"><span class=\"sf-dump-ellipsis sf-dump-ellipsis-class\">Illuminate\\Auth</span><span class=\"sf-dump-ellipsis sf-dump-ellipsis-class\">\\</span>AuthServiceProvider</span>\"
    <span class=sf-dump-meta>this</span>: <span class=sf-dump-note title=\"Illuminate\\Auth\\AuthServiceProvider
\"><span class=\"sf-dump-ellipsis sf-dump-ellipsis-note\">Illuminate\\Auth</span><span class=\"sf-dump-ellipsis sf-dump-ellipsis-note\">\\</span>AuthServiceProvider</span> {<a class=sf-dump-ref>#165</a> &#8230;}
    <span class=sf-dump-meta>use</span>: {<samp data-depth=3 class=sf-dump-compact>
      <span class=sf-dump-meta>$app</span>: <span class=sf-dump-note title=\"Illuminate\\Foundation\\Application
\"><span class=\"sf-dump-ellipsis sf-dump-ellipsis-note\">Illuminate\\Foundation</span><span class=\"sf-dump-ellipsis sf-dump-ellipsis-note\">\\</span>Application</span> {<a class=sf-dump-ref>#2</a> &#8230;}
    </samp>}
    <span class=sf-dump-meta>file</span>: \"<span class=sf-dump-str title=\"C:\\Users\\stefanopoulos\\Desktop\\e-forms\\vendor\\laravel\\framework\\src\\Illuminate\\Auth\\AuthServiceProvider.php
107 characters\"><span class=\"sf-dump-ellipsis sf-dump-ellipsis-path\">C:\\Users\\stefanopoulos\\Desktop\\e-forms\\vendor</span><span class=\"sf-dump-ellipsis sf-dump-ellipsis-path\">\\laravel\\framework\\</span>src\\Illuminate\\Auth\\AuthServiceProvider.php</span>\"
    <span class=sf-dump-meta>line</span>: \"<span class=sf-dump-str title=\"8 characters\">88 to 90</span>\"
  </samp>}
  #<span class=sf-dump-protected title=\"Protected property\">routeResolver</span>: <span class=sf-dump-note>Closure()</span> {<a class=sf-dump-ref>#1591</a><samp data-depth=2 class=sf-dump-compact>
    <span class=sf-dump-meta>class</span>: \"<span class=sf-dump-str title=\"Illuminate\\Routing\\Router
25 characters\"><span class=\"sf-dump-ellipsis sf-dump-ellipsis-class\">Illuminate\\Routing</span><span class=\"sf-dump-ellipsis sf-dump-ellipsis-class\">\\</span>Router</span>\"
    <span class=sf-dump-meta>this</span>: <span class=sf-dump-note title=\"Illuminate\\Routing\\Router
\"><span class=\"sf-dump-ellipsis sf-dump-ellipsis-note\">Illuminate\\Routing</span><span class=\"sf-dump-ellipsis sf-dump-ellipsis-note\">\\</span>Router</span> {<a class=sf-dump-ref>#27</a> &#8230;}
    <span class=sf-dump-meta>use</span>: {<samp data-depth=3 class=sf-dump-compact>
      <span class=sf-dump-meta>$route</span>: <span class=sf-dump-note title=\"Illuminate\\Routing\\Route
\"><span class=\"sf-dump-ellipsis sf-dump-ellipsis-note\">Illuminate\\Routing</span><span class=\"sf-dump-ellipsis sf-dump-ellipsis-note\">\\</span>Route</span> {<a class=sf-dump-ref>#1427</a> &#8230;}
    </samp>}
    <span class=sf-dump-meta>file</span>: \"<span class=sf-dump-str title=\"C:\\Users\\stefanopoulos\\Desktop\\e-forms\\vendor\\laravel\\framework\\src\\Illuminate\\Routing\\Router.php
97 characters\"><span class=\"sf-dump-ellipsis sf-dump-ellipsis-path\">C:\\Users\\stefanopoulos\\Desktop\\e-forms\\vendor</span><span class=\"sf-dump-ellipsis sf-dump-ellipsis-path\">\\laravel\\framework\\</span>src\\Illuminate\\Routing\\Router.php</span>\"
    <span class=sf-dump-meta>line</span>: \"<span class=sf-dump-str title=\"10 characters\">771 to 771</span>\"
  </samp>}
  <span class=sf-dump-meta>basePath</span>: \"\"
  <span class=sf-dump-meta>format</span>: \"<span class=sf-dump-str title=\"4 characters\">html</span>\"
</samp>}
</pre><script>Sfdump(\"sf-dump-1076800544\", {\"maxDepth\":3,\"maxStringLength\":160})</script>
"}},"exception":"[object] (Spatie\\LaravelIgnition\\Exceptions\\ViewException(code: 0): Attempt to read property \"id\" on null at C:\\Users\\stefanopoulos\\Desktop\\e-forms\\resources\\views\\microapps\\actions\\index_school.blade.php:138)
[stacktrace]
#0 C:\\Users\\stefanopoulos\\Desktop\\e-forms\\vendor\\laravel\\framework\\src\\Illuminate\\Foundation\\Bootstrap\\HandleExceptions.php(254): Illuminate\\Foundation\\Bootstrap\\HandleExceptions->handleError(2, 'Attempt to read...', 'C:\\\\Users\\\\stefan...', 148)
#1 C:\\Users\\stefanopoulos\\Desktop\\e-forms\\resources\\views\\microapps\\actions\\index_school.blade.php(138): Illuminate\\Foundation\\Bootstrap\\HandleExceptions->Illuminate\\Foundation\\Bootstrap\\{closure}(2, 'Attempt to read...', 'C:\\\\Users\\\\stefan...', 148)
#2 C:\\Users\\stefanopoulos\\Desktop\\e-forms\\vendor\\laravel\\framework\\src\\Illuminate\\Filesystem\\Filesystem.php(124): require('C:\\\\Users\\\\stefan...')
#3 C:\\Users\\stefanopoulos\\Desktop\\e-forms\\vendor\\laravel\\framework\\src\\Illuminate\\Filesystem\\Filesystem.php(125): Illuminate\\Filesystem\\Filesystem::Illuminate\\Filesystem\\{closure}()
#4 C:\\Users\\stefanopoulos\\Desktop\\e-forms\\vendor\\laravel\\framework\\src\\Illuminate\\View\\Engines\\PhpEngine.php(58): Illuminate\\Filesystem\\Filesystem->getRequire('C:\\\\Users\\\\stefan...', Array)
#5 C:\\Users\\stefanopoulos\\Desktop\\e-forms\\vendor\\laravel\\framework\\src\\Illuminate\\View\\Engines\\CompilerEngine.php(70): Illuminate\\View\\Engines\\PhpEngine->evaluatePath('C:\\\\Users\\\\stefan...', Array)
#6 C:\\Users\\stefanopoulos\\Desktop\\e-forms\\vendor\\laravel\\framework\\src\\Illuminate\\View\\View.php(195): Illuminate\\View\\Engines\\CompilerEngine->get('C:\\\\Users\\\\stefan...', Array)
#7 C:\\Users\\stefanopoulos\\Desktop\\e-forms\\vendor\\laravel\\framework\\src\\Illuminate\\View\\View.php(178): Illuminate\\View\\View->getContents()
#8 C:\\Users\\stefanopoulos\\Desktop\\e-forms\\vendor\\laravel\\framework\\src\\Illuminate\\View\\View.php(147): Illuminate\\View\\View->renderContents()
#9 C:\\Users\\stefanopoulos\\Desktop\\e-forms\\vendor\\laravel\\framework\\src\\Illuminate\\Http\\Response.php(69): Illuminate\\View\\View->render()
#10 C:\\Users\\stefanopoulos\\Desktop\\e-forms\\vendor\\laravel\\framework\\src\\Illuminate\\Http\\Response.php(35): Illuminate\\Http\\Response->setContent(Object(Illuminate\\View\\View))
#11 C:\\Users\\stefanopoulos\\Desktop\\e-forms\\vendor\\laravel\\framework\\src\\Illuminate\\Routing\\Router.php(906): Illuminate\\Http\\Response->__construct(Object(Illuminate\\View\\View), 200, Array)
#12 C:\\Users\\stefanopoulos\\Desktop\\e-forms\\vendor\\laravel\\framework\\src\\Illuminate\\Routing\\Router.php(875): Illuminate\\Routing\\Router::toResponse(Object(Illuminate\\Http\\Request), Object(Illuminate\\View\\View))
#13 C:\\Users\\stefanopoulos\\Desktop\\e-forms\\vendor\\laravel\\framework\\src\\Illuminate\\Routing\\Router.php(797): Illuminate\\Routing\\Router->prepareResponse(Object(Illuminate\\Http\\Request), Object(Illuminate\\View\\View))
#14 C:\\Users\\stefanopoulos\\Desktop\\e-forms\\vendor\\laravel\\framework\\src\\Illuminate\\Pipeline\\Pipeline.php(141): Illuminate\\Routing\\Router->Illuminate\\Routing\\{closure}(Object(Illuminate\\Http\\Request))
#15 C:\\Users\\stefanopoulos\\Desktop\\e-forms\\vendor\\laravel\\framework\\src\\Illuminate\\Routing\\Middleware\\SubstituteBindings.php(50): Illuminate\\Pipeline\\Pipeline->Illuminate\\Pipeline\\{closure}(Object(Illuminate\\Http\\Request))
#16 C:\\Users\\stefanopoulos\\Desktop\\e-forms\\vendor\\laravel\\framework\\src\\Illuminate\\Pipeline\\Pipeline.php(180): Illuminate\\Routing\\Middleware\\SubstituteBindings->handle(Object(Illuminate\\Http\\Request), Object(Closure))
#17 C:\\Users\\stefanopoulos\\Desktop\\e-forms\\vendor\\laravel\\framework\\src\\Illuminate\\Foundation\\Http\\Middleware\\VerifyCsrfToken.php(78): Illuminate\\Pipeline\\Pipeline->Illuminate\\Pipeline\\{closure}(Object(Illuminate\\Http\\Request))
#18 C:\\Users\\stefanopoulos\\Desktop\\e-forms\\vendor\\laravel\\framework\\src\\Illuminate\\Pipeline\\Pipeline.php(180): Illuminate\\Foundation\\Http\\Middleware\\VerifyCsrfToken->handle(Object(Illuminate\\Http\\Request), Object(Closure))
#19 C:\\Users\\stefanopoulos\\Desktop\\e-forms\\vendor\\laravel\\framework\\src\\Illuminate\\View\\Middleware\\ShareErrorsFromSession.php(49): Illuminate\\Pipeline\\Pipeline->Illuminate\\Pipeline\\{closure}(Object(Illuminate\\Http\\Request))
#20 C:\\Users\\stefanopoulos\\Desktop\\e-forms\\vendor\\laravel\\framework\\src\\Illuminate\\Pipeline\\Pipeline.php(180): Illuminate\\View\\Middleware\\ShareErrorsFromSession->handle(Object(Illuminate\\Http\\Request), Object(Closure))
#21 C:\\Users\\stefanopoulos\\Desktop\\e-forms\\vendor\\laravel\\framework\\src\\Illuminate\\Session\\Middleware\\StartSession.php(121): Illuminate\\Pipeline\\Pipeline->Illuminate\\Pipeline\\{closure}(Object(Illuminate\\Http\\Request))
#22 C:\\Users\\stefanopoulos\\Desktop\\e-forms\\vendor\\laravel\\framework\\src\\Illuminate\\Session\\Middleware\\StartSession.php(64): Illuminate\\Session\\Middleware\\StartSession->handleStatefulRequest(Object(Illuminate\\Http\\Request), Object(Illuminate\\Session\\Store), Object(Closure))
#23 C:\\Users\\stefanopoulos\\Desktop\\e-forms\\vendor\\laravel\\framework\\src\\Illuminate\\Pipeline\\Pipeline.php(180): Illuminate\\Session\\Middleware\\StartSession->handle(Object(Illuminate\\Http\\Request), Object(Closure))
#24 C:\\Users\\stefanopoulos\\Desktop\\e-forms\\vendor\\laravel\\framework\\src\\Illuminate\\Cookie\\Middleware\\AddQueuedCookiesToResponse.php(37): Illuminate\\Pipeline\\Pipeline->Illuminate\\Pipeline\\{closure}(Object(Illuminate\\Http\\Request))
#25 C:\\Users\\stefanopoulos\\Desktop\\e-forms\\vendor\\laravel\\framework\\src\\Illuminate\\Pipeline\\Pipeline.php(180): Illuminate\\Cookie\\Middleware\\AddQueuedCookiesToResponse->handle(Object(Illuminate\\Http\\Request), Object(Closure))
#26 C:\\Users\\stefanopoulos\\Desktop\\e-forms\\vendor\\laravel\\framework\\src\\Illuminate\\Cookie\\Middleware\\EncryptCookies.php(67): Illuminate\\Pipeline\\Pipeline->Illuminate\\Pipeline\\{closure}(Object(Illuminate\\Http\\Request))
#27 C:\\Users\\stefanopoulos\\Desktop\\e-forms\\vendor\\laravel\\framework\\src\\Illuminate\\Pipeline\\Pipeline.php(180): Illuminate\\Cookie\\Middleware\\EncryptCookies->handle(Object(Illuminate\\Http\\Request), Object(Closure))
#28 C:\\Users\\stefanopoulos\\Desktop\\e-forms\\vendor\\laravel\\framework\\src\\Illuminate\\Pipeline\\Pipeline.php(116): Illuminate\\Pipeline\\Pipeline->Illuminate\\Pipeline\\{closure}(Object(Illuminate\\Http\\Request))
#29 C:\\Users\\stefanopoulos\\Desktop\\e-forms\\vendor\\laravel\\framework\\src\\Illuminate\\Routing\\Router.php(797): Illuminate\\Pipeline\\Pipeline->then(Object(Closure))
#30 C:\\Users\\stefanopoulos\\Desktop\\e-forms\\vendor\\laravel\\framework\\src\\Illuminate\\Routing\\Router.php(776): Illuminate\\Routing\\Router->runRouteWithinStack(Object(Illuminate\\Routing\\Route), Object(Illuminate\\Http\\Request))
#31 C:\\Users\\stefanopoulos\\Desktop\\e-forms\\vendor\\laravel\\framework\\src\\Illuminate\\Routing\\Router.php(740): Illuminate\\Routing\\Router->runRoute(Object(Illuminate\\Http\\Request), Object(Illuminate\\Routing\\Route))
#32 C:\\Users\\stefanopoulos\\Desktop\\e-forms\\vendor\\laravel\\framework\\src\\Illuminate\\Routing\\Router.php(729): Illuminate\\Routing\\Router->dispatchToRoute(Object(Illuminate\\Http\\Request))
#33 C:\\Users\\stefanopoulos\\Desktop\\e-forms\\vendor\\laravel\\framework\\src\\Illuminate\\Foundation\\Http\\Kernel.php(200): Illuminate\\Routing\\Router->dispatch(Object(Illuminate\\Http\\Request))
#34 C:\\Users\\stefanopoulos\\Desktop\\e-forms\\vendor\\laravel\\framework\\src\\Illuminate\\Pipeline\\Pipeline.php(141): Illuminate\\Foundation\\Http\\Kernel->Illuminate\\Foundation\\Http\\{closure}(Object(Illuminate\\Http\\Request))
#35 C:\\Users\\stefanopoulos\\Desktop\\e-forms\\vendor\\laravel\\framework\\src\\Illuminate\\Foundation\\Http\\Middleware\\TransformsRequest.php(21): Illuminate\\Pipeline\\Pipeline->Illuminate\\Pipeline\\{closure}(Object(Illuminate\\Http\\Request))
#36 C:\\Users\\stefanopoulos\\Desktop\\e-forms\\vendor\\laravel\\framework\\src\\Illuminate\\Foundation\\Http\\Middleware\\ConvertEmptyStringsToNull.php(31): Illuminate\\Foundation\\Http\\Middleware\\TransformsRequest->handle(Object(Illuminate\\Http\\Request), Object(Closure))
#37 C:\\Users\\stefanopoulos\\Desktop\\e-forms\\vendor\\laravel\\framework\\src\\Illuminate\\Pipeline\\Pipeline.php(180): Illuminate\\Foundation\\Http\\Middleware\\ConvertEmptyStringsToNull->handle(Object(Illuminate\\Http\\Request), Object(Closure))
#38 C:\\Users\\stefanopoulos\\Desktop\\e-forms\\vendor\\laravel\\framework\\src\\Illuminate\\Foundation\\Http\\Middleware\\TransformsRequest.php(21): Illuminate\\Pipeline\\Pipeline->Illuminate\\Pipeline\\{closure}(Object(Illuminate\\Http\\Request))
#39 C:\\Users\\stefanopoulos\\Desktop\\e-forms\\vendor\\laravel\\framework\\src\\Illuminate\\Foundation\\Http\\Middleware\\TrimStrings.php(40): Illuminate\\Foundation\\Http\\Middleware\\TransformsRequest->handle(Object(Illuminate\\Http\\Request), Object(Closure))
#40 C:\\Users\\stefanopoulos\\Desktop\\e-forms\\vendor\\laravel\\framework\\src\\Illuminate\\Pipeline\\Pipeline.php(180): Illuminate\\Foundation\\Http\\Middleware\\TrimStrings->handle(Object(Illuminate\\Http\\Request), Object(Closure))
#41 C:\\Users\\stefanopoulos\\Desktop\\e-forms\\vendor\\laravel\\framework\\src\\Illuminate\\Foundation\\Http\\Middleware\\ValidatePostSize.php(27): Illuminate\\Pipeline\\Pipeline->Illuminate\\Pipeline\\{closure}(Object(Illuminate\\Http\\Request))
#42 C:\\Users\\stefanopoulos\\Desktop\\e-forms\\vendor\\laravel\\framework\\src\\Illuminate\\Pipeline\\Pipeline.php(180): Illuminate\\Foundation\\Http\\Middleware\\ValidatePostSize->handle(Object(Illuminate\\Http\\Request), Object(Closure))
#43 C:\\Users\\stefanopoulos\\Desktop\\e-forms\\vendor\\laravel\\framework\\src\\Illuminate\\Foundation\\Http\\Middleware\\PreventRequestsDuringMaintenance.php(86): Illuminate\\Pipeline\\Pipeline->Illuminate\\Pipeline\\{closure}(Object(Illuminate\\Http\\Request))
#44 C:\\Users\\stefanopoulos\\Desktop\\e-forms\\vendor\\laravel\\framework\\src\\Illuminate\\Pipeline\\Pipeline.php(180): Illuminate\\Foundation\\Http\\Middleware\\PreventRequestsDuringMaintenance->handle(Object(Illuminate\\Http\\Request), Object(Closure))
#45 C:\\Users\\stefanopoulos\\Desktop\\e-forms\\vendor\\laravel\\framework\\src\\Illuminate\\Http\\Middleware\\HandleCors.php(49): Illuminate\\Pipeline\\Pipeline->Illuminate\\Pipeline\\{closure}(Object(Illuminate\\Http\\Request))
#46 C:\\Users\\stefanopoulos\\Desktop\\e-forms\\vendor\\laravel\\framework\\src\\Illuminate\\Pipeline\\Pipeline.php(180): Illuminate\\Http\\Middleware\\HandleCors->handle(Object(Illuminate\\Http\\Request), Object(Closure))
#47 C:\\Users\\stefanopoulos\\Desktop\\e-forms\\vendor\\laravel\\framework\\src\\Illuminate\\Http\\Middleware\\TrustProxies.php(39): Illuminate\\Pipeline\\Pipeline->Illuminate\\Pipeline\\{closure}(Object(Illuminate\\Http\\Request))
#48 C:\\Users\\stefanopoulos\\Desktop\\e-forms\\vendor\\laravel\\framework\\src\\Illuminate\\Pipeline\\Pipeline.php(180): Illuminate\\Http\\Middleware\\TrustProxies->handle(Object(Illuminate\\Http\\Request), Object(Closure))
#49 C:\\Users\\stefanopoulos\\Desktop\\e-forms\\vendor\\laravel\\framework\\src\\Illuminate\\Pipeline\\Pipeline.php(116): Illuminate\\Pipeline\\Pipeline->Illuminate\\Pipeline\\{closure}(Object(Illuminate\\Http\\Request))
#50 C:\\Users\\stefanopoulos\\Desktop\\e-forms\\vendor\\laravel\\framework\\src\\Illuminate\\Foundation\\Http\\Kernel.php(175): Illuminate\\Pipeline\\Pipeline->then(Object(Closure))
#51 C:\\Users\\stefanopoulos\\Desktop\\e-forms\\vendor\\laravel\\framework\\src\\Illuminate\\Foundation\\Http\\Kernel.php(144): Illuminate\\Foundation\\Http\\Kernel->sendRequestThroughRouter(Object(Illuminate\\Http\\Request))
#52 C:\\Users\\stefanopoulos\\Desktop\\e-forms\\public\\index.php(51): Illuminate\\Foundation\\Http\\Kernel->handle(Object(Illuminate\\Http\\Request))
#53 C:\\Users\\stefanopoulos\\Desktop\\e-forms\\vendor\\laravel\\framework\\src\\Illuminate\\Foundation\\resources\\server.php(16): require_once('C:\\\\Users\\\\stefan...')
#54 {main}

[previous exception] [object] (ErrorException(code: 0): Attempt to read property \"id\" on null at C:\\Users\\stefanopoulos\\Desktop\\e-forms\\storage\\framework\\views\\67800a60a210fb128232c9846d71636c.php:148)
[stacktrace]
#0 C:\\Users\\stefanopoulos\\Desktop\\e-forms\\vendor\\laravel\\framework\\src\\Illuminate\\Foundation\\Bootstrap\\HandleExceptions.php(254): Illuminate\\Foundation\\Bootstrap\\HandleExceptions->handleError(2, 'Attempt to read...', 'C:\\\\Users\\\\stefan...', 148)
#1 C:\\Users\\stefanopoulos\\Desktop\\e-forms\\storage\\framework\\views\\67800a60a210fb128232c9846d71636c.php(148): Illuminate\\Foundation\\Bootstrap\\HandleExceptions->Illuminate\\Foundation\\Bootstrap\\{closure}(2, 'Attempt to read...', 'C:\\\\Users\\\\stefan...', 148)
#2 C:\\Users\\stefanopoulos\\Desktop\\e-forms\\vendor\\laravel\\framework\\src\\Illuminate\\Filesystem\\Filesystem.php(124): require('C:\\\\Users\\\\stefan...')
#3 C:\\Users\\stefanopoulos\\Desktop\\e-forms\\vendor\\laravel\\framework\\src\\Illuminate\\Filesystem\\Filesystem.php(125): Illuminate\\Filesystem\\Filesystem::Illuminate\\Filesystem\\{closure}()
#4 C:\\Users\\stefanopoulos\\Desktop\\e-forms\\vendor\\laravel\\framework\\src\\Illuminate\\View\\Engines\\PhpEngine.php(58): Illuminate\\Filesystem\\Filesystem->getRequire('C:\\\\Users\\\\stefan...', Array)
#5 C:\\Users\\stefanopoulos\\Desktop\\e-forms\\vendor\\laravel\\framework\\src\\Illuminate\\View\\Engines\\CompilerEngine.php(70): Illuminate\\View\\Engines\\PhpEngine->evaluatePath('C:\\\\Users\\\\stefan...', Array)
#6 C:\\Users\\stefanopoulos\\Desktop\\e-forms\\vendor\\laravel\\framework\\src\\Illuminate\\View\\View.php(195): Illuminate\\View\\Engines\\CompilerEngine->get('C:\\\\Users\\\\stefan...', Array)
#7 C:\\Users\\stefanopoulos\\Desktop\\e-forms\\vendor\\laravel\\framework\\src\\Illuminate\\View\\View.php(178): Illuminate\\View\\View->getContents()
#8 C:\\Users\\stefanopoulos\\Desktop\\e-forms\\vendor\\laravel\\framework\\src\\Illuminate\\View\\View.php(147): Illuminate\\View\\View->renderContents()
#9 C:\\Users\\stefanopoulos\\Desktop\\e-forms\\vendor\\laravel\\framework\\src\\Illuminate\\Http\\Response.php(69): Illuminate\\View\\View->render()
#10 C:\\Users\\stefanopoulos\\Desktop\\e-forms\\vendor\\laravel\\framework\\src\\Illuminate\\Http\\Response.php(35): Illuminate\\Http\\Response->setContent(Object(Illuminate\\View\\View))
#11 C:\\Users\\stefanopoulos\\Desktop\\e-forms\\vendor\\laravel\\framework\\src\\Illuminate\\Routing\\Router.php(906): Illuminate\\Http\\Response->__construct(Object(Illuminate\\View\\View), 200, Array)
#12 C:\\Users\\stefanopoulos\\Desktop\\e-forms\\vendor\\laravel\\framework\\src\\Illuminate\\Routing\\Router.php(875): Illuminate\\Routing\\Router::toResponse(Object(Illuminate\\Http\\Request), Object(Illuminate\\View\\View))
#13 C:\\Users\\stefanopoulos\\Desktop\\e-forms\\vendor\\laravel\\framework\\src\\Illuminate\\Routing\\Router.php(797): Illuminate\\Routing\\Router->prepareResponse(Object(Illuminate\\Http\\Request), Object(Illuminate\\View\\View))
#14 C:\\Users\\stefanopoulos\\Desktop\\e-forms\\vendor\\laravel\\framework\\src\\Illuminate\\Pipeline\\Pipeline.php(141): Illuminate\\Routing\\Router->Illuminate\\Routing\\{closure}(Object(Illuminate\\Http\\Request))
#15 C:\\Users\\stefanopoulos\\Desktop\\e-forms\\vendor\\laravel\\framework\\src\\Illuminate\\Routing\\Middleware\\SubstituteBindings.php(50): Illuminate\\Pipeline\\Pipeline->Illuminate\\Pipeline\\{closure}(Object(Illuminate\\Http\\Request))
#16 C:\\Users\\stefanopoulos\\Desktop\\e-forms\\vendor\\laravel\\framework\\src\\Illuminate\\Pipeline\\Pipeline.php(180): Illuminate\\Routing\\Middleware\\SubstituteBindings->handle(Object(Illuminate\\Http\\Request), Object(Closure))
#17 C:\\Users\\stefanopoulos\\Desktop\\e-forms\\vendor\\laravel\\framework\\src\\Illuminate\\Foundation\\Http\\Middleware\\VerifyCsrfToken.php(78): Illuminate\\Pipeline\\Pipeline->Illuminate\\Pipeline\\{closure}(Object(Illuminate\\Http\\Request))
#18 C:\\Users\\stefanopoulos\\Desktop\\e-forms\\vendor\\laravel\\framework\\src\\Illuminate\\Pipeline\\Pipeline.php(180): Illuminate\\Foundation\\Http\\Middleware\\VerifyCsrfToken->handle(Object(Illuminate\\Http\\Request), Object(Closure))
#19 C:\\Users\\stefanopoulos\\Desktop\\e-forms\\vendor\\laravel\\framework\\src\\Illuminate\\View\\Middleware\\ShareErrorsFromSession.php(49): Illuminate\\Pipeline\\Pipeline->Illuminate\\Pipeline\\{closure}(Object(Illuminate\\Http\\Request))
#20 C:\\Users\\stefanopoulos\\Desktop\\e-forms\\vendor\\laravel\\framework\\src\\Illuminate\\Pipeline\\Pipeline.php(180): Illuminate\\View\\Middleware\\ShareErrorsFromSession->handle(Object(Illuminate\\Http\\Request), Object(Closure))
#21 C:\\Users\\stefanopoulos\\Desktop\\e-forms\\vendor\\laravel\\framework\\src\\Illuminate\\Session\\Middleware\\StartSession.php(121): Illuminate\\Pipeline\\Pipeline->Illuminate\\Pipeline\\{closure}(Object(Illuminate\\Http\\Request))
#22 C:\\Users\\stefanopoulos\\Desktop\\e-forms\\vendor\\laravel\\framework\\src\\Illuminate\\Session\\Middleware\\StartSession.php(64): Illuminate\\Session\\Middleware\\StartSession->handleStatefulRequest(Object(Illuminate\\Http\\Request), Object(Illuminate\\Session\\Store), Object(Closure))
#23 C:\\Users\\stefanopoulos\\Desktop\\e-forms\\vendor\\laravel\\framework\\src\\Illuminate\\Pipeline\\Pipeline.php(180): Illuminate\\Session\\Middleware\\StartSession->handle(Object(Illuminate\\Http\\Request), Object(Closure))
#24 C:\\Users\\stefanopoulos\\Desktop\\e-forms\\vendor\\laravel\\framework\\src\\Illuminate\\Cookie\\Middleware\\AddQueuedCookiesToResponse.php(37): Illuminate\\Pipeline\\Pipeline->Illuminate\\Pipeline\\{closure}(Object(Illuminate\\Http\\Request))
#25 C:\\Users\\stefanopoulos\\Desktop\\e-forms\\vendor\\laravel\\framework\\src\\Illuminate\\Pipeline\\Pipeline.php(180): Illuminate\\Cookie\\Middleware\\AddQueuedCookiesToResponse->handle(Object(Illuminate\\Http\\Request), Object(Closure))
#26 C:\\Users\\stefanopoulos\\Desktop\\e-forms\\vendor\\laravel\\framework\\src\\Illuminate\\Cookie\\Middleware\\EncryptCookies.php(67): Illuminate\\Pipeline\\Pipeline->Illuminate\\Pipeline\\{closure}(Object(Illuminate\\Http\\Request))
#27 C:\\Users\\stefanopoulos\\Desktop\\e-forms\\vendor\\laravel\\framework\\src\\Illuminate\\Pipeline\\Pipeline.php(180): Illuminate\\Cookie\\Middleware\\EncryptCookies->handle(Object(Illuminate\\Http\\Request), Object(Closure))
#28 C:\\Users\\stefanopoulos\\Desktop\\e-forms\\vendor\\laravel\\framework\\src\\Illuminate\\Pipeline\\Pipeline.php(116): Illuminate\\Pipeline\\Pipeline->Illuminate\\Pipeline\\{closure}(Object(Illuminate\\Http\\Request))
#29 C:\\Users\\stefanopoulos\\Desktop\\e-forms\\vendor\\laravel\\framework\\src\\Illuminate\\Routing\\Router.php(797): Illuminate\\Pipeline\\Pipeline->then(Object(Closure))
#30 C:\\Users\\stefanopoulos\\Desktop\\e-forms\\vendor\\laravel\\framework\\src\\Illuminate\\Routing\\Router.php(776): Illuminate\\Routing\\Router->runRouteWithinStack(Object(Illuminate\\Routing\\Route), Object(Illuminate\\Http\\Request))
#31 C:\\Users\\stefanopoulos\\Desktop\\e-forms\\vendor\\laravel\\framework\\src\\Illuminate\\Routing\\Router.php(740): Illuminate\\Routing\\Router->runRoute(Object(Illuminate\\Http\\Request), Object(Illuminate\\Routing\\Route))
#32 C:\\Users\\stefanopoulos\\Desktop\\e-forms\\vendor\\laravel\\framework\\src\\Illuminate\\Routing\\Router.php(729): Illuminate\\Routing\\Router->dispatchToRoute(Object(Illuminate\\Http\\Request))
#33 C:\\Users\\stefanopoulos\\Desktop\\e-forms\\vendor\\laravel\\framework\\src\\Illuminate\\Foundation\\Http\\Kernel.php(200): Illuminate\\Routing\\Router->dispatch(Object(Illuminate\\Http\\Request))
#34 C:\\Users\\stefanopoulos\\Desktop\\e-forms\\vendor\\laravel\\framework\\src\\Illuminate\\Pipeline\\Pipeline.php(141): Illuminate\\Foundation\\Http\\Kernel->Illuminate\\Foundation\\Http\\{closure}(Object(Illuminate\\Http\\Request))
#35 C:\\Users\\stefanopoulos\\Desktop\\e-forms\\vendor\\laravel\\framework\\src\\Illuminate\\Foundation\\Http\\Middleware\\TransformsRequest.php(21): Illuminate\\Pipeline\\Pipeline->Illuminate\\Pipeline\\{closure}(Object(Illuminate\\Http\\Request))
#36 C:\\Users\\stefanopoulos\\Desktop\\e-forms\\vendor\\laravel\\framework\\src\\Illuminate\\Foundation\\Http\\Middleware\\ConvertEmptyStringsToNull.php(31): Illuminate\\Foundation\\Http\\Middleware\\TransformsRequest->handle(Object(Illuminate\\Http\\Request), Object(Closure))
#37 C:\\Users\\stefanopoulos\\Desktop\\e-forms\\vendor\\laravel\\framework\\src\\Illuminate\\Pipeline\\Pipeline.php(180): Illuminate\\Foundation\\Http\\Middleware\\ConvertEmptyStringsToNull->handle(Object(Illuminate\\Http\\Request), Object(Closure))
#38 C:\\Users\\stefanopoulos\\Desktop\\e-forms\\vendor\\laravel\\framework\\src\\Illuminate\\Foundation\\Http\\Middleware\\TransformsRequest.php(21): Illuminate\\Pipeline\\Pipeline->Illuminate\\Pipeline\\{closure}(Object(Illuminate\\Http\\Request))
#39 C:\\Users\\stefanopoulos\\Desktop\\e-forms\\vendor\\laravel\\framework\\src\\Illuminate\\Foundation\\Http\\Middleware\\TrimStrings.php(40): Illuminate\\Foundation\\Http\\Middleware\\TransformsRequest->handle(Object(Illuminate\\Http\\Request), Object(Closure))
#40 C:\\Users\\stefanopoulos\\Desktop\\e-forms\\vendor\\laravel\\framework\\src\\Illuminate\\Pipeline\\Pipeline.php(180): Illuminate\\Foundation\\Http\\Middleware\\TrimStrings->handle(Object(Illuminate\\Http\\Request), Object(Closure))
#41 C:\\Users\\stefanopoulos\\Desktop\\e-forms\\vendor\\laravel\\framework\\src\\Illuminate\\Foundation\\Http\\Middleware\\ValidatePostSize.php(27): Illuminate\\Pipeline\\Pipeline->Illuminate\\Pipeline\\{closure}(Object(Illuminate\\Http\\Request))
#42 C:\\Users\\stefanopoulos\\Desktop\\e-forms\\vendor\\laravel\\framework\\src\\Illuminate\\Pipeline\\Pipeline.php(180): Illuminate\\Foundation\\Http\\Middleware\\ValidatePostSize->handle(Object(Illuminate\\Http\\Request), Object(Closure))
#43 C:\\Users\\stefanopoulos\\Desktop\\e-forms\\vendor\\laravel\\framework\\src\\Illuminate\\Foundation\\Http\\Middleware\\PreventRequestsDuringMaintenance.php(86): Illuminate\\Pipeline\\Pipeline->Illuminate\\Pipeline\\{closure}(Object(Illuminate\\Http\\Request))
#44 C:\\Users\\stefanopoulos\\Desktop\\e-forms\\vendor\\laravel\\framework\\src\\Illuminate\\Pipeline\\Pipeline.php(180): Illuminate\\Foundation\\Http\\Middleware\\PreventRequestsDuringMaintenance->handle(Object(Illuminate\\Http\\Request), Object(Closure))
#45 C:\\Users\\stefanopoulos\\Desktop\\e-forms\\vendor\\laravel\\framework\\src\\Illuminate\\Http\\Middleware\\HandleCors.php(49): Illuminate\\Pipeline\\Pipeline->Illuminate\\Pipeline\\{closure}(Object(Illuminate\\Http\\Request))
#46 C:\\Users\\stefanopoulos\\Desktop\\e-forms\\vendor\\laravel\\framework\\src\\Illuminate\\Pipeline\\Pipeline.php(180): Illuminate\\Http\\Middleware\\HandleCors->handle(Object(Illuminate\\Http\\Request), Object(Closure))
#47 C:\\Users\\stefanopoulos\\Desktop\\e-forms\\vendor\\laravel\\framework\\src\\Illuminate\\Http\\Middleware\\TrustProxies.php(39): Illuminate\\Pipeline\\Pipeline->Illuminate\\Pipeline\\{closure}(Object(Illuminate\\Http\\Request))
#48 C:\\Users\\stefanopoulos\\Desktop\\e-forms\\vendor\\laravel\\framework\\src\\Illuminate\\Pipeline\\Pipeline.php(180): Illuminate\\Http\\Middleware\\TrustProxies->handle(Object(Illuminate\\Http\\Request), Object(Closure))
#49 C:\\Users\\stefanopoulos\\Desktop\\e-forms\\vendor\\laravel\\framework\\src\\Illuminate\\Pipeline\\Pipeline.php(116): Illuminate\\Pipeline\\Pipeline->Illuminate\\Pipeline\\{closure}(Object(Illuminate\\Http\\Request))
#50 C:\\Users\\stefanopoulos\\Desktop\\e-forms\\vendor\\laravel\\framework\\src\\Illuminate\\Foundation\\Http\\Kernel.php(175): Illuminate\\Pipeline\\Pipeline->then(Object(Closure))
#51 C:\\Users\\stefanopoulos\\Desktop\\e-forms\\vendor\\laravel\\framework\\src\\Illuminate\\Foundation\\Http\\Kernel.php(144): Illuminate\\Foundation\\Http\\Kernel->sendRequestThroughRouter(Object(Illuminate\\Http\\Request))
#52 C:\\Users\\stefanopoulos\\Desktop\\e-forms\\public\\index.php(51): Illuminate\\Foundation\\Http\\Kernel->handle(Object(Illuminate\\Http\\Request))
#53 C:\\Users\\stefanopoulos\\Desktop\\e-forms\\vendor\\laravel\\framework\\src\\Illuminate\\Foundation\\resources\\server.php(16): require_once('C:\\\\Users\\\\stefan...')
#54 {main}
"} 
[2025-04-16 12:33:13] local.ERROR: Attempt to read property "id" on null {"view":{"view":"C:\\Users\\stefanopoulos\\Desktop\\e-forms\\resources\\views\\microapps\\actions\\index_school.blade.php","data":{"errors":"<pre class=sf-dump id=sf-dump-1699957578 data-indent-pad=\"  \"><span class=sf-dump-note>Illuminate\\Support\\ViewErrorBag</span> {<a class=sf-dump-ref>#1732</a><samp data-depth=1 class=sf-dump-expanded>
  #<span class=sf-dump-protected title=\"Protected property\">bags</span>: []
</samp>}
</pre><script>Sfdump(\"sf-dump-1699957578\", {\"maxDepth\":3,\"maxStringLength\":160})</script>
","request":"<pre class=sf-dump id=sf-dump-1150379851 data-indent-pad=\"  \"><span class=sf-dump-note>Illuminate\\Http\\Request</span> {<a class=sf-dump-ref>#44</a><samp data-depth=1 class=sf-dump-expanded>
  +<span class=sf-dump-public title=\"Public property\">attributes</span>: <span class=sf-dump-note title=\"Symfony\\Component\\HttpFoundation\\ParameterBag
\"><span class=\"sf-dump-ellipsis sf-dump-ellipsis-note\">Symfony\\Component\\HttpFoundation</span><span class=\"sf-dump-ellipsis sf-dump-ellipsis-note\">\\</span>ParameterBag</span> {<a class=sf-dump-ref>#46</a><samp data-depth=2 class=sf-dump-compact>
    #<span class=sf-dump-protected title=\"Protected property\">parameters</span>: []
  </samp>}
  +<span class=sf-dump-public title=\"Public property\">request</span>: <span class=sf-dump-note title=\"Symfony\\Component\\HttpFoundation\\InputBag
\"><span class=\"sf-dump-ellipsis sf-dump-ellipsis-note\">Symfony\\Component\\HttpFoundation</span><span class=\"sf-dump-ellipsis sf-dump-ellipsis-note\">\\</span>InputBag</span> {<a class=sf-dump-ref>#45</a><samp data-depth=2 class=sf-dump-compact>
    #<span class=sf-dump-protected title=\"Protected property\">parameters</span>: []
  </samp>}
  +<span class=sf-dump-public title=\"Public property\">query</span>: <span class=sf-dump-note title=\"Symfony\\Component\\HttpFoundation\\InputBag
\"><span class=\"sf-dump-ellipsis sf-dump-ellipsis-note\">Symfony\\Component\\HttpFoundation</span><span class=\"sf-dump-ellipsis sf-dump-ellipsis-note\">\\</span>InputBag</span> {<a class=sf-dump-ref>#52</a><samp data-depth=2 class=sf-dump-compact>
    #<span class=sf-dump-protected title=\"Protected property\">parameters</span>: []
  </samp>}
  +<span class=sf-dump-public title=\"Public property\">server</span>: <span class=sf-dump-note title=\"Symfony\\Component\\HttpFoundation\\ServerBag
\"><span class=\"sf-dump-ellipsis sf-dump-ellipsis-note\">Symfony\\Component\\HttpFoundation</span><span class=\"sf-dump-ellipsis sf-dump-ellipsis-note\">\\</span>ServerBag</span> {<a class=sf-dump-ref>#48</a><samp data-depth=2 class=sf-dump-compact>
    #<span class=sf-dump-protected title=\"Protected property\">parameters</span>: <span class=sf-dump-note>array:31</span> [<samp data-depth=3 class=sf-dump-compact>
      \"<span class=sf-dump-key>DOCUMENT_ROOT</span>\" => \"<span class=sf-dump-str title=\"45 characters\">C:\\Users\\stefanopoulos\\Desktop\\e-forms\\public</span>\"
      \"<span class=sf-dump-key>REMOTE_ADDR</span>\" => \"<span class=sf-dump-str title=\"9 characters\">127.0.0.1</span>\"
      \"<span class=sf-dump-key>REMOTE_PORT</span>\" => \"<span class=sf-dump-str title=\"5 characters\">49635</span>\"
      \"<span class=sf-dump-key>SERVER_SOFTWARE</span>\" => \"<span class=sf-dump-str title=\"28 characters\">PHP 8.2.3 Development Server</span>\"
      \"<span class=sf-dump-key>SERVER_PROTOCOL</span>\" => \"<span class=sf-dump-str title=\"8 characters\">HTTP/1.1</span>\"
      \"<span class=sf-dump-key>SERVER_NAME</span>\" => \"<span class=sf-dump-str title=\"9 characters\">127.0.0.1</span>\"
      \"<span class=sf-dump-key>SERVER_PORT</span>\" => \"<span class=sf-dump-str title=\"4 characters\">8000</span>\"
      \"<span class=sf-dump-key>REQUEST_URI</span>\" => \"<span class=sf-dump-str title=\"31 characters\">/actions/consultants_supervisor</span>\"
      \"<span class=sf-dump-key>REQUEST_METHOD</span>\" => \"<span class=sf-dump-str title=\"3 characters\">GET</span>\"
      \"<span class=sf-dump-key>SCRIPT_NAME</span>\" => \"<span class=sf-dump-str title=\"10 characters\">/index.php</span>\"
      \"<span class=sf-dump-key>SCRIPT_FILENAME</span>\" => \"<span class=sf-dump-str title=\"55 characters\">C:\\Users\\stefanopoulos\\Desktop\\e-forms\\public\\index.php</span>\"
      \"<span class=sf-dump-key>PATH_INFO</span>\" => \"<span class=sf-dump-str title=\"31 characters\">/actions/consultants_supervisor</span>\"
      \"<span class=sf-dump-key>PHP_SELF</span>\" => \"<span class=sf-dump-str title=\"41 characters\">/index.php/actions/consultants_supervisor</span>\"
      \"<span class=sf-dump-key>HTTP_HOST</span>\" => \"<span class=sf-dump-str title=\"14 characters\">localhost:8000</span>\"
      \"<span class=sf-dump-key>HTTP_USER_AGENT</span>\" => \"<span class=sf-dump-str title=\"80 characters\">Mozilla/5.0 (Windows NT 10.0; Win64; x64; rv:137.0) Gecko/20100101 Firefox/137.0</span>\"
      \"<span class=sf-dump-key>HTTP_ACCEPT</span>\" => \"<span class=sf-dump-str title=\"63 characters\">text/html,application/xhtml+xml,application/xml;q=0.9,*/*;q=0.8</span>\"
      \"<span class=sf-dump-key>HTTP_ACCEPT_LANGUAGE</span>\" => \"<span class=sf-dump-str title=\"14 characters\">en-US,en;q=0.5</span>\"
      \"<span class=sf-dump-key>HTTP_ACCEPT_ENCODING</span>\" => \"<span class=sf-dump-str title=\"23 characters\">gzip, deflate, br, zstd</span>\"
      \"<span class=sf-dump-key>HTTP_DNT</span>\" => \"<span class=sf-dump-str>1</span>\"
      \"<span class=sf-dump-key>HTTP_SEC_GPC</span>\" => \"<span class=sf-dump-str>1</span>\"
      \"<span class=sf-dump-key>HTTP_CONNECTION</span>\" => \"<span class=sf-dump-str title=\"10 characters\">keep-alive</span>\"
      \"<span class=sf-dump-key>HTTP_REFERER</span>\" => \"<span class=sf-dump-str title=\"38 characters\">http://localhost:8000/index_consultant</span>\"
      \"<span class=sf-dump-key>HTTP_COOKIE</span>\" => \"<span class=sf-dump-str title=\"747 characters\">XSRF-TOKEN=eyJpdiI6IlNUaFJjMmxraG9UL2xVWHMyNnBWMkE9PSIsInZhbHVlIjoiZ0RDTnZINjc1LzhEMEY0NEFLdzMyUUpmQWFwRjJpZUdoU254eVZTeDdQd1FpQllvbzNyODdhK081cUV2V2M3V3NNZzVRL0VhZ0JxNXBWQ1g3emFCU2RMdEtoNmZJSmdXb21xT3pkTlVNWWxidkR6TThmNkdRa2tva3AxZEVQOHYiLCJtYWMiOiJlZmQyZDRkNTdjOWUwMDdlNGI4ZjZkZDc2OWUwNDlmNmJlMzkyYjg0MTIwZDA2MGM2NjYzZmQ4ODk3ODU0OGE2IiwidGFnIjoiIn0%3D; dieuthinsi_pe_akhaias_hlektronikes_formes_session=eyJpdiI6InlPNUd0N0J4Q25PQ0Q2YWxweTB6RVE9PSIsInZhbHVlIjoiOTBzRGMxMFdrNzRLR0ZnZXF2cXo1ZzBBSDQ2aXVsaTVPakFRYkEra25QZ1Yrc1RhWC9sQUk1S3JZWnM4cVhOWnpYbjV4dGUxbURVMisxUDY4NHEzNUdBVCs2dVQvMnFZOFE1NW9UVWYvTy9PSTdUQjRma24yR1F1WGJhZWVVQ1UiLCJtYWMiOiIzODRmZDViMzEwZDExMTE0MDI4ZmI2ZTFmZTkyZTdkOWE5ZGQ2ODhlMzUwZWVhZmI0ZTQ5NTczMDk0OTFiYTQxIiwidGFnIjoiIn0%3D</span>\"
      \"<span class=sf-dump-key>HTTP_UPGRADE_INSECURE_REQUESTS</span>\" => \"<span class=sf-dump-str>1</span>\"
      \"<span class=sf-dump-key>HTTP_SEC_FETCH_DEST</span>\" => \"<span class=sf-dump-str title=\"8 characters\">document</span>\"
      \"<span class=sf-dump-key>HTTP_SEC_FETCH_MODE</span>\" => \"<span class=sf-dump-str title=\"8 characters\">navigate</span>\"
      \"<span class=sf-dump-key>HTTP_SEC_FETCH_SITE</span>\" => \"<span class=sf-dump-str title=\"11 characters\">same-origin</span>\"
      \"<span class=sf-dump-key>HTTP_SEC_FETCH_USER</span>\" => \"<span class=sf-dump-str title=\"2 characters\">?1</span>\"
      \"<span class=sf-dump-key>HTTP_PRIORITY</span>\" => \"<span class=sf-dump-str title=\"6 characters\">u=0, i</span>\"
      \"<span class=sf-dump-key>REQUEST_TIME_FLOAT</span>\" => <span class=sf-dump-num>1744795992.821</span>
      \"<span class=sf-dump-key>REQUEST_TIME</span>\" => <span class=sf-dump-num>1744795992</span>
    </samp>]
  </samp>}
  +<span class=sf-dump-public title=\"Public property\">files</span>: <span class=sf-dump-note title=\"Symfony\\Component\\HttpFoundation\\FileBag
\"><span class=\"sf-dump-ellipsis sf-dump-ellipsis-note\">Symfony\\Component\\HttpFoundation</span><span class=\"sf-dump-ellipsis sf-dump-ellipsis-note\">\\</span>FileBag</span> {<a class=sf-dump-ref>#49</a><samp data-depth=2 class=sf-dump-compact>
    #<span class=sf-dump-protected title=\"Protected property\">parameters</span>: []
  </samp>}
  +<span class=sf-dump-public title=\"Public property\">cookies</span>: <span class=sf-dump-note title=\"Symfony\\Component\\HttpFoundation\\InputBag
\"><span class=\"sf-dump-ellipsis sf-dump-ellipsis-note\">Symfony\\Component\\HttpFoundation</span><span class=\"sf-dump-ellipsis sf-dump-ellipsis-note\">\\</span>InputBag</span> {<a class=sf-dump-ref>#47</a><samp data-depth=2 class=sf-dump-compact>
    #<span class=sf-dump-protected title=\"Protected property\">parameters</span>: <span class=sf-dump-note>array:2</span> [<samp data-depth=3 class=sf-dump-compact>
      \"<span class=sf-dump-key>XSRF-TOKEN</span>\" => \"<span class=sf-dump-str title=\"40 characters\">w7YF2vMfMfKzH03DJWOvxCtzcI3IgsLoCI6eekGY</span>\"
      \"<span class=sf-dump-key>dieuthinsi_pe_akhaias_hlektronikes_formes_session</span>\" => \"<span class=sf-dump-str title=\"40 characters\">aBWZs3xkCIRmRTFtKcKklUGqSS4C1XMFqLfuC6Rk</span>\"
    </samp>]
  </samp>}
  +<span class=sf-dump-public title=\"Public property\">headers</span>: <span class=sf-dump-note title=\"Symfony\\Component\\HttpFoundation\\HeaderBag
\"><span class=\"sf-dump-ellipsis sf-dump-ellipsis-note\">Symfony\\Component\\HttpFoundation</span><span class=\"sf-dump-ellipsis sf-dump-ellipsis-note\">\\</span>HeaderBag</span> {<a class=sf-dump-ref>#50</a><samp data-depth=2 class=sf-dump-compact>
    #<span class=sf-dump-protected title=\"Protected property\">headers</span>: <span class=sf-dump-note>array:16</span> [<samp data-depth=3 class=sf-dump-compact>
      \"<span class=sf-dump-key>host</span>\" => <span class=sf-dump-note>array:1</span> [ &#8230;1]
      \"<span class=sf-dump-key>user-agent</span>\" => <span class=sf-dump-note>array:1</span> [ &#8230;1]
      \"<span class=sf-dump-key>accept</span>\" => <span class=sf-dump-note>array:1</span> [ &#8230;1]
      \"<span class=sf-dump-key>accept-language</span>\" => <span class=sf-dump-note>array:1</span> [ &#8230;1]
      \"<span class=sf-dump-key>accept-encoding</span>\" => <span class=sf-dump-note>array:1</span> [ &#8230;1]
      \"<span class=sf-dump-key>dnt</span>\" => <span class=sf-dump-note>array:1</span> [ &#8230;1]
      \"<span class=sf-dump-key>sec-gpc</span>\" => <span class=sf-dump-note>array:1</span> [ &#8230;1]
      \"<span class=sf-dump-key>connection</span>\" => <span class=sf-dump-note>array:1</span> [ &#8230;1]
      \"<span class=sf-dump-key>referer</span>\" => <span class=sf-dump-note>array:1</span> [ &#8230;1]
      \"<span class=sf-dump-key>cookie</span>\" => <span class=sf-dump-note>array:1</span> [ &#8230;1]
      \"<span class=sf-dump-key>upgrade-insecure-requests</span>\" => <span class=sf-dump-note>array:1</span> [ &#8230;1]
      \"<span class=sf-dump-key>sec-fetch-dest</span>\" => <span class=sf-dump-note>array:1</span> [ &#8230;1]
      \"<span class=sf-dump-key>sec-fetch-mode</span>\" => <span class=sf-dump-note>array:1</span> [ &#8230;1]
      \"<span class=sf-dump-key>sec-fetch-site</span>\" => <span class=sf-dump-note>array:1</span> [ &#8230;1]
      \"<span class=sf-dump-key>sec-fetch-user</span>\" => <span class=sf-dump-note>array:1</span> [ &#8230;1]
      \"<span class=sf-dump-key>priority</span>\" => <span class=sf-dump-note>array:1</span> [ &#8230;1]
    </samp>]
    #<span class=sf-dump-protected title=\"Protected property\">cacheControl</span>: []
  </samp>}
  #<span class=sf-dump-protected title=\"Protected property\">content</span>: <span class=sf-dump-const>null</span>
  #<span class=sf-dump-protected title=\"Protected property\">languages</span>: <span class=sf-dump-const>null</span>
  #<span class=sf-dump-protected title=\"Protected property\">charsets</span>: <span class=sf-dump-const>null</span>
  #<span class=sf-dump-protected title=\"Protected property\">encodings</span>: <span class=sf-dump-const>null</span>
  #<span class=sf-dump-protected title=\"Protected property\">acceptableContentTypes</span>: <span class=sf-dump-const>null</span>
  #<span class=sf-dump-protected title=\"Protected property\">pathInfo</span>: \"<span class=sf-dump-str title=\"31 characters\">/actions/consultants_supervisor</span>\"
  #<span class=sf-dump-protected title=\"Protected property\">requestUri</span>: \"<span class=sf-dump-str title=\"31 characters\">/actions/consultants_supervisor</span>\"
  #<span class=sf-dump-protected title=\"Protected property\">baseUrl</span>: \"\"
  #<span class=sf-dump-protected title=\"Protected property\">basePath</span>: <span class=sf-dump-const>null</span>
  #<span class=sf-dump-protected title=\"Protected property\">method</span>: \"<span class=sf-dump-str title=\"3 characters\">GET</span>\"
  #<span class=sf-dump-protected title=\"Protected property\">format</span>: <span class=sf-dump-const>null</span>
  #<span class=sf-dump-protected title=\"Protected property\">session</span>: <span class=sf-dump-note title=\"Illuminate\\Session\\Store
\"><span class=\"sf-dump-ellipsis sf-dump-ellipsis-note\">Illuminate\\Session</span><span class=\"sf-dump-ellipsis sf-dump-ellipsis-note\">\\</span>Store</span> {<a class=sf-dump-ref>#1728</a><samp data-depth=2 class=sf-dump-compact>
    #<span class=sf-dump-protected title=\"Protected property\">id</span>: \"<span class=sf-dump-str title=\"40 characters\">aBWZs3xkCIRmRTFtKcKklUGqSS4C1XMFqLfuC6Rk</span>\"
    #<span class=sf-dump-protected title=\"Protected property\">name</span>: \"<span class=sf-dump-str title=\"49 characters\">dieuthinsi_pe_akhaias_hlektronikes_formes_session</span>\"
    #<span class=sf-dump-protected title=\"Protected property\">attributes</span>: <span class=sf-dump-note>array:4</span> [<samp data-depth=3 class=sf-dump-compact>
      \"<span class=sf-dump-key>_token</span>\" => \"<span class=sf-dump-str title=\"40 characters\">w7YF2vMfMfKzH03DJWOvxCtzcI3IgsLoCI6eekGY</span>\"
      \"<span class=sf-dump-key>login_consultant_59ba36addc2b2f9401580f014c7f58ea4e30989d</span>\" => <span class=sf-dump-num>6</span>
      \"<span class=sf-dump-key>_flash</span>\" => <span class=sf-dump-note>array:2</span> [ &#8230;2]
      \"<span class=sf-dump-key>_previous</span>\" => <span class=sf-dump-note>array:1</span> [ &#8230;1]
    </samp>]
    #<span class=sf-dump-protected title=\"Protected property\">handler</span>: <span class=sf-dump-note title=\"Illuminate\\Session\\FileSessionHandler
\"><span class=\"sf-dump-ellipsis sf-dump-ellipsis-note\">Illuminate\\Session</span><span class=\"sf-dump-ellipsis sf-dump-ellipsis-note\">\\</span>FileSessionHandler</span> {<a class=sf-dump-ref>#1727</a><samp data-depth=3 class=sf-dump-compact>
      #<span class=sf-dump-protected title=\"Protected property\">files</span>: <span class=sf-dump-note title=\"Illuminate\\Filesystem\\Filesystem
\"><span class=\"sf-dump-ellipsis sf-dump-ellipsis-note\">Illuminate\\Filesystem</span><span class=\"sf-dump-ellipsis sf-dump-ellipsis-note\">\\</span>Filesystem</span> {<a class=sf-dump-ref>#169</a>}
      #<span class=sf-dump-protected title=\"Protected property\">path</span>: \"<span class=sf-dump-str title=\"65 characters\">C:\\Users\\stefanopoulos\\Desktop\\e-forms\\storage\\framework/sessions</span>\"
      #<span class=sf-dump-protected title=\"Protected property\">minutes</span>: \"<span class=sf-dump-str title=\"3 characters\">120</span>\"
    </samp>}
    #<span class=sf-dump-protected title=\"Protected property\">serialization</span>: \"<span class=sf-dump-str title=\"3 characters\">php</span>\"
    #<span class=sf-dump-protected title=\"Protected property\">started</span>: <span class=sf-dump-const>true</span>
  </samp>}
  #<span class=sf-dump-protected title=\"Protected property\">locale</span>: <span class=sf-dump-const>null</span>
  #<span class=sf-dump-protected title=\"Protected property\">defaultLocale</span>: \"<span class=sf-dump-str title=\"2 characters\">en</span>\"
  -<span class=sf-dump-private title=\"Private property defined in class:&#10;`Symfony\\Component\\HttpFoundation\\Request`\">preferredFormat</span>: <span class=sf-dump-const>null</span>
  -<span class=sf-dump-private title=\"Private property defined in class:&#10;`Symfony\\Component\\HttpFoundation\\Request`\">isHostValid</span>: <span class=sf-dump-const>true</span>
  -<span class=sf-dump-private title=\"Private property defined in class:&#10;`Symfony\\Component\\HttpFoundation\\Request`\">isForwardedValid</span>: <span class=sf-dump-const>true</span>
  #<span class=sf-dump-protected title=\"Protected property\">json</span>: <span class=sf-dump-const>null</span>
  #<span class=sf-dump-protected title=\"Protected property\">convertedFiles</span>: []
  #<span class=sf-dump-protected title=\"Protected property\">userResolver</span>: <span class=sf-dump-note>Closure($guard = null)</span> {<a class=sf-dump-ref>#1582</a><samp data-depth=2 class=sf-dump-compact>
    <span class=sf-dump-meta>class</span>: \"<span class=sf-dump-str title=\"Illuminate\\Auth\\AuthServiceProvider
35 characters\"><span class=\"sf-dump-ellipsis sf-dump-ellipsis-class\">Illuminate\\Auth</span><span class=\"sf-dump-ellipsis sf-dump-ellipsis-class\">\\</span>AuthServiceProvider</span>\"
    <span class=sf-dump-meta>this</span>: <span class=sf-dump-note title=\"Illuminate\\Auth\\AuthServiceProvider
\"><span class=\"sf-dump-ellipsis sf-dump-ellipsis-note\">Illuminate\\Auth</span><span class=\"sf-dump-ellipsis sf-dump-ellipsis-note\">\\</span>AuthServiceProvider</span> {<a class=sf-dump-ref>#165</a> &#8230;}
    <span class=sf-dump-meta>use</span>: {<samp data-depth=3 class=sf-dump-compact>
      <span class=sf-dump-meta>$app</span>: <span class=sf-dump-note title=\"Illuminate\\Foundation\\Application
\"><span class=\"sf-dump-ellipsis sf-dump-ellipsis-note\">Illuminate\\Foundation</span><span class=\"sf-dump-ellipsis sf-dump-ellipsis-note\">\\</span>Application</span> {<a class=sf-dump-ref>#2</a> &#8230;}
    </samp>}
    <span class=sf-dump-meta>file</span>: \"<span class=sf-dump-str title=\"C:\\Users\\stefanopoulos\\Desktop\\e-forms\\vendor\\laravel\\framework\\src\\Illuminate\\Auth\\AuthServiceProvider.php
107 characters\"><span class=\"sf-dump-ellipsis sf-dump-ellipsis-path\">C:\\Users\\stefanopoulos\\Desktop\\e-forms\\vendor</span><span class=\"sf-dump-ellipsis sf-dump-ellipsis-path\">\\laravel\\framework\\</span>src\\Illuminate\\Auth\\AuthServiceProvider.php</span>\"
    <span class=sf-dump-meta>line</span>: \"<span class=sf-dump-str title=\"8 characters\">88 to 90</span>\"
  </samp>}
  #<span class=sf-dump-protected title=\"Protected property\">routeResolver</span>: <span class=sf-dump-note>Closure()</span> {<a class=sf-dump-ref>#1591</a><samp data-depth=2 class=sf-dump-compact>
    <span class=sf-dump-meta>class</span>: \"<span class=sf-dump-str title=\"Illuminate\\Routing\\Router
25 characters\"><span class=\"sf-dump-ellipsis sf-dump-ellipsis-class\">Illuminate\\Routing</span><span class=\"sf-dump-ellipsis sf-dump-ellipsis-class\">\\</span>Router</span>\"
    <span class=sf-dump-meta>this</span>: <span class=sf-dump-note title=\"Illuminate\\Routing\\Router
\"><span class=\"sf-dump-ellipsis sf-dump-ellipsis-note\">Illuminate\\Routing</span><span class=\"sf-dump-ellipsis sf-dump-ellipsis-note\">\\</span>Router</span> {<a class=sf-dump-ref>#27</a> &#8230;}
    <span class=sf-dump-meta>use</span>: {<samp data-depth=3 class=sf-dump-compact>
      <span class=sf-dump-meta>$route</span>: <span class=sf-dump-note title=\"Illuminate\\Routing\\Route
\"><span class=\"sf-dump-ellipsis sf-dump-ellipsis-note\">Illuminate\\Routing</span><span class=\"sf-dump-ellipsis sf-dump-ellipsis-note\">\\</span>Route</span> {<a class=sf-dump-ref>#1427</a> &#8230;}
    </samp>}
    <span class=sf-dump-meta>file</span>: \"<span class=sf-dump-str title=\"C:\\Users\\stefanopoulos\\Desktop\\e-forms\\vendor\\laravel\\framework\\src\\Illuminate\\Routing\\Router.php
97 characters\"><span class=\"sf-dump-ellipsis sf-dump-ellipsis-path\">C:\\Users\\stefanopoulos\\Desktop\\e-forms\\vendor</span><span class=\"sf-dump-ellipsis sf-dump-ellipsis-path\">\\laravel\\framework\\</span>src\\Illuminate\\Routing\\Router.php</span>\"
    <span class=sf-dump-meta>line</span>: \"<span class=sf-dump-str title=\"10 characters\">771 to 771</span>\"
  </samp>}
  <span class=sf-dump-meta>basePath</span>: \"\"
  <span class=sf-dump-meta>format</span>: \"<span class=sf-dump-str title=\"4 characters\">html</span>\"
</samp>}
</pre><script>Sfdump(\"sf-dump-1150379851\", {\"maxDepth\":3,\"maxStringLength\":160})</script>
"}},"exception":"[object] (Spatie\\LaravelIgnition\\Exceptions\\ViewException(code: 0): Attempt to read property \"id\" on null at C:\\Users\\stefanopoulos\\Desktop\\e-forms\\resources\\views\\microapps\\actions\\index_school.blade.php:138)
[stacktrace]
#0 C:\\Users\\stefanopoulos\\Desktop\\e-forms\\vendor\\laravel\\framework\\src\\Illuminate\\Foundation\\Bootstrap\\HandleExceptions.php(254): Illuminate\\Foundation\\Bootstrap\\HandleExceptions->handleError(2, 'Attempt to read...', 'C:\\\\Users\\\\stefan...', 148)
#1 C:\\Users\\stefanopoulos\\Desktop\\e-forms\\resources\\views\\microapps\\actions\\index_school.blade.php(138): Illuminate\\Foundation\\Bootstrap\\HandleExceptions->Illuminate\\Foundation\\Bootstrap\\{closure}(2, 'Attempt to read...', 'C:\\\\Users\\\\stefan...', 148)
#2 C:\\Users\\stefanopoulos\\Desktop\\e-forms\\vendor\\laravel\\framework\\src\\Illuminate\\Filesystem\\Filesystem.php(124): require('C:\\\\Users\\\\stefan...')
#3 C:\\Users\\stefanopoulos\\Desktop\\e-forms\\vendor\\laravel\\framework\\src\\Illuminate\\Filesystem\\Filesystem.php(125): Illuminate\\Filesystem\\Filesystem::Illuminate\\Filesystem\\{closure}()
#4 C:\\Users\\stefanopoulos\\Desktop\\e-forms\\vendor\\laravel\\framework\\src\\Illuminate\\View\\Engines\\PhpEngine.php(58): Illuminate\\Filesystem\\Filesystem->getRequire('C:\\\\Users\\\\stefan...', Array)
#5 C:\\Users\\stefanopoulos\\Desktop\\e-forms\\vendor\\laravel\\framework\\src\\Illuminate\\View\\Engines\\CompilerEngine.php(70): Illuminate\\View\\Engines\\PhpEngine->evaluatePath('C:\\\\Users\\\\stefan...', Array)
#6 C:\\Users\\stefanopoulos\\Desktop\\e-forms\\vendor\\laravel\\framework\\src\\Illuminate\\View\\View.php(195): Illuminate\\View\\Engines\\CompilerEngine->get('C:\\\\Users\\\\stefan...', Array)
#7 C:\\Users\\stefanopoulos\\Desktop\\e-forms\\vendor\\laravel\\framework\\src\\Illuminate\\View\\View.php(178): Illuminate\\View\\View->getContents()
#8 C:\\Users\\stefanopoulos\\Desktop\\e-forms\\vendor\\laravel\\framework\\src\\Illuminate\\View\\View.php(147): Illuminate\\View\\View->renderContents()
#9 C:\\Users\\stefanopoulos\\Desktop\\e-forms\\vendor\\laravel\\framework\\src\\Illuminate\\Http\\Response.php(69): Illuminate\\View\\View->render()
#10 C:\\Users\\stefanopoulos\\Desktop\\e-forms\\vendor\\laravel\\framework\\src\\Illuminate\\Http\\Response.php(35): Illuminate\\Http\\Response->setContent(Object(Illuminate\\View\\View))
#11 C:\\Users\\stefanopoulos\\Desktop\\e-forms\\vendor\\laravel\\framework\\src\\Illuminate\\Routing\\Router.php(906): Illuminate\\Http\\Response->__construct(Object(Illuminate\\View\\View), 200, Array)
#12 C:\\Users\\stefanopoulos\\Desktop\\e-forms\\vendor\\laravel\\framework\\src\\Illuminate\\Routing\\Router.php(875): Illuminate\\Routing\\Router::toResponse(Object(Illuminate\\Http\\Request), Object(Illuminate\\View\\View))
#13 C:\\Users\\stefanopoulos\\Desktop\\e-forms\\vendor\\laravel\\framework\\src\\Illuminate\\Routing\\Router.php(797): Illuminate\\Routing\\Router->prepareResponse(Object(Illuminate\\Http\\Request), Object(Illuminate\\View\\View))
#14 C:\\Users\\stefanopoulos\\Desktop\\e-forms\\vendor\\laravel\\framework\\src\\Illuminate\\Pipeline\\Pipeline.php(141): Illuminate\\Routing\\Router->Illuminate\\Routing\\{closure}(Object(Illuminate\\Http\\Request))
#15 C:\\Users\\stefanopoulos\\Desktop\\e-forms\\vendor\\laravel\\framework\\src\\Illuminate\\Routing\\Middleware\\SubstituteBindings.php(50): Illuminate\\Pipeline\\Pipeline->Illuminate\\Pipeline\\{closure}(Object(Illuminate\\Http\\Request))
#16 C:\\Users\\stefanopoulos\\Desktop\\e-forms\\vendor\\laravel\\framework\\src\\Illuminate\\Pipeline\\Pipeline.php(180): Illuminate\\Routing\\Middleware\\SubstituteBindings->handle(Object(Illuminate\\Http\\Request), Object(Closure))
#17 C:\\Users\\stefanopoulos\\Desktop\\e-forms\\vendor\\laravel\\framework\\src\\Illuminate\\Foundation\\Http\\Middleware\\VerifyCsrfToken.php(78): Illuminate\\Pipeline\\Pipeline->Illuminate\\Pipeline\\{closure}(Object(Illuminate\\Http\\Request))
#18 C:\\Users\\stefanopoulos\\Desktop\\e-forms\\vendor\\laravel\\framework\\src\\Illuminate\\Pipeline\\Pipeline.php(180): Illuminate\\Foundation\\Http\\Middleware\\VerifyCsrfToken->handle(Object(Illuminate\\Http\\Request), Object(Closure))
#19 C:\\Users\\stefanopoulos\\Desktop\\e-forms\\vendor\\laravel\\framework\\src\\Illuminate\\View\\Middleware\\ShareErrorsFromSession.php(49): Illuminate\\Pipeline\\Pipeline->Illuminate\\Pipeline\\{closure}(Object(Illuminate\\Http\\Request))
#20 C:\\Users\\stefanopoulos\\Desktop\\e-forms\\vendor\\laravel\\framework\\src\\Illuminate\\Pipeline\\Pipeline.php(180): Illuminate\\View\\Middleware\\ShareErrorsFromSession->handle(Object(Illuminate\\Http\\Request), Object(Closure))
#21 C:\\Users\\stefanopoulos\\Desktop\\e-forms\\vendor\\laravel\\framework\\src\\Illuminate\\Session\\Middleware\\StartSession.php(121): Illuminate\\Pipeline\\Pipeline->Illuminate\\Pipeline\\{closure}(Object(Illuminate\\Http\\Request))
#22 C:\\Users\\stefanopoulos\\Desktop\\e-forms\\vendor\\laravel\\framework\\src\\Illuminate\\Session\\Middleware\\StartSession.php(64): Illuminate\\Session\\Middleware\\StartSession->handleStatefulRequest(Object(Illuminate\\Http\\Request), Object(Illuminate\\Session\\Store), Object(Closure))
#23 C:\\Users\\stefanopoulos\\Desktop\\e-forms\\vendor\\laravel\\framework\\src\\Illuminate\\Pipeline\\Pipeline.php(180): Illuminate\\Session\\Middleware\\StartSession->handle(Object(Illuminate\\Http\\Request), Object(Closure))
#24 C:\\Users\\stefanopoulos\\Desktop\\e-forms\\vendor\\laravel\\framework\\src\\Illuminate\\Cookie\\Middleware\\AddQueuedCookiesToResponse.php(37): Illuminate\\Pipeline\\Pipeline->Illuminate\\Pipeline\\{closure}(Object(Illuminate\\Http\\Request))
#25 C:\\Users\\stefanopoulos\\Desktop\\e-forms\\vendor\\laravel\\framework\\src\\Illuminate\\Pipeline\\Pipeline.php(180): Illuminate\\Cookie\\Middleware\\AddQueuedCookiesToResponse->handle(Object(Illuminate\\Http\\Request), Object(Closure))
#26 C:\\Users\\stefanopoulos\\Desktop\\e-forms\\vendor\\laravel\\framework\\src\\Illuminate\\Cookie\\Middleware\\EncryptCookies.php(67): Illuminate\\Pipeline\\Pipeline->Illuminate\\Pipeline\\{closure}(Object(Illuminate\\Http\\Request))
#27 C:\\Users\\stefanopoulos\\Desktop\\e-forms\\vendor\\laravel\\framework\\src\\Illuminate\\Pipeline\\Pipeline.php(180): Illuminate\\Cookie\\Middleware\\EncryptCookies->handle(Object(Illuminate\\Http\\Request), Object(Closure))
#28 C:\\Users\\stefanopoulos\\Desktop\\e-forms\\vendor\\laravel\\framework\\src\\Illuminate\\Pipeline\\Pipeline.php(116): Illuminate\\Pipeline\\Pipeline->Illuminate\\Pipeline\\{closure}(Object(Illuminate\\Http\\Request))
#29 C:\\Users\\stefanopoulos\\Desktop\\e-forms\\vendor\\laravel\\framework\\src\\Illuminate\\Routing\\Router.php(797): Illuminate\\Pipeline\\Pipeline->then(Object(Closure))
#30 C:\\Users\\stefanopoulos\\Desktop\\e-forms\\vendor\\laravel\\framework\\src\\Illuminate\\Routing\\Router.php(776): Illuminate\\Routing\\Router->runRouteWithinStack(Object(Illuminate\\Routing\\Route), Object(Illuminate\\Http\\Request))
#31 C:\\Users\\stefanopoulos\\Desktop\\e-forms\\vendor\\laravel\\framework\\src\\Illuminate\\Routing\\Router.php(740): Illuminate\\Routing\\Router->runRoute(Object(Illuminate\\Http\\Request), Object(Illuminate\\Routing\\Route))
#32 C:\\Users\\stefanopoulos\\Desktop\\e-forms\\vendor\\laravel\\framework\\src\\Illuminate\\Routing\\Router.php(729): Illuminate\\Routing\\Router->dispatchToRoute(Object(Illuminate\\Http\\Request))
#33 C:\\Users\\stefanopoulos\\Desktop\\e-forms\\vendor\\laravel\\framework\\src\\Illuminate\\Foundation\\Http\\Kernel.php(200): Illuminate\\Routing\\Router->dispatch(Object(Illuminate\\Http\\Request))
#34 C:\\Users\\stefanopoulos\\Desktop\\e-forms\\vendor\\laravel\\framework\\src\\Illuminate\\Pipeline\\Pipeline.php(141): Illuminate\\Foundation\\Http\\Kernel->Illuminate\\Foundation\\Http\\{closure}(Object(Illuminate\\Http\\Request))
#35 C:\\Users\\stefanopoulos\\Desktop\\e-forms\\vendor\\laravel\\framework\\src\\Illuminate\\Foundation\\Http\\Middleware\\TransformsRequest.php(21): Illuminate\\Pipeline\\Pipeline->Illuminate\\Pipeline\\{closure}(Object(Illuminate\\Http\\Request))
#36 C:\\Users\\stefanopoulos\\Desktop\\e-forms\\vendor\\laravel\\framework\\src\\Illuminate\\Foundation\\Http\\Middleware\\ConvertEmptyStringsToNull.php(31): Illuminate\\Foundation\\Http\\Middleware\\TransformsRequest->handle(Object(Illuminate\\Http\\Request), Object(Closure))
#37 C:\\Users\\stefanopoulos\\Desktop\\e-forms\\vendor\\laravel\\framework\\src\\Illuminate\\Pipeline\\Pipeline.php(180): Illuminate\\Foundation\\Http\\Middleware\\ConvertEmptyStringsToNull->handle(Object(Illuminate\\Http\\Request), Object(Closure))
#38 C:\\Users\\stefanopoulos\\Desktop\\e-forms\\vendor\\laravel\\framework\\src\\Illuminate\\Foundation\\Http\\Middleware\\TransformsRequest.php(21): Illuminate\\Pipeline\\Pipeline->Illuminate\\Pipeline\\{closure}(Object(Illuminate\\Http\\Request))
#39 C:\\Users\\stefanopoulos\\Desktop\\e-forms\\vendor\\laravel\\framework\\src\\Illuminate\\Foundation\\Http\\Middleware\\TrimStrings.php(40): Illuminate\\Foundation\\Http\\Middleware\\TransformsRequest->handle(Object(Illuminate\\Http\\Request), Object(Closure))
#40 C:\\Users\\stefanopoulos\\Desktop\\e-forms\\vendor\\laravel\\framework\\src\\Illuminate\\Pipeline\\Pipeline.php(180): Illuminate\\Foundation\\Http\\Middleware\\TrimStrings->handle(Object(Illuminate\\Http\\Request), Object(Closure))
#41 C:\\Users\\stefanopoulos\\Desktop\\e-forms\\vendor\\laravel\\framework\\src\\Illuminate\\Foundation\\Http\\Middleware\\ValidatePostSize.php(27): Illuminate\\Pipeline\\Pipeline->Illuminate\\Pipeline\\{closure}(Object(Illuminate\\Http\\Request))
#42 C:\\Users\\stefanopoulos\\Desktop\\e-forms\\vendor\\laravel\\framework\\src\\Illuminate\\Pipeline\\Pipeline.php(180): Illuminate\\Foundation\\Http\\Middleware\\ValidatePostSize->handle(Object(Illuminate\\Http\\Request), Object(Closure))
#43 C:\\Users\\stefanopoulos\\Desktop\\e-forms\\vendor\\laravel\\framework\\src\\Illuminate\\Foundation\\Http\\Middleware\\PreventRequestsDuringMaintenance.php(86): Illuminate\\Pipeline\\Pipeline->Illuminate\\Pipeline\\{closure}(Object(Illuminate\\Http\\Request))
#44 C:\\Users\\stefanopoulos\\Desktop\\e-forms\\vendor\\laravel\\framework\\src\\Illuminate\\Pipeline\\Pipeline.php(180): Illuminate\\Foundation\\Http\\Middleware\\PreventRequestsDuringMaintenance->handle(Object(Illuminate\\Http\\Request), Object(Closure))
#45 C:\\Users\\stefanopoulos\\Desktop\\e-forms\\vendor\\laravel\\framework\\src\\Illuminate\\Http\\Middleware\\HandleCors.php(49): Illuminate\\Pipeline\\Pipeline->Illuminate\\Pipeline\\{closure}(Object(Illuminate\\Http\\Request))
#46 C:\\Users\\stefanopoulos\\Desktop\\e-forms\\vendor\\laravel\\framework\\src\\Illuminate\\Pipeline\\Pipeline.php(180): Illuminate\\Http\\Middleware\\HandleCors->handle(Object(Illuminate\\Http\\Request), Object(Closure))
#47 C:\\Users\\stefanopoulos\\Desktop\\e-forms\\vendor\\laravel\\framework\\src\\Illuminate\\Http\\Middleware\\TrustProxies.php(39): Illuminate\\Pipeline\\Pipeline->Illuminate\\Pipeline\\{closure}(Object(Illuminate\\Http\\Request))
#48 C:\\Users\\stefanopoulos\\Desktop\\e-forms\\vendor\\laravel\\framework\\src\\Illuminate\\Pipeline\\Pipeline.php(180): Illuminate\\Http\\Middleware\\TrustProxies->handle(Object(Illuminate\\Http\\Request), Object(Closure))
#49 C:\\Users\\stefanopoulos\\Desktop\\e-forms\\vendor\\laravel\\framework\\src\\Illuminate\\Pipeline\\Pipeline.php(116): Illuminate\\Pipeline\\Pipeline->Illuminate\\Pipeline\\{closure}(Object(Illuminate\\Http\\Request))
#50 C:\\Users\\stefanopoulos\\Desktop\\e-forms\\vendor\\laravel\\framework\\src\\Illuminate\\Foundation\\Http\\Kernel.php(175): Illuminate\\Pipeline\\Pipeline->then(Object(Closure))
#51 C:\\Users\\stefanopoulos\\Desktop\\e-forms\\vendor\\laravel\\framework\\src\\Illuminate\\Foundation\\Http\\Kernel.php(144): Illuminate\\Foundation\\Http\\Kernel->sendRequestThroughRouter(Object(Illuminate\\Http\\Request))
#52 C:\\Users\\stefanopoulos\\Desktop\\e-forms\\public\\index.php(51): Illuminate\\Foundation\\Http\\Kernel->handle(Object(Illuminate\\Http\\Request))
#53 C:\\Users\\stefanopoulos\\Desktop\\e-forms\\vendor\\laravel\\framework\\src\\Illuminate\\Foundation\\resources\\server.php(16): require_once('C:\\\\Users\\\\stefan...')
#54 {main}

[previous exception] [object] (ErrorException(code: 0): Attempt to read property \"id\" on null at C:\\Users\\stefanopoulos\\Desktop\\e-forms\\storage\\framework\\views\\67800a60a210fb128232c9846d71636c.php:148)
[stacktrace]
#0 C:\\Users\\stefanopoulos\\Desktop\\e-forms\\vendor\\laravel\\framework\\src\\Illuminate\\Foundation\\Bootstrap\\HandleExceptions.php(254): Illuminate\\Foundation\\Bootstrap\\HandleExceptions->handleError(2, 'Attempt to read...', 'C:\\\\Users\\\\stefan...', 148)
#1 C:\\Users\\stefanopoulos\\Desktop\\e-forms\\storage\\framework\\views\\67800a60a210fb128232c9846d71636c.php(148): Illuminate\\Foundation\\Bootstrap\\HandleExceptions->Illuminate\\Foundation\\Bootstrap\\{closure}(2, 'Attempt to read...', 'C:\\\\Users\\\\stefan...', 148)
#2 C:\\Users\\stefanopoulos\\Desktop\\e-forms\\vendor\\laravel\\framework\\src\\Illuminate\\Filesystem\\Filesystem.php(124): require('C:\\\\Users\\\\stefan...')
#3 C:\\Users\\stefanopoulos\\Desktop\\e-forms\\vendor\\laravel\\framework\\src\\Illuminate\\Filesystem\\Filesystem.php(125): Illuminate\\Filesystem\\Filesystem::Illuminate\\Filesystem\\{closure}()
#4 C:\\Users\\stefanopoulos\\Desktop\\e-forms\\vendor\\laravel\\framework\\src\\Illuminate\\View\\Engines\\PhpEngine.php(58): Illuminate\\Filesystem\\Filesystem->getRequire('C:\\\\Users\\\\stefan...', Array)
#5 C:\\Users\\stefanopoulos\\Desktop\\e-forms\\vendor\\laravel\\framework\\src\\Illuminate\\View\\Engines\\CompilerEngine.php(70): Illuminate\\View\\Engines\\PhpEngine->evaluatePath('C:\\\\Users\\\\stefan...', Array)
#6 C:\\Users\\stefanopoulos\\Desktop\\e-forms\\vendor\\laravel\\framework\\src\\Illuminate\\View\\View.php(195): Illuminate\\View\\Engines\\CompilerEngine->get('C:\\\\Users\\\\stefan...', Array)
#7 C:\\Users\\stefanopoulos\\Desktop\\e-forms\\vendor\\laravel\\framework\\src\\Illuminate\\View\\View.php(178): Illuminate\\View\\View->getContents()
#8 C:\\Users\\stefanopoulos\\Desktop\\e-forms\\vendor\\laravel\\framework\\src\\Illuminate\\View\\View.php(147): Illuminate\\View\\View->renderContents()
#9 C:\\Users\\stefanopoulos\\Desktop\\e-forms\\vendor\\laravel\\framework\\src\\Illuminate\\Http\\Response.php(69): Illuminate\\View\\View->render()
#10 C:\\Users\\stefanopoulos\\Desktop\\e-forms\\vendor\\laravel\\framework\\src\\Illuminate\\Http\\Response.php(35): Illuminate\\Http\\Response->setContent(Object(Illuminate\\View\\View))
#11 C:\\Users\\stefanopoulos\\Desktop\\e-forms\\vendor\\laravel\\framework\\src\\Illuminate\\Routing\\Router.php(906): Illuminate\\Http\\Response->__construct(Object(Illuminate\\View\\View), 200, Array)
#12 C:\\Users\\stefanopoulos\\Desktop\\e-forms\\vendor\\laravel\\framework\\src\\Illuminate\\Routing\\Router.php(875): Illuminate\\Routing\\Router::toResponse(Object(Illuminate\\Http\\Request), Object(Illuminate\\View\\View))
#13 C:\\Users\\stefanopoulos\\Desktop\\e-forms\\vendor\\laravel\\framework\\src\\Illuminate\\Routing\\Router.php(797): Illuminate\\Routing\\Router->prepareResponse(Object(Illuminate\\Http\\Request), Object(Illuminate\\View\\View))
#14 C:\\Users\\stefanopoulos\\Desktop\\e-forms\\vendor\\laravel\\framework\\src\\Illuminate\\Pipeline\\Pipeline.php(141): Illuminate\\Routing\\Router->Illuminate\\Routing\\{closure}(Object(Illuminate\\Http\\Request))
#15 C:\\Users\\stefanopoulos\\Desktop\\e-forms\\vendor\\laravel\\framework\\src\\Illuminate\\Routing\\Middleware\\SubstituteBindings.php(50): Illuminate\\Pipeline\\Pipeline->Illuminate\\Pipeline\\{closure}(Object(Illuminate\\Http\\Request))
#16 C:\\Users\\stefanopoulos\\Desktop\\e-forms\\vendor\\laravel\\framework\\src\\Illuminate\\Pipeline\\Pipeline.php(180): Illuminate\\Routing\\Middleware\\SubstituteBindings->handle(Object(Illuminate\\Http\\Request), Object(Closure))
#17 C:\\Users\\stefanopoulos\\Desktop\\e-forms\\vendor\\laravel\\framework\\src\\Illuminate\\Foundation\\Http\\Middleware\\VerifyCsrfToken.php(78): Illuminate\\Pipeline\\Pipeline->Illuminate\\Pipeline\\{closure}(Object(Illuminate\\Http\\Request))
#18 C:\\Users\\stefanopoulos\\Desktop\\e-forms\\vendor\\laravel\\framework\\src\\Illuminate\\Pipeline\\Pipeline.php(180): Illuminate\\Foundation\\Http\\Middleware\\VerifyCsrfToken->handle(Object(Illuminate\\Http\\Request), Object(Closure))
#19 C:\\Users\\stefanopoulos\\Desktop\\e-forms\\vendor\\laravel\\framework\\src\\Illuminate\\View\\Middleware\\ShareErrorsFromSession.php(49): Illuminate\\Pipeline\\Pipeline->Illuminate\\Pipeline\\{closure}(Object(Illuminate\\Http\\Request))
#20 C:\\Users\\stefanopoulos\\Desktop\\e-forms\\vendor\\laravel\\framework\\src\\Illuminate\\Pipeline\\Pipeline.php(180): Illuminate\\View\\Middleware\\ShareErrorsFromSession->handle(Object(Illuminate\\Http\\Request), Object(Closure))
#21 C:\\Users\\stefanopoulos\\Desktop\\e-forms\\vendor\\laravel\\framework\\src\\Illuminate\\Session\\Middleware\\StartSession.php(121): Illuminate\\Pipeline\\Pipeline->Illuminate\\Pipeline\\{closure}(Object(Illuminate\\Http\\Request))
#22 C:\\Users\\stefanopoulos\\Desktop\\e-forms\\vendor\\laravel\\framework\\src\\Illuminate\\Session\\Middleware\\StartSession.php(64): Illuminate\\Session\\Middleware\\StartSession->handleStatefulRequest(Object(Illuminate\\Http\\Request), Object(Illuminate\\Session\\Store), Object(Closure))
#23 C:\\Users\\stefanopoulos\\Desktop\\e-forms\\vendor\\laravel\\framework\\src\\Illuminate\\Pipeline\\Pipeline.php(180): Illuminate\\Session\\Middleware\\StartSession->handle(Object(Illuminate\\Http\\Request), Object(Closure))
#24 C:\\Users\\stefanopoulos\\Desktop\\e-forms\\vendor\\laravel\\framework\\src\\Illuminate\\Cookie\\Middleware\\AddQueuedCookiesToResponse.php(37): Illuminate\\Pipeline\\Pipeline->Illuminate\\Pipeline\\{closure}(Object(Illuminate\\Http\\Request))
#25 C:\\Users\\stefanopoulos\\Desktop\\e-forms\\vendor\\laravel\\framework\\src\\Illuminate\\Pipeline\\Pipeline.php(180): Illuminate\\Cookie\\Middleware\\AddQueuedCookiesToResponse->handle(Object(Illuminate\\Http\\Request), Object(Closure))
#26 C:\\Users\\stefanopoulos\\Desktop\\e-forms\\vendor\\laravel\\framework\\src\\Illuminate\\Cookie\\Middleware\\EncryptCookies.php(67): Illuminate\\Pipeline\\Pipeline->Illuminate\\Pipeline\\{closure}(Object(Illuminate\\Http\\Request))
#27 C:\\Users\\stefanopoulos\\Desktop\\e-forms\\vendor\\laravel\\framework\\src\\Illuminate\\Pipeline\\Pipeline.php(180): Illuminate\\Cookie\\Middleware\\EncryptCookies->handle(Object(Illuminate\\Http\\Request), Object(Closure))
#28 C:\\Users\\stefanopoulos\\Desktop\\e-forms\\vendor\\laravel\\framework\\src\\Illuminate\\Pipeline\\Pipeline.php(116): Illuminate\\Pipeline\\Pipeline->Illuminate\\Pipeline\\{closure}(Object(Illuminate\\Http\\Request))
#29 C:\\Users\\stefanopoulos\\Desktop\\e-forms\\vendor\\laravel\\framework\\src\\Illuminate\\Routing\\Router.php(797): Illuminate\\Pipeline\\Pipeline->then(Object(Closure))
#30 C:\\Users\\stefanopoulos\\Desktop\\e-forms\\vendor\\laravel\\framework\\src\\Illuminate\\Routing\\Router.php(776): Illuminate\\Routing\\Router->runRouteWithinStack(Object(Illuminate\\Routing\\Route), Object(Illuminate\\Http\\Request))
#31 C:\\Users\\stefanopoulos\\Desktop\\e-forms\\vendor\\laravel\\framework\\src\\Illuminate\\Routing\\Router.php(740): Illuminate\\Routing\\Router->runRoute(Object(Illuminate\\Http\\Request), Object(Illuminate\\Routing\\Route))
#32 C:\\Users\\stefanopoulos\\Desktop\\e-forms\\vendor\\laravel\\framework\\src\\Illuminate\\Routing\\Router.php(729): Illuminate\\Routing\\Router->dispatchToRoute(Object(Illuminate\\Http\\Request))
#33 C:\\Users\\stefanopoulos\\Desktop\\e-forms\\vendor\\laravel\\framework\\src\\Illuminate\\Foundation\\Http\\Kernel.php(200): Illuminate\\Routing\\Router->dispatch(Object(Illuminate\\Http\\Request))
#34 C:\\Users\\stefanopoulos\\Desktop\\e-forms\\vendor\\laravel\\framework\\src\\Illuminate\\Pipeline\\Pipeline.php(141): Illuminate\\Foundation\\Http\\Kernel->Illuminate\\Foundation\\Http\\{closure}(Object(Illuminate\\Http\\Request))
#35 C:\\Users\\stefanopoulos\\Desktop\\e-forms\\vendor\\laravel\\framework\\src\\Illuminate\\Foundation\\Http\\Middleware\\TransformsRequest.php(21): Illuminate\\Pipeline\\Pipeline->Illuminate\\Pipeline\\{closure}(Object(Illuminate\\Http\\Request))
#36 C:\\Users\\stefanopoulos\\Desktop\\e-forms\\vendor\\laravel\\framework\\src\\Illuminate\\Foundation\\Http\\Middleware\\ConvertEmptyStringsToNull.php(31): Illuminate\\Foundation\\Http\\Middleware\\TransformsRequest->handle(Object(Illuminate\\Http\\Request), Object(Closure))
#37 C:\\Users\\stefanopoulos\\Desktop\\e-forms\\vendor\\laravel\\framework\\src\\Illuminate\\Pipeline\\Pipeline.php(180): Illuminate\\Foundation\\Http\\Middleware\\ConvertEmptyStringsToNull->handle(Object(Illuminate\\Http\\Request), Object(Closure))
#38 C:\\Users\\stefanopoulos\\Desktop\\e-forms\\vendor\\laravel\\framework\\src\\Illuminate\\Foundation\\Http\\Middleware\\TransformsRequest.php(21): Illuminate\\Pipeline\\Pipeline->Illuminate\\Pipeline\\{closure}(Object(Illuminate\\Http\\Request))
#39 C:\\Users\\stefanopoulos\\Desktop\\e-forms\\vendor\\laravel\\framework\\src\\Illuminate\\Foundation\\Http\\Middleware\\TrimStrings.php(40): Illuminate\\Foundation\\Http\\Middleware\\TransformsRequest->handle(Object(Illuminate\\Http\\Request), Object(Closure))
#40 C:\\Users\\stefanopoulos\\Desktop\\e-forms\\vendor\\laravel\\framework\\src\\Illuminate\\Pipeline\\Pipeline.php(180): Illuminate\\Foundation\\Http\\Middleware\\TrimStrings->handle(Object(Illuminate\\Http\\Request), Object(Closure))
#41 C:\\Users\\stefanopoulos\\Desktop\\e-forms\\vendor\\laravel\\framework\\src\\Illuminate\\Foundation\\Http\\Middleware\\ValidatePostSize.php(27): Illuminate\\Pipeline\\Pipeline->Illuminate\\Pipeline\\{closure}(Object(Illuminate\\Http\\Request))
#42 C:\\Users\\stefanopoulos\\Desktop\\e-forms\\vendor\\laravel\\framework\\src\\Illuminate\\Pipeline\\Pipeline.php(180): Illuminate\\Foundation\\Http\\Middleware\\ValidatePostSize->handle(Object(Illuminate\\Http\\Request), Object(Closure))
#43 C:\\Users\\stefanopoulos\\Desktop\\e-forms\\vendor\\laravel\\framework\\src\\Illuminate\\Foundation\\Http\\Middleware\\PreventRequestsDuringMaintenance.php(86): Illuminate\\Pipeline\\Pipeline->Illuminate\\Pipeline\\{closure}(Object(Illuminate\\Http\\Request))
#44 C:\\Users\\stefanopoulos\\Desktop\\e-forms\\vendor\\laravel\\framework\\src\\Illuminate\\Pipeline\\Pipeline.php(180): Illuminate\\Foundation\\Http\\Middleware\\PreventRequestsDuringMaintenance->handle(Object(Illuminate\\Http\\Request), Object(Closure))
#45 C:\\Users\\stefanopoulos\\Desktop\\e-forms\\vendor\\laravel\\framework\\src\\Illuminate\\Http\\Middleware\\HandleCors.php(49): Illuminate\\Pipeline\\Pipeline->Illuminate\\Pipeline\\{closure}(Object(Illuminate\\Http\\Request))
#46 C:\\Users\\stefanopoulos\\Desktop\\e-forms\\vendor\\laravel\\framework\\src\\Illuminate\\Pipeline\\Pipeline.php(180): Illuminate\\Http\\Middleware\\HandleCors->handle(Object(Illuminate\\Http\\Request), Object(Closure))
#47 C:\\Users\\stefanopoulos\\Desktop\\e-forms\\vendor\\laravel\\framework\\src\\Illuminate\\Http\\Middleware\\TrustProxies.php(39): Illuminate\\Pipeline\\Pipeline->Illuminate\\Pipeline\\{closure}(Object(Illuminate\\Http\\Request))
#48 C:\\Users\\stefanopoulos\\Desktop\\e-forms\\vendor\\laravel\\framework\\src\\Illuminate\\Pipeline\\Pipeline.php(180): Illuminate\\Http\\Middleware\\TrustProxies->handle(Object(Illuminate\\Http\\Request), Object(Closure))
#49 C:\\Users\\stefanopoulos\\Desktop\\e-forms\\vendor\\laravel\\framework\\src\\Illuminate\\Pipeline\\Pipeline.php(116): Illuminate\\Pipeline\\Pipeline->Illuminate\\Pipeline\\{closure}(Object(Illuminate\\Http\\Request))
#50 C:\\Users\\stefanopoulos\\Desktop\\e-forms\\vendor\\laravel\\framework\\src\\Illuminate\\Foundation\\Http\\Kernel.php(175): Illuminate\\Pipeline\\Pipeline->then(Object(Closure))
#51 C:\\Users\\stefanopoulos\\Desktop\\e-forms\\vendor\\laravel\\framework\\src\\Illuminate\\Foundation\\Http\\Kernel.php(144): Illuminate\\Foundation\\Http\\Kernel->sendRequestThroughRouter(Object(Illuminate\\Http\\Request))
#52 C:\\Users\\stefanopoulos\\Desktop\\e-forms\\public\\index.php(51): Illuminate\\Foundation\\Http\\Kernel->handle(Object(Illuminate\\Http\\Request))
#53 C:\\Users\\stefanopoulos\\Desktop\\e-forms\\vendor\\laravel\\framework\\src\\Illuminate\\Foundation\\resources\\server.php(16): require_once('C:\\\\Users\\\\stefan...')
#54 {main}
"} 
[2025-04-16 12:33:28] local.ERROR: Attempt to read property "id" on null {"view":{"view":"C:\\Users\\stefanopoulos\\Desktop\\e-forms\\resources\\views\\microapps\\actions\\index_school.blade.php","data":{"errors":"<pre class=sf-dump id=sf-dump-735530544 data-indent-pad=\"  \"><span class=sf-dump-note>Illuminate\\Support\\ViewErrorBag</span> {<a class=sf-dump-ref>#1732</a><samp data-depth=1 class=sf-dump-expanded>
  #<span class=sf-dump-protected title=\"Protected property\">bags</span>: []
</samp>}
</pre><script>Sfdump(\"sf-dump-735530544\", {\"maxDepth\":3,\"maxStringLength\":160})</script>
","request":"<pre class=sf-dump id=sf-dump-1055073911 data-indent-pad=\"  \"><span class=sf-dump-note>Illuminate\\Http\\Request</span> {<a class=sf-dump-ref>#44</a><samp data-depth=1 class=sf-dump-expanded>
  +<span class=sf-dump-public title=\"Public property\">attributes</span>: <span class=sf-dump-note title=\"Symfony\\Component\\HttpFoundation\\ParameterBag
\"><span class=\"sf-dump-ellipsis sf-dump-ellipsis-note\">Symfony\\Component\\HttpFoundation</span><span class=\"sf-dump-ellipsis sf-dump-ellipsis-note\">\\</span>ParameterBag</span> {<a class=sf-dump-ref>#46</a><samp data-depth=2 class=sf-dump-compact>
    #<span class=sf-dump-protected title=\"Protected property\">parameters</span>: []
  </samp>}
  +<span class=sf-dump-public title=\"Public property\">request</span>: <span class=sf-dump-note title=\"Symfony\\Component\\HttpFoundation\\InputBag
\"><span class=\"sf-dump-ellipsis sf-dump-ellipsis-note\">Symfony\\Component\\HttpFoundation</span><span class=\"sf-dump-ellipsis sf-dump-ellipsis-note\">\\</span>InputBag</span> {<a class=sf-dump-ref>#45</a><samp data-depth=2 class=sf-dump-compact>
    #<span class=sf-dump-protected title=\"Protected property\">parameters</span>: []
  </samp>}
  +<span class=sf-dump-public title=\"Public property\">query</span>: <span class=sf-dump-note title=\"Symfony\\Component\\HttpFoundation\\InputBag
\"><span class=\"sf-dump-ellipsis sf-dump-ellipsis-note\">Symfony\\Component\\HttpFoundation</span><span class=\"sf-dump-ellipsis sf-dump-ellipsis-note\">\\</span>InputBag</span> {<a class=sf-dump-ref>#52</a><samp data-depth=2 class=sf-dump-compact>
    #<span class=sf-dump-protected title=\"Protected property\">parameters</span>: []
  </samp>}
  +<span class=sf-dump-public title=\"Public property\">server</span>: <span class=sf-dump-note title=\"Symfony\\Component\\HttpFoundation\\ServerBag
\"><span class=\"sf-dump-ellipsis sf-dump-ellipsis-note\">Symfony\\Component\\HttpFoundation</span><span class=\"sf-dump-ellipsis sf-dump-ellipsis-note\">\\</span>ServerBag</span> {<a class=sf-dump-ref>#48</a><samp data-depth=2 class=sf-dump-compact>
    #<span class=sf-dump-protected title=\"Protected property\">parameters</span>: <span class=sf-dump-note>array:31</span> [<samp data-depth=3 class=sf-dump-compact>
      \"<span class=sf-dump-key>DOCUMENT_ROOT</span>\" => \"<span class=sf-dump-str title=\"45 characters\">C:\\Users\\stefanopoulos\\Desktop\\e-forms\\public</span>\"
      \"<span class=sf-dump-key>REMOTE_ADDR</span>\" => \"<span class=sf-dump-str title=\"9 characters\">127.0.0.1</span>\"
      \"<span class=sf-dump-key>REMOTE_PORT</span>\" => \"<span class=sf-dump-str title=\"5 characters\">49752</span>\"
      \"<span class=sf-dump-key>SERVER_SOFTWARE</span>\" => \"<span class=sf-dump-str title=\"28 characters\">PHP 8.2.3 Development Server</span>\"
      \"<span class=sf-dump-key>SERVER_PROTOCOL</span>\" => \"<span class=sf-dump-str title=\"8 characters\">HTTP/1.1</span>\"
      \"<span class=sf-dump-key>SERVER_NAME</span>\" => \"<span class=sf-dump-str title=\"9 characters\">127.0.0.1</span>\"
      \"<span class=sf-dump-key>SERVER_PORT</span>\" => \"<span class=sf-dump-str title=\"4 characters\">8000</span>\"
      \"<span class=sf-dump-key>REQUEST_URI</span>\" => \"<span class=sf-dump-str title=\"31 characters\">/actions/consultants_supervisor</span>\"
      \"<span class=sf-dump-key>REQUEST_METHOD</span>\" => \"<span class=sf-dump-str title=\"3 characters\">GET</span>\"
      \"<span class=sf-dump-key>SCRIPT_NAME</span>\" => \"<span class=sf-dump-str title=\"10 characters\">/index.php</span>\"
      \"<span class=sf-dump-key>SCRIPT_FILENAME</span>\" => \"<span class=sf-dump-str title=\"55 characters\">C:\\Users\\stefanopoulos\\Desktop\\e-forms\\public\\index.php</span>\"
      \"<span class=sf-dump-key>PATH_INFO</span>\" => \"<span class=sf-dump-str title=\"31 characters\">/actions/consultants_supervisor</span>\"
      \"<span class=sf-dump-key>PHP_SELF</span>\" => \"<span class=sf-dump-str title=\"41 characters\">/index.php/actions/consultants_supervisor</span>\"
      \"<span class=sf-dump-key>HTTP_HOST</span>\" => \"<span class=sf-dump-str title=\"14 characters\">localhost:8000</span>\"
      \"<span class=sf-dump-key>HTTP_USER_AGENT</span>\" => \"<span class=sf-dump-str title=\"80 characters\">Mozilla/5.0 (Windows NT 10.0; Win64; x64; rv:137.0) Gecko/20100101 Firefox/137.0</span>\"
      \"<span class=sf-dump-key>HTTP_ACCEPT</span>\" => \"<span class=sf-dump-str title=\"63 characters\">text/html,application/xhtml+xml,application/xml;q=0.9,*/*;q=0.8</span>\"
      \"<span class=sf-dump-key>HTTP_ACCEPT_LANGUAGE</span>\" => \"<span class=sf-dump-str title=\"14 characters\">en-US,en;q=0.5</span>\"
      \"<span class=sf-dump-key>HTTP_ACCEPT_ENCODING</span>\" => \"<span class=sf-dump-str title=\"23 characters\">gzip, deflate, br, zstd</span>\"
      \"<span class=sf-dump-key>HTTP_DNT</span>\" => \"<span class=sf-dump-str>1</span>\"
      \"<span class=sf-dump-key>HTTP_SEC_GPC</span>\" => \"<span class=sf-dump-str>1</span>\"
      \"<span class=sf-dump-key>HTTP_CONNECTION</span>\" => \"<span class=sf-dump-str title=\"10 characters\">keep-alive</span>\"
      \"<span class=sf-dump-key>HTTP_REFERER</span>\" => \"<span class=sf-dump-str title=\"38 characters\">http://localhost:8000/index_consultant</span>\"
      \"<span class=sf-dump-key>HTTP_COOKIE</span>\" => \"<span class=sf-dump-str title=\"747 characters\">XSRF-TOKEN=eyJpdiI6InpGR2xGV0ZRVmtYOUFwZUdWRDkvY2c9PSIsInZhbHVlIjoiRmpXNjlnOGhEdENTRXA0U212NW1NYnNISnZsc0dnWVVISlFsQTB2UGtlN0RuOVlPNEl4N1dtMjhBR0FKUDBkZTM4WllNUG9hOEZuc3NkbDFMVFBLR3RCOHhFa0pPMXdUVjNvVnpKUmpjekJUWW9PU0dielNIRTFaUzA5L2JiL1kiLCJtYWMiOiI1MjMyMjhhMGVlMjM2NWY1YjEwYWI5NTdjZjUxZTQ2YmYxNTE0MWZmZTE2Y2MzM2FkMTk3ZGVkOTQ4YWZkODM1IiwidGFnIjoiIn0%3D; dieuthinsi_pe_akhaias_hlektronikes_formes_session=eyJpdiI6InByQjBZSld5VDdBeHB1U3hMcEFqeFE9PSIsInZhbHVlIjoiakJiVDlMN2tBUmQ2VFNQcmxpQ0w4QlY0N2EvcWVMNmJSNUwyNHdTbk9jM2FwVGJDYXVHK3VIcnh6aHRuVk5nVmJQRHpRN0lQaWtocUZlc3J6VEQ4aG1JNXdGdFBKWitFSmd2TnFadWJtLzBGbk12YUJzZUZYNnB2UUNTY2FkMnUiLCJtYWMiOiJiMjkwYzA3YjBjOWNjYmZhY2MxMGI5ZDE4YjEyZTJhZGY5ZTA0NmZiYWEyOWRhODVkODE4YjU1MjJhZTRhYmJkIiwidGFnIjoiIn0%3D</span>\"
      \"<span class=sf-dump-key>HTTP_UPGRADE_INSECURE_REQUESTS</span>\" => \"<span class=sf-dump-str>1</span>\"
      \"<span class=sf-dump-key>HTTP_SEC_FETCH_DEST</span>\" => \"<span class=sf-dump-str title=\"8 characters\">document</span>\"
      \"<span class=sf-dump-key>HTTP_SEC_FETCH_MODE</span>\" => \"<span class=sf-dump-str title=\"8 characters\">navigate</span>\"
      \"<span class=sf-dump-key>HTTP_SEC_FETCH_SITE</span>\" => \"<span class=sf-dump-str title=\"11 characters\">same-origin</span>\"
      \"<span class=sf-dump-key>HTTP_SEC_FETCH_USER</span>\" => \"<span class=sf-dump-str title=\"2 characters\">?1</span>\"
      \"<span class=sf-dump-key>HTTP_PRIORITY</span>\" => \"<span class=sf-dump-str title=\"6 characters\">u=0, i</span>\"
      \"<span class=sf-dump-key>REQUEST_TIME_FLOAT</span>\" => <span class=sf-dump-num>1744796008.5002</span>
      \"<span class=sf-dump-key>REQUEST_TIME</span>\" => <span class=sf-dump-num>1744796008</span>
    </samp>]
  </samp>}
  +<span class=sf-dump-public title=\"Public property\">files</span>: <span class=sf-dump-note title=\"Symfony\\Component\\HttpFoundation\\FileBag
\"><span class=\"sf-dump-ellipsis sf-dump-ellipsis-note\">Symfony\\Component\\HttpFoundation</span><span class=\"sf-dump-ellipsis sf-dump-ellipsis-note\">\\</span>FileBag</span> {<a class=sf-dump-ref>#49</a><samp data-depth=2 class=sf-dump-compact>
    #<span class=sf-dump-protected title=\"Protected property\">parameters</span>: []
  </samp>}
  +<span class=sf-dump-public title=\"Public property\">cookies</span>: <span class=sf-dump-note title=\"Symfony\\Component\\HttpFoundation\\InputBag
\"><span class=\"sf-dump-ellipsis sf-dump-ellipsis-note\">Symfony\\Component\\HttpFoundation</span><span class=\"sf-dump-ellipsis sf-dump-ellipsis-note\">\\</span>InputBag</span> {<a class=sf-dump-ref>#47</a><samp data-depth=2 class=sf-dump-compact>
    #<span class=sf-dump-protected title=\"Protected property\">parameters</span>: <span class=sf-dump-note>array:2</span> [<samp data-depth=3 class=sf-dump-compact>
      \"<span class=sf-dump-key>XSRF-TOKEN</span>\" => \"<span class=sf-dump-str title=\"40 characters\">w7YF2vMfMfKzH03DJWOvxCtzcI3IgsLoCI6eekGY</span>\"
      \"<span class=sf-dump-key>dieuthinsi_pe_akhaias_hlektronikes_formes_session</span>\" => \"<span class=sf-dump-str title=\"40 characters\">aBWZs3xkCIRmRTFtKcKklUGqSS4C1XMFqLfuC6Rk</span>\"
    </samp>]
  </samp>}
  +<span class=sf-dump-public title=\"Public property\">headers</span>: <span class=sf-dump-note title=\"Symfony\\Component\\HttpFoundation\\HeaderBag
\"><span class=\"sf-dump-ellipsis sf-dump-ellipsis-note\">Symfony\\Component\\HttpFoundation</span><span class=\"sf-dump-ellipsis sf-dump-ellipsis-note\">\\</span>HeaderBag</span> {<a class=sf-dump-ref>#50</a><samp data-depth=2 class=sf-dump-compact>
    #<span class=sf-dump-protected title=\"Protected property\">headers</span>: <span class=sf-dump-note>array:16</span> [<samp data-depth=3 class=sf-dump-compact>
      \"<span class=sf-dump-key>host</span>\" => <span class=sf-dump-note>array:1</span> [ &#8230;1]
      \"<span class=sf-dump-key>user-agent</span>\" => <span class=sf-dump-note>array:1</span> [ &#8230;1]
      \"<span class=sf-dump-key>accept</span>\" => <span class=sf-dump-note>array:1</span> [ &#8230;1]
      \"<span class=sf-dump-key>accept-language</span>\" => <span class=sf-dump-note>array:1</span> [ &#8230;1]
      \"<span class=sf-dump-key>accept-encoding</span>\" => <span class=sf-dump-note>array:1</span> [ &#8230;1]
      \"<span class=sf-dump-key>dnt</span>\" => <span class=sf-dump-note>array:1</span> [ &#8230;1]
      \"<span class=sf-dump-key>sec-gpc</span>\" => <span class=sf-dump-note>array:1</span> [ &#8230;1]
      \"<span class=sf-dump-key>connection</span>\" => <span class=sf-dump-note>array:1</span> [ &#8230;1]
      \"<span class=sf-dump-key>referer</span>\" => <span class=sf-dump-note>array:1</span> [ &#8230;1]
      \"<span class=sf-dump-key>cookie</span>\" => <span class=sf-dump-note>array:1</span> [ &#8230;1]
      \"<span class=sf-dump-key>upgrade-insecure-requests</span>\" => <span class=sf-dump-note>array:1</span> [ &#8230;1]
      \"<span class=sf-dump-key>sec-fetch-dest</span>\" => <span class=sf-dump-note>array:1</span> [ &#8230;1]
      \"<span class=sf-dump-key>sec-fetch-mode</span>\" => <span class=sf-dump-note>array:1</span> [ &#8230;1]
      \"<span class=sf-dump-key>sec-fetch-site</span>\" => <span class=sf-dump-note>array:1</span> [ &#8230;1]
      \"<span class=sf-dump-key>sec-fetch-user</span>\" => <span class=sf-dump-note>array:1</span> [ &#8230;1]
      \"<span class=sf-dump-key>priority</span>\" => <span class=sf-dump-note>array:1</span> [ &#8230;1]
    </samp>]
    #<span class=sf-dump-protected title=\"Protected property\">cacheControl</span>: []
  </samp>}
  #<span class=sf-dump-protected title=\"Protected property\">content</span>: <span class=sf-dump-const>null</span>
  #<span class=sf-dump-protected title=\"Protected property\">languages</span>: <span class=sf-dump-const>null</span>
  #<span class=sf-dump-protected title=\"Protected property\">charsets</span>: <span class=sf-dump-const>null</span>
  #<span class=sf-dump-protected title=\"Protected property\">encodings</span>: <span class=sf-dump-const>null</span>
  #<span class=sf-dump-protected title=\"Protected property\">acceptableContentTypes</span>: <span class=sf-dump-const>null</span>
  #<span class=sf-dump-protected title=\"Protected property\">pathInfo</span>: \"<span class=sf-dump-str title=\"31 characters\">/actions/consultants_supervisor</span>\"
  #<span class=sf-dump-protected title=\"Protected property\">requestUri</span>: \"<span class=sf-dump-str title=\"31 characters\">/actions/consultants_supervisor</span>\"
  #<span class=sf-dump-protected title=\"Protected property\">baseUrl</span>: \"\"
  #<span class=sf-dump-protected title=\"Protected property\">basePath</span>: <span class=sf-dump-const>null</span>
  #<span class=sf-dump-protected title=\"Protected property\">method</span>: \"<span class=sf-dump-str title=\"3 characters\">GET</span>\"
  #<span class=sf-dump-protected title=\"Protected property\">format</span>: <span class=sf-dump-const>null</span>
  #<span class=sf-dump-protected title=\"Protected property\">session</span>: <span class=sf-dump-note title=\"Illuminate\\Session\\Store
\"><span class=\"sf-dump-ellipsis sf-dump-ellipsis-note\">Illuminate\\Session</span><span class=\"sf-dump-ellipsis sf-dump-ellipsis-note\">\\</span>Store</span> {<a class=sf-dump-ref>#1728</a><samp data-depth=2 class=sf-dump-compact>
    #<span class=sf-dump-protected title=\"Protected property\">id</span>: \"<span class=sf-dump-str title=\"40 characters\">aBWZs3xkCIRmRTFtKcKklUGqSS4C1XMFqLfuC6Rk</span>\"
    #<span class=sf-dump-protected title=\"Protected property\">name</span>: \"<span class=sf-dump-str title=\"49 characters\">dieuthinsi_pe_akhaias_hlektronikes_formes_session</span>\"
    #<span class=sf-dump-protected title=\"Protected property\">attributes</span>: <span class=sf-dump-note>array:4</span> [<samp data-depth=3 class=sf-dump-compact>
      \"<span class=sf-dump-key>_token</span>\" => \"<span class=sf-dump-str title=\"40 characters\">w7YF2vMfMfKzH03DJWOvxCtzcI3IgsLoCI6eekGY</span>\"
      \"<span class=sf-dump-key>login_consultant_59ba36addc2b2f9401580f014c7f58ea4e30989d</span>\" => <span class=sf-dump-num>6</span>
      \"<span class=sf-dump-key>_flash</span>\" => <span class=sf-dump-note>array:2</span> [ &#8230;2]
      \"<span class=sf-dump-key>_previous</span>\" => <span class=sf-dump-note>array:1</span> [ &#8230;1]
    </samp>]
    #<span class=sf-dump-protected title=\"Protected property\">handler</span>: <span class=sf-dump-note title=\"Illuminate\\Session\\FileSessionHandler
\"><span class=\"sf-dump-ellipsis sf-dump-ellipsis-note\">Illuminate\\Session</span><span class=\"sf-dump-ellipsis sf-dump-ellipsis-note\">\\</span>FileSessionHandler</span> {<a class=sf-dump-ref>#1727</a><samp data-depth=3 class=sf-dump-compact>
      #<span class=sf-dump-protected title=\"Protected property\">files</span>: <span class=sf-dump-note title=\"Illuminate\\Filesystem\\Filesystem
\"><span class=\"sf-dump-ellipsis sf-dump-ellipsis-note\">Illuminate\\Filesystem</span><span class=\"sf-dump-ellipsis sf-dump-ellipsis-note\">\\</span>Filesystem</span> {<a class=sf-dump-ref>#169</a>}
      #<span class=sf-dump-protected title=\"Protected property\">path</span>: \"<span class=sf-dump-str title=\"65 characters\">C:\\Users\\stefanopoulos\\Desktop\\e-forms\\storage\\framework/sessions</span>\"
      #<span class=sf-dump-protected title=\"Protected property\">minutes</span>: \"<span class=sf-dump-str title=\"3 characters\">120</span>\"
    </samp>}
    #<span class=sf-dump-protected title=\"Protected property\">serialization</span>: \"<span class=sf-dump-str title=\"3 characters\">php</span>\"
    #<span class=sf-dump-protected title=\"Protected property\">started</span>: <span class=sf-dump-const>true</span>
  </samp>}
  #<span class=sf-dump-protected title=\"Protected property\">locale</span>: <span class=sf-dump-const>null</span>
  #<span class=sf-dump-protected title=\"Protected property\">defaultLocale</span>: \"<span class=sf-dump-str title=\"2 characters\">en</span>\"
  -<span class=sf-dump-private title=\"Private property defined in class:&#10;`Symfony\\Component\\HttpFoundation\\Request`\">preferredFormat</span>: <span class=sf-dump-const>null</span>
  -<span class=sf-dump-private title=\"Private property defined in class:&#10;`Symfony\\Component\\HttpFoundation\\Request`\">isHostValid</span>: <span class=sf-dump-const>true</span>
  -<span class=sf-dump-private title=\"Private property defined in class:&#10;`Symfony\\Component\\HttpFoundation\\Request`\">isForwardedValid</span>: <span class=sf-dump-const>true</span>
  #<span class=sf-dump-protected title=\"Protected property\">json</span>: <span class=sf-dump-const>null</span>
  #<span class=sf-dump-protected title=\"Protected property\">convertedFiles</span>: []
  #<span class=sf-dump-protected title=\"Protected property\">userResolver</span>: <span class=sf-dump-note>Closure($guard = null)</span> {<a class=sf-dump-ref>#1582</a><samp data-depth=2 class=sf-dump-compact>
    <span class=sf-dump-meta>class</span>: \"<span class=sf-dump-str title=\"Illuminate\\Auth\\AuthServiceProvider
35 characters\"><span class=\"sf-dump-ellipsis sf-dump-ellipsis-class\">Illuminate\\Auth</span><span class=\"sf-dump-ellipsis sf-dump-ellipsis-class\">\\</span>AuthServiceProvider</span>\"
    <span class=sf-dump-meta>this</span>: <span class=sf-dump-note title=\"Illuminate\\Auth\\AuthServiceProvider
\"><span class=\"sf-dump-ellipsis sf-dump-ellipsis-note\">Illuminate\\Auth</span><span class=\"sf-dump-ellipsis sf-dump-ellipsis-note\">\\</span>AuthServiceProvider</span> {<a class=sf-dump-ref>#165</a> &#8230;}
    <span class=sf-dump-meta>use</span>: {<samp data-depth=3 class=sf-dump-compact>
      <span class=sf-dump-meta>$app</span>: <span class=sf-dump-note title=\"Illuminate\\Foundation\\Application
\"><span class=\"sf-dump-ellipsis sf-dump-ellipsis-note\">Illuminate\\Foundation</span><span class=\"sf-dump-ellipsis sf-dump-ellipsis-note\">\\</span>Application</span> {<a class=sf-dump-ref>#2</a> &#8230;}
    </samp>}
    <span class=sf-dump-meta>file</span>: \"<span class=sf-dump-str title=\"C:\\Users\\stefanopoulos\\Desktop\\e-forms\\vendor\\laravel\\framework\\src\\Illuminate\\Auth\\AuthServiceProvider.php
107 characters\"><span class=\"sf-dump-ellipsis sf-dump-ellipsis-path\">C:\\Users\\stefanopoulos\\Desktop\\e-forms\\vendor</span><span class=\"sf-dump-ellipsis sf-dump-ellipsis-path\">\\laravel\\framework\\</span>src\\Illuminate\\Auth\\AuthServiceProvider.php</span>\"
    <span class=sf-dump-meta>line</span>: \"<span class=sf-dump-str title=\"8 characters\">88 to 90</span>\"
  </samp>}
  #<span class=sf-dump-protected title=\"Protected property\">routeResolver</span>: <span class=sf-dump-note>Closure()</span> {<a class=sf-dump-ref>#1591</a><samp data-depth=2 class=sf-dump-compact>
    <span class=sf-dump-meta>class</span>: \"<span class=sf-dump-str title=\"Illuminate\\Routing\\Router
25 characters\"><span class=\"sf-dump-ellipsis sf-dump-ellipsis-class\">Illuminate\\Routing</span><span class=\"sf-dump-ellipsis sf-dump-ellipsis-class\">\\</span>Router</span>\"
    <span class=sf-dump-meta>this</span>: <span class=sf-dump-note title=\"Illuminate\\Routing\\Router
\"><span class=\"sf-dump-ellipsis sf-dump-ellipsis-note\">Illuminate\\Routing</span><span class=\"sf-dump-ellipsis sf-dump-ellipsis-note\">\\</span>Router</span> {<a class=sf-dump-ref>#27</a> &#8230;}
    <span class=sf-dump-meta>use</span>: {<samp data-depth=3 class=sf-dump-compact>
      <span class=sf-dump-meta>$route</span>: <span class=sf-dump-note title=\"Illuminate\\Routing\\Route
\"><span class=\"sf-dump-ellipsis sf-dump-ellipsis-note\">Illuminate\\Routing</span><span class=\"sf-dump-ellipsis sf-dump-ellipsis-note\">\\</span>Route</span> {<a class=sf-dump-ref>#1427</a> &#8230;}
    </samp>}
    <span class=sf-dump-meta>file</span>: \"<span class=sf-dump-str title=\"C:\\Users\\stefanopoulos\\Desktop\\e-forms\\vendor\\laravel\\framework\\src\\Illuminate\\Routing\\Router.php
97 characters\"><span class=\"sf-dump-ellipsis sf-dump-ellipsis-path\">C:\\Users\\stefanopoulos\\Desktop\\e-forms\\vendor</span><span class=\"sf-dump-ellipsis sf-dump-ellipsis-path\">\\laravel\\framework\\</span>src\\Illuminate\\Routing\\Router.php</span>\"
    <span class=sf-dump-meta>line</span>: \"<span class=sf-dump-str title=\"10 characters\">771 to 771</span>\"
  </samp>}
  <span class=sf-dump-meta>basePath</span>: \"\"
  <span class=sf-dump-meta>format</span>: \"<span class=sf-dump-str title=\"4 characters\">html</span>\"
</samp>}
</pre><script>Sfdump(\"sf-dump-1055073911\", {\"maxDepth\":3,\"maxStringLength\":160})</script>
"}},"exception":"[object] (Spatie\\LaravelIgnition\\Exceptions\\ViewException(code: 0): Attempt to read property \"id\" on null at C:\\Users\\stefanopoulos\\Desktop\\e-forms\\resources\\views\\microapps\\actions\\index_school.blade.php:138)
[stacktrace]
#0 C:\\Users\\stefanopoulos\\Desktop\\e-forms\\vendor\\laravel\\framework\\src\\Illuminate\\Foundation\\Bootstrap\\HandleExceptions.php(254): Illuminate\\Foundation\\Bootstrap\\HandleExceptions->handleError(2, 'Attempt to read...', 'C:\\\\Users\\\\stefan...', 148)
#1 C:\\Users\\stefanopoulos\\Desktop\\e-forms\\resources\\views\\microapps\\actions\\index_school.blade.php(138): Illuminate\\Foundation\\Bootstrap\\HandleExceptions->Illuminate\\Foundation\\Bootstrap\\{closure}(2, 'Attempt to read...', 'C:\\\\Users\\\\stefan...', 148)
#2 C:\\Users\\stefanopoulos\\Desktop\\e-forms\\vendor\\laravel\\framework\\src\\Illuminate\\Filesystem\\Filesystem.php(124): require('C:\\\\Users\\\\stefan...')
#3 C:\\Users\\stefanopoulos\\Desktop\\e-forms\\vendor\\laravel\\framework\\src\\Illuminate\\Filesystem\\Filesystem.php(125): Illuminate\\Filesystem\\Filesystem::Illuminate\\Filesystem\\{closure}()
#4 C:\\Users\\stefanopoulos\\Desktop\\e-forms\\vendor\\laravel\\framework\\src\\Illuminate\\View\\Engines\\PhpEngine.php(58): Illuminate\\Filesystem\\Filesystem->getRequire('C:\\\\Users\\\\stefan...', Array)
#5 C:\\Users\\stefanopoulos\\Desktop\\e-forms\\vendor\\laravel\\framework\\src\\Illuminate\\View\\Engines\\CompilerEngine.php(70): Illuminate\\View\\Engines\\PhpEngine->evaluatePath('C:\\\\Users\\\\stefan...', Array)
#6 C:\\Users\\stefanopoulos\\Desktop\\e-forms\\vendor\\laravel\\framework\\src\\Illuminate\\View\\View.php(195): Illuminate\\View\\Engines\\CompilerEngine->get('C:\\\\Users\\\\stefan...', Array)
#7 C:\\Users\\stefanopoulos\\Desktop\\e-forms\\vendor\\laravel\\framework\\src\\Illuminate\\View\\View.php(178): Illuminate\\View\\View->getContents()
#8 C:\\Users\\stefanopoulos\\Desktop\\e-forms\\vendor\\laravel\\framework\\src\\Illuminate\\View\\View.php(147): Illuminate\\View\\View->renderContents()
#9 C:\\Users\\stefanopoulos\\Desktop\\e-forms\\vendor\\laravel\\framework\\src\\Illuminate\\Http\\Response.php(69): Illuminate\\View\\View->render()
#10 C:\\Users\\stefanopoulos\\Desktop\\e-forms\\vendor\\laravel\\framework\\src\\Illuminate\\Http\\Response.php(35): Illuminate\\Http\\Response->setContent(Object(Illuminate\\View\\View))
#11 C:\\Users\\stefanopoulos\\Desktop\\e-forms\\vendor\\laravel\\framework\\src\\Illuminate\\Routing\\Router.php(906): Illuminate\\Http\\Response->__construct(Object(Illuminate\\View\\View), 200, Array)
#12 C:\\Users\\stefanopoulos\\Desktop\\e-forms\\vendor\\laravel\\framework\\src\\Illuminate\\Routing\\Router.php(875): Illuminate\\Routing\\Router::toResponse(Object(Illuminate\\Http\\Request), Object(Illuminate\\View\\View))
#13 C:\\Users\\stefanopoulos\\Desktop\\e-forms\\vendor\\laravel\\framework\\src\\Illuminate\\Routing\\Router.php(797): Illuminate\\Routing\\Router->prepareResponse(Object(Illuminate\\Http\\Request), Object(Illuminate\\View\\View))
#14 C:\\Users\\stefanopoulos\\Desktop\\e-forms\\vendor\\laravel\\framework\\src\\Illuminate\\Pipeline\\Pipeline.php(141): Illuminate\\Routing\\Router->Illuminate\\Routing\\{closure}(Object(Illuminate\\Http\\Request))
#15 C:\\Users\\stefanopoulos\\Desktop\\e-forms\\vendor\\laravel\\framework\\src\\Illuminate\\Routing\\Middleware\\SubstituteBindings.php(50): Illuminate\\Pipeline\\Pipeline->Illuminate\\Pipeline\\{closure}(Object(Illuminate\\Http\\Request))
#16 C:\\Users\\stefanopoulos\\Desktop\\e-forms\\vendor\\laravel\\framework\\src\\Illuminate\\Pipeline\\Pipeline.php(180): Illuminate\\Routing\\Middleware\\SubstituteBindings->handle(Object(Illuminate\\Http\\Request), Object(Closure))
#17 C:\\Users\\stefanopoulos\\Desktop\\e-forms\\vendor\\laravel\\framework\\src\\Illuminate\\Foundation\\Http\\Middleware\\VerifyCsrfToken.php(78): Illuminate\\Pipeline\\Pipeline->Illuminate\\Pipeline\\{closure}(Object(Illuminate\\Http\\Request))
#18 C:\\Users\\stefanopoulos\\Desktop\\e-forms\\vendor\\laravel\\framework\\src\\Illuminate\\Pipeline\\Pipeline.php(180): Illuminate\\Foundation\\Http\\Middleware\\VerifyCsrfToken->handle(Object(Illuminate\\Http\\Request), Object(Closure))
#19 C:\\Users\\stefanopoulos\\Desktop\\e-forms\\vendor\\laravel\\framework\\src\\Illuminate\\View\\Middleware\\ShareErrorsFromSession.php(49): Illuminate\\Pipeline\\Pipeline->Illuminate\\Pipeline\\{closure}(Object(Illuminate\\Http\\Request))
#20 C:\\Users\\stefanopoulos\\Desktop\\e-forms\\vendor\\laravel\\framework\\src\\Illuminate\\Pipeline\\Pipeline.php(180): Illuminate\\View\\Middleware\\ShareErrorsFromSession->handle(Object(Illuminate\\Http\\Request), Object(Closure))
#21 C:\\Users\\stefanopoulos\\Desktop\\e-forms\\vendor\\laravel\\framework\\src\\Illuminate\\Session\\Middleware\\StartSession.php(121): Illuminate\\Pipeline\\Pipeline->Illuminate\\Pipeline\\{closure}(Object(Illuminate\\Http\\Request))
#22 C:\\Users\\stefanopoulos\\Desktop\\e-forms\\vendor\\laravel\\framework\\src\\Illuminate\\Session\\Middleware\\StartSession.php(64): Illuminate\\Session\\Middleware\\StartSession->handleStatefulRequest(Object(Illuminate\\Http\\Request), Object(Illuminate\\Session\\Store), Object(Closure))
#23 C:\\Users\\stefanopoulos\\Desktop\\e-forms\\vendor\\laravel\\framework\\src\\Illuminate\\Pipeline\\Pipeline.php(180): Illuminate\\Session\\Middleware\\StartSession->handle(Object(Illuminate\\Http\\Request), Object(Closure))
#24 C:\\Users\\stefanopoulos\\Desktop\\e-forms\\vendor\\laravel\\framework\\src\\Illuminate\\Cookie\\Middleware\\AddQueuedCookiesToResponse.php(37): Illuminate\\Pipeline\\Pipeline->Illuminate\\Pipeline\\{closure}(Object(Illuminate\\Http\\Request))
#25 C:\\Users\\stefanopoulos\\Desktop\\e-forms\\vendor\\laravel\\framework\\src\\Illuminate\\Pipeline\\Pipeline.php(180): Illuminate\\Cookie\\Middleware\\AddQueuedCookiesToResponse->handle(Object(Illuminate\\Http\\Request), Object(Closure))
#26 C:\\Users\\stefanopoulos\\Desktop\\e-forms\\vendor\\laravel\\framework\\src\\Illuminate\\Cookie\\Middleware\\EncryptCookies.php(67): Illuminate\\Pipeline\\Pipeline->Illuminate\\Pipeline\\{closure}(Object(Illuminate\\Http\\Request))
#27 C:\\Users\\stefanopoulos\\Desktop\\e-forms\\vendor\\laravel\\framework\\src\\Illuminate\\Pipeline\\Pipeline.php(180): Illuminate\\Cookie\\Middleware\\EncryptCookies->handle(Object(Illuminate\\Http\\Request), Object(Closure))
#28 C:\\Users\\stefanopoulos\\Desktop\\e-forms\\vendor\\laravel\\framework\\src\\Illuminate\\Pipeline\\Pipeline.php(116): Illuminate\\Pipeline\\Pipeline->Illuminate\\Pipeline\\{closure}(Object(Illuminate\\Http\\Request))
#29 C:\\Users\\stefanopoulos\\Desktop\\e-forms\\vendor\\laravel\\framework\\src\\Illuminate\\Routing\\Router.php(797): Illuminate\\Pipeline\\Pipeline->then(Object(Closure))
#30 C:\\Users\\stefanopoulos\\Desktop\\e-forms\\vendor\\laravel\\framework\\src\\Illuminate\\Routing\\Router.php(776): Illuminate\\Routing\\Router->runRouteWithinStack(Object(Illuminate\\Routing\\Route), Object(Illuminate\\Http\\Request))
#31 C:\\Users\\stefanopoulos\\Desktop\\e-forms\\vendor\\laravel\\framework\\src\\Illuminate\\Routing\\Router.php(740): Illuminate\\Routing\\Router->runRoute(Object(Illuminate\\Http\\Request), Object(Illuminate\\Routing\\Route))
#32 C:\\Users\\stefanopoulos\\Desktop\\e-forms\\vendor\\laravel\\framework\\src\\Illuminate\\Routing\\Router.php(729): Illuminate\\Routing\\Router->dispatchToRoute(Object(Illuminate\\Http\\Request))
#33 C:\\Users\\stefanopoulos\\Desktop\\e-forms\\vendor\\laravel\\framework\\src\\Illuminate\\Foundation\\Http\\Kernel.php(200): Illuminate\\Routing\\Router->dispatch(Object(Illuminate\\Http\\Request))
#34 C:\\Users\\stefanopoulos\\Desktop\\e-forms\\vendor\\laravel\\framework\\src\\Illuminate\\Pipeline\\Pipeline.php(141): Illuminate\\Foundation\\Http\\Kernel->Illuminate\\Foundation\\Http\\{closure}(Object(Illuminate\\Http\\Request))
#35 C:\\Users\\stefanopoulos\\Desktop\\e-forms\\vendor\\laravel\\framework\\src\\Illuminate\\Foundation\\Http\\Middleware\\TransformsRequest.php(21): Illuminate\\Pipeline\\Pipeline->Illuminate\\Pipeline\\{closure}(Object(Illuminate\\Http\\Request))
#36 C:\\Users\\stefanopoulos\\Desktop\\e-forms\\vendor\\laravel\\framework\\src\\Illuminate\\Foundation\\Http\\Middleware\\ConvertEmptyStringsToNull.php(31): Illuminate\\Foundation\\Http\\Middleware\\TransformsRequest->handle(Object(Illuminate\\Http\\Request), Object(Closure))
#37 C:\\Users\\stefanopoulos\\Desktop\\e-forms\\vendor\\laravel\\framework\\src\\Illuminate\\Pipeline\\Pipeline.php(180): Illuminate\\Foundation\\Http\\Middleware\\ConvertEmptyStringsToNull->handle(Object(Illuminate\\Http\\Request), Object(Closure))
#38 C:\\Users\\stefanopoulos\\Desktop\\e-forms\\vendor\\laravel\\framework\\src\\Illuminate\\Foundation\\Http\\Middleware\\TransformsRequest.php(21): Illuminate\\Pipeline\\Pipeline->Illuminate\\Pipeline\\{closure}(Object(Illuminate\\Http\\Request))
#39 C:\\Users\\stefanopoulos\\Desktop\\e-forms\\vendor\\laravel\\framework\\src\\Illuminate\\Foundation\\Http\\Middleware\\TrimStrings.php(40): Illuminate\\Foundation\\Http\\Middleware\\TransformsRequest->handle(Object(Illuminate\\Http\\Request), Object(Closure))
#40 C:\\Users\\stefanopoulos\\Desktop\\e-forms\\vendor\\laravel\\framework\\src\\Illuminate\\Pipeline\\Pipeline.php(180): Illuminate\\Foundation\\Http\\Middleware\\TrimStrings->handle(Object(Illuminate\\Http\\Request), Object(Closure))
#41 C:\\Users\\stefanopoulos\\Desktop\\e-forms\\vendor\\laravel\\framework\\src\\Illuminate\\Foundation\\Http\\Middleware\\ValidatePostSize.php(27): Illuminate\\Pipeline\\Pipeline->Illuminate\\Pipeline\\{closure}(Object(Illuminate\\Http\\Request))
#42 C:\\Users\\stefanopoulos\\Desktop\\e-forms\\vendor\\laravel\\framework\\src\\Illuminate\\Pipeline\\Pipeline.php(180): Illuminate\\Foundation\\Http\\Middleware\\ValidatePostSize->handle(Object(Illuminate\\Http\\Request), Object(Closure))
#43 C:\\Users\\stefanopoulos\\Desktop\\e-forms\\vendor\\laravel\\framework\\src\\Illuminate\\Foundation\\Http\\Middleware\\PreventRequestsDuringMaintenance.php(86): Illuminate\\Pipeline\\Pipeline->Illuminate\\Pipeline\\{closure}(Object(Illuminate\\Http\\Request))
#44 C:\\Users\\stefanopoulos\\Desktop\\e-forms\\vendor\\laravel\\framework\\src\\Illuminate\\Pipeline\\Pipeline.php(180): Illuminate\\Foundation\\Http\\Middleware\\PreventRequestsDuringMaintenance->handle(Object(Illuminate\\Http\\Request), Object(Closure))
#45 C:\\Users\\stefanopoulos\\Desktop\\e-forms\\vendor\\laravel\\framework\\src\\Illuminate\\Http\\Middleware\\HandleCors.php(49): Illuminate\\Pipeline\\Pipeline->Illuminate\\Pipeline\\{closure}(Object(Illuminate\\Http\\Request))
#46 C:\\Users\\stefanopoulos\\Desktop\\e-forms\\vendor\\laravel\\framework\\src\\Illuminate\\Pipeline\\Pipeline.php(180): Illuminate\\Http\\Middleware\\HandleCors->handle(Object(Illuminate\\Http\\Request), Object(Closure))
#47 C:\\Users\\stefanopoulos\\Desktop\\e-forms\\vendor\\laravel\\framework\\src\\Illuminate\\Http\\Middleware\\TrustProxies.php(39): Illuminate\\Pipeline\\Pipeline->Illuminate\\Pipeline\\{closure}(Object(Illuminate\\Http\\Request))
#48 C:\\Users\\stefanopoulos\\Desktop\\e-forms\\vendor\\laravel\\framework\\src\\Illuminate\\Pipeline\\Pipeline.php(180): Illuminate\\Http\\Middleware\\TrustProxies->handle(Object(Illuminate\\Http\\Request), Object(Closure))
#49 C:\\Users\\stefanopoulos\\Desktop\\e-forms\\vendor\\laravel\\framework\\src\\Illuminate\\Pipeline\\Pipeline.php(116): Illuminate\\Pipeline\\Pipeline->Illuminate\\Pipeline\\{closure}(Object(Illuminate\\Http\\Request))
#50 C:\\Users\\stefanopoulos\\Desktop\\e-forms\\vendor\\laravel\\framework\\src\\Illuminate\\Foundation\\Http\\Kernel.php(175): Illuminate\\Pipeline\\Pipeline->then(Object(Closure))
#51 C:\\Users\\stefanopoulos\\Desktop\\e-forms\\vendor\\laravel\\framework\\src\\Illuminate\\Foundation\\Http\\Kernel.php(144): Illuminate\\Foundation\\Http\\Kernel->sendRequestThroughRouter(Object(Illuminate\\Http\\Request))
#52 C:\\Users\\stefanopoulos\\Desktop\\e-forms\\public\\index.php(51): Illuminate\\Foundation\\Http\\Kernel->handle(Object(Illuminate\\Http\\Request))
#53 C:\\Users\\stefanopoulos\\Desktop\\e-forms\\vendor\\laravel\\framework\\src\\Illuminate\\Foundation\\resources\\server.php(16): require_once('C:\\\\Users\\\\stefan...')
#54 {main}

[previous exception] [object] (ErrorException(code: 0): Attempt to read property \"id\" on null at C:\\Users\\stefanopoulos\\Desktop\\e-forms\\storage\\framework\\views\\67800a60a210fb128232c9846d71636c.php:148)
[stacktrace]
#0 C:\\Users\\stefanopoulos\\Desktop\\e-forms\\vendor\\laravel\\framework\\src\\Illuminate\\Foundation\\Bootstrap\\HandleExceptions.php(254): Illuminate\\Foundation\\Bootstrap\\HandleExceptions->handleError(2, 'Attempt to read...', 'C:\\\\Users\\\\stefan...', 148)
#1 C:\\Users\\stefanopoulos\\Desktop\\e-forms\\storage\\framework\\views\\67800a60a210fb128232c9846d71636c.php(148): Illuminate\\Foundation\\Bootstrap\\HandleExceptions->Illuminate\\Foundation\\Bootstrap\\{closure}(2, 'Attempt to read...', 'C:\\\\Users\\\\stefan...', 148)
#2 C:\\Users\\stefanopoulos\\Desktop\\e-forms\\vendor\\laravel\\framework\\src\\Illuminate\\Filesystem\\Filesystem.php(124): require('C:\\\\Users\\\\stefan...')
#3 C:\\Users\\stefanopoulos\\Desktop\\e-forms\\vendor\\laravel\\framework\\src\\Illuminate\\Filesystem\\Filesystem.php(125): Illuminate\\Filesystem\\Filesystem::Illuminate\\Filesystem\\{closure}()
#4 C:\\Users\\stefanopoulos\\Desktop\\e-forms\\vendor\\laravel\\framework\\src\\Illuminate\\View\\Engines\\PhpEngine.php(58): Illuminate\\Filesystem\\Filesystem->getRequire('C:\\\\Users\\\\stefan...', Array)
#5 C:\\Users\\stefanopoulos\\Desktop\\e-forms\\vendor\\laravel\\framework\\src\\Illuminate\\View\\Engines\\CompilerEngine.php(70): Illuminate\\View\\Engines\\PhpEngine->evaluatePath('C:\\\\Users\\\\stefan...', Array)
#6 C:\\Users\\stefanopoulos\\Desktop\\e-forms\\vendor\\laravel\\framework\\src\\Illuminate\\View\\View.php(195): Illuminate\\View\\Engines\\CompilerEngine->get('C:\\\\Users\\\\stefan...', Array)
#7 C:\\Users\\stefanopoulos\\Desktop\\e-forms\\vendor\\laravel\\framework\\src\\Illuminate\\View\\View.php(178): Illuminate\\View\\View->getContents()
#8 C:\\Users\\stefanopoulos\\Desktop\\e-forms\\vendor\\laravel\\framework\\src\\Illuminate\\View\\View.php(147): Illuminate\\View\\View->renderContents()
#9 C:\\Users\\stefanopoulos\\Desktop\\e-forms\\vendor\\laravel\\framework\\src\\Illuminate\\Http\\Response.php(69): Illuminate\\View\\View->render()
#10 C:\\Users\\stefanopoulos\\Desktop\\e-forms\\vendor\\laravel\\framework\\src\\Illuminate\\Http\\Response.php(35): Illuminate\\Http\\Response->setContent(Object(Illuminate\\View\\View))
#11 C:\\Users\\stefanopoulos\\Desktop\\e-forms\\vendor\\laravel\\framework\\src\\Illuminate\\Routing\\Router.php(906): Illuminate\\Http\\Response->__construct(Object(Illuminate\\View\\View), 200, Array)
#12 C:\\Users\\stefanopoulos\\Desktop\\e-forms\\vendor\\laravel\\framework\\src\\Illuminate\\Routing\\Router.php(875): Illuminate\\Routing\\Router::toResponse(Object(Illuminate\\Http\\Request), Object(Illuminate\\View\\View))
#13 C:\\Users\\stefanopoulos\\Desktop\\e-forms\\vendor\\laravel\\framework\\src\\Illuminate\\Routing\\Router.php(797): Illuminate\\Routing\\Router->prepareResponse(Object(Illuminate\\Http\\Request), Object(Illuminate\\View\\View))
#14 C:\\Users\\stefanopoulos\\Desktop\\e-forms\\vendor\\laravel\\framework\\src\\Illuminate\\Pipeline\\Pipeline.php(141): Illuminate\\Routing\\Router->Illuminate\\Routing\\{closure}(Object(Illuminate\\Http\\Request))
#15 C:\\Users\\stefanopoulos\\Desktop\\e-forms\\vendor\\laravel\\framework\\src\\Illuminate\\Routing\\Middleware\\SubstituteBindings.php(50): Illuminate\\Pipeline\\Pipeline->Illuminate\\Pipeline\\{closure}(Object(Illuminate\\Http\\Request))
#16 C:\\Users\\stefanopoulos\\Desktop\\e-forms\\vendor\\laravel\\framework\\src\\Illuminate\\Pipeline\\Pipeline.php(180): Illuminate\\Routing\\Middleware\\SubstituteBindings->handle(Object(Illuminate\\Http\\Request), Object(Closure))
#17 C:\\Users\\stefanopoulos\\Desktop\\e-forms\\vendor\\laravel\\framework\\src\\Illuminate\\Foundation\\Http\\Middleware\\VerifyCsrfToken.php(78): Illuminate\\Pipeline\\Pipeline->Illuminate\\Pipeline\\{closure}(Object(Illuminate\\Http\\Request))
#18 C:\\Users\\stefanopoulos\\Desktop\\e-forms\\vendor\\laravel\\framework\\src\\Illuminate\\Pipeline\\Pipeline.php(180): Illuminate\\Foundation\\Http\\Middleware\\VerifyCsrfToken->handle(Object(Illuminate\\Http\\Request), Object(Closure))
#19 C:\\Users\\stefanopoulos\\Desktop\\e-forms\\vendor\\laravel\\framework\\src\\Illuminate\\View\\Middleware\\ShareErrorsFromSession.php(49): Illuminate\\Pipeline\\Pipeline->Illuminate\\Pipeline\\{closure}(Object(Illuminate\\Http\\Request))
#20 C:\\Users\\stefanopoulos\\Desktop\\e-forms\\vendor\\laravel\\framework\\src\\Illuminate\\Pipeline\\Pipeline.php(180): Illuminate\\View\\Middleware\\ShareErrorsFromSession->handle(Object(Illuminate\\Http\\Request), Object(Closure))
#21 C:\\Users\\stefanopoulos\\Desktop\\e-forms\\vendor\\laravel\\framework\\src\\Illuminate\\Session\\Middleware\\StartSession.php(121): Illuminate\\Pipeline\\Pipeline->Illuminate\\Pipeline\\{closure}(Object(Illuminate\\Http\\Request))
#22 C:\\Users\\stefanopoulos\\Desktop\\e-forms\\vendor\\laravel\\framework\\src\\Illuminate\\Session\\Middleware\\StartSession.php(64): Illuminate\\Session\\Middleware\\StartSession->handleStatefulRequest(Object(Illuminate\\Http\\Request), Object(Illuminate\\Session\\Store), Object(Closure))
#23 C:\\Users\\stefanopoulos\\Desktop\\e-forms\\vendor\\laravel\\framework\\src\\Illuminate\\Pipeline\\Pipeline.php(180): Illuminate\\Session\\Middleware\\StartSession->handle(Object(Illuminate\\Http\\Request), Object(Closure))
#24 C:\\Users\\stefanopoulos\\Desktop\\e-forms\\vendor\\laravel\\framework\\src\\Illuminate\\Cookie\\Middleware\\AddQueuedCookiesToResponse.php(37): Illuminate\\Pipeline\\Pipeline->Illuminate\\Pipeline\\{closure}(Object(Illuminate\\Http\\Request))
#25 C:\\Users\\stefanopoulos\\Desktop\\e-forms\\vendor\\laravel\\framework\\src\\Illuminate\\Pipeline\\Pipeline.php(180): Illuminate\\Cookie\\Middleware\\AddQueuedCookiesToResponse->handle(Object(Illuminate\\Http\\Request), Object(Closure))
#26 C:\\Users\\stefanopoulos\\Desktop\\e-forms\\vendor\\laravel\\framework\\src\\Illuminate\\Cookie\\Middleware\\EncryptCookies.php(67): Illuminate\\Pipeline\\Pipeline->Illuminate\\Pipeline\\{closure}(Object(Illuminate\\Http\\Request))
#27 C:\\Users\\stefanopoulos\\Desktop\\e-forms\\vendor\\laravel\\framework\\src\\Illuminate\\Pipeline\\Pipeline.php(180): Illuminate\\Cookie\\Middleware\\EncryptCookies->handle(Object(Illuminate\\Http\\Request), Object(Closure))
#28 C:\\Users\\stefanopoulos\\Desktop\\e-forms\\vendor\\laravel\\framework\\src\\Illuminate\\Pipeline\\Pipeline.php(116): Illuminate\\Pipeline\\Pipeline->Illuminate\\Pipeline\\{closure}(Object(Illuminate\\Http\\Request))
#29 C:\\Users\\stefanopoulos\\Desktop\\e-forms\\vendor\\laravel\\framework\\src\\Illuminate\\Routing\\Router.php(797): Illuminate\\Pipeline\\Pipeline->then(Object(Closure))
#30 C:\\Users\\stefanopoulos\\Desktop\\e-forms\\vendor\\laravel\\framework\\src\\Illuminate\\Routing\\Router.php(776): Illuminate\\Routing\\Router->runRouteWithinStack(Object(Illuminate\\Routing\\Route), Object(Illuminate\\Http\\Request))
#31 C:\\Users\\stefanopoulos\\Desktop\\e-forms\\vendor\\laravel\\framework\\src\\Illuminate\\Routing\\Router.php(740): Illuminate\\Routing\\Router->runRoute(Object(Illuminate\\Http\\Request), Object(Illuminate\\Routing\\Route))
#32 C:\\Users\\stefanopoulos\\Desktop\\e-forms\\vendor\\laravel\\framework\\src\\Illuminate\\Routing\\Router.php(729): Illuminate\\Routing\\Router->dispatchToRoute(Object(Illuminate\\Http\\Request))
#33 C:\\Users\\stefanopoulos\\Desktop\\e-forms\\vendor\\laravel\\framework\\src\\Illuminate\\Foundation\\Http\\Kernel.php(200): Illuminate\\Routing\\Router->dispatch(Object(Illuminate\\Http\\Request))
#34 C:\\Users\\stefanopoulos\\Desktop\\e-forms\\vendor\\laravel\\framework\\src\\Illuminate\\Pipeline\\Pipeline.php(141): Illuminate\\Foundation\\Http\\Kernel->Illuminate\\Foundation\\Http\\{closure}(Object(Illuminate\\Http\\Request))
#35 C:\\Users\\stefanopoulos\\Desktop\\e-forms\\vendor\\laravel\\framework\\src\\Illuminate\\Foundation\\Http\\Middleware\\TransformsRequest.php(21): Illuminate\\Pipeline\\Pipeline->Illuminate\\Pipeline\\{closure}(Object(Illuminate\\Http\\Request))
#36 C:\\Users\\stefanopoulos\\Desktop\\e-forms\\vendor\\laravel\\framework\\src\\Illuminate\\Foundation\\Http\\Middleware\\ConvertEmptyStringsToNull.php(31): Illuminate\\Foundation\\Http\\Middleware\\TransformsRequest->handle(Object(Illuminate\\Http\\Request), Object(Closure))
#37 C:\\Users\\stefanopoulos\\Desktop\\e-forms\\vendor\\laravel\\framework\\src\\Illuminate\\Pipeline\\Pipeline.php(180): Illuminate\\Foundation\\Http\\Middleware\\ConvertEmptyStringsToNull->handle(Object(Illuminate\\Http\\Request), Object(Closure))
#38 C:\\Users\\stefanopoulos\\Desktop\\e-forms\\vendor\\laravel\\framework\\src\\Illuminate\\Foundation\\Http\\Middleware\\TransformsRequest.php(21): Illuminate\\Pipeline\\Pipeline->Illuminate\\Pipeline\\{closure}(Object(Illuminate\\Http\\Request))
#39 C:\\Users\\stefanopoulos\\Desktop\\e-forms\\vendor\\laravel\\framework\\src\\Illuminate\\Foundation\\Http\\Middleware\\TrimStrings.php(40): Illuminate\\Foundation\\Http\\Middleware\\TransformsRequest->handle(Object(Illuminate\\Http\\Request), Object(Closure))
#40 C:\\Users\\stefanopoulos\\Desktop\\e-forms\\vendor\\laravel\\framework\\src\\Illuminate\\Pipeline\\Pipeline.php(180): Illuminate\\Foundation\\Http\\Middleware\\TrimStrings->handle(Object(Illuminate\\Http\\Request), Object(Closure))
#41 C:\\Users\\stefanopoulos\\Desktop\\e-forms\\vendor\\laravel\\framework\\src\\Illuminate\\Foundation\\Http\\Middleware\\ValidatePostSize.php(27): Illuminate\\Pipeline\\Pipeline->Illuminate\\Pipeline\\{closure}(Object(Illuminate\\Http\\Request))
#42 C:\\Users\\stefanopoulos\\Desktop\\e-forms\\vendor\\laravel\\framework\\src\\Illuminate\\Pipeline\\Pipeline.php(180): Illuminate\\Foundation\\Http\\Middleware\\ValidatePostSize->handle(Object(Illuminate\\Http\\Request), Object(Closure))
#43 C:\\Users\\stefanopoulos\\Desktop\\e-forms\\vendor\\laravel\\framework\\src\\Illuminate\\Foundation\\Http\\Middleware\\PreventRequestsDuringMaintenance.php(86): Illuminate\\Pipeline\\Pipeline->Illuminate\\Pipeline\\{closure}(Object(Illuminate\\Http\\Request))
#44 C:\\Users\\stefanopoulos\\Desktop\\e-forms\\vendor\\laravel\\framework\\src\\Illuminate\\Pipeline\\Pipeline.php(180): Illuminate\\Foundation\\Http\\Middleware\\PreventRequestsDuringMaintenance->handle(Object(Illuminate\\Http\\Request), Object(Closure))
#45 C:\\Users\\stefanopoulos\\Desktop\\e-forms\\vendor\\laravel\\framework\\src\\Illuminate\\Http\\Middleware\\HandleCors.php(49): Illuminate\\Pipeline\\Pipeline->Illuminate\\Pipeline\\{closure}(Object(Illuminate\\Http\\Request))
#46 C:\\Users\\stefanopoulos\\Desktop\\e-forms\\vendor\\laravel\\framework\\src\\Illuminate\\Pipeline\\Pipeline.php(180): Illuminate\\Http\\Middleware\\HandleCors->handle(Object(Illuminate\\Http\\Request), Object(Closure))
#47 C:\\Users\\stefanopoulos\\Desktop\\e-forms\\vendor\\laravel\\framework\\src\\Illuminate\\Http\\Middleware\\TrustProxies.php(39): Illuminate\\Pipeline\\Pipeline->Illuminate\\Pipeline\\{closure}(Object(Illuminate\\Http\\Request))
#48 C:\\Users\\stefanopoulos\\Desktop\\e-forms\\vendor\\laravel\\framework\\src\\Illuminate\\Pipeline\\Pipeline.php(180): Illuminate\\Http\\Middleware\\TrustProxies->handle(Object(Illuminate\\Http\\Request), Object(Closure))
#49 C:\\Users\\stefanopoulos\\Desktop\\e-forms\\vendor\\laravel\\framework\\src\\Illuminate\\Pipeline\\Pipeline.php(116): Illuminate\\Pipeline\\Pipeline->Illuminate\\Pipeline\\{closure}(Object(Illuminate\\Http\\Request))
#50 C:\\Users\\stefanopoulos\\Desktop\\e-forms\\vendor\\laravel\\framework\\src\\Illuminate\\Foundation\\Http\\Kernel.php(175): Illuminate\\Pipeline\\Pipeline->then(Object(Closure))
#51 C:\\Users\\stefanopoulos\\Desktop\\e-forms\\vendor\\laravel\\framework\\src\\Illuminate\\Foundation\\Http\\Kernel.php(144): Illuminate\\Foundation\\Http\\Kernel->sendRequestThroughRouter(Object(Illuminate\\Http\\Request))
#52 C:\\Users\\stefanopoulos\\Desktop\\e-forms\\public\\index.php(51): Illuminate\\Foundation\\Http\\Kernel->handle(Object(Illuminate\\Http\\Request))
#53 C:\\Users\\stefanopoulos\\Desktop\\e-forms\\vendor\\laravel\\framework\\src\\Illuminate\\Foundation\\resources\\server.php(16): require_once('C:\\\\Users\\\\stefan...')
#54 {main}
"} 
